Order ID,Order Date,Ship Date,Ship Mode,Customer ID,Customer Name,Segment,Country,City,State,Region,Product ID,Category,Sub-Category,Product Name,Sales,Quantity,Discount,Profit,Order Priority
ORD-10001,2022-04-20,2022-04-20,Standard Class,CUS-3251,Customer CUS-3251,Corporate,United States,City_86,Illinois,East,PROD-42849,Office Supplies,Copiers,Copiers Product PROD-42849,109.89,2,0.05,64.03,High
ORD-10002,2023-09-28,2023-09-28,Second Class,CUS-5667,Customer CUS-5667,Corporate,United States,City_55,Ohio,Central,PROD-81651,Furniture,Accessories,Accessories Product PROD-81651,3292.36,9,0.20,2142.78,Low
ORD-10003,2022-11-28,2022-11-28,Same Day,CUS-4137,Customer CUS-4137,Consumer,United States,City_23,Florida,West,PROD-99288,Furniture,Storage,Storage Product PROD-99288,806.15,6,0.15,693.49,Critical
ORD-10004,2023-05-09,2023-05-09,Same Day,CUS-2034,Customer CUS-2034,Home Office,United States,City_25,Virginia,Central,PROD-29663,Technology,Binders,Binders Product PROD-29663,224.34,5,0.05,208.75,Critical
ORD-10005,2022-03-07,2022-03-07,First Class,CUS-3001,Customer CUS-3001,Consumer,United States,City_56,Ohio,West,PROD-53684,Furniture,Accessories,Accessories Product PROD-53684,4525.79,10,0.00,2661.69,Critical
ORD-10006,2024-11-04,2024-11-04,First Class,CUS-4186,Customer CUS-4186,Home Office,United States,City_30,Ohio,South,PROD-16441,Office Supplies,Storage,Storage Product PROD-16441,973.34,2,0.00,844.18,High
ORD-10007,2023-12-05,2023-12-05,Second Class,CUS-6803,Customer CUS-6803,Home Office,United States,City_68,Washington,Central,PROD-31856,Furniture,Chairs,Chairs Product PROD-31856,2596.63,10,0.00,1987.71,Low
ORD-10008,2024-05-10,2024-05-10,Second Class,CUS-4620,Customer CUS-4620,Corporate,United States,City_15,Washington,West,PROD-36132,Furniture,Phones,Phones Product PROD-36132,1241.00,7,0.00,1068.32,Critical
ORD-10009,2024-06-14,2024-06-14,Standard Class,CUS-7421,Customer CUS-7421,Consumer,United States,City_53,Pennsylvania,Central,PROD-22715,Technology,Bookcases,Bookcases Product PROD-22715,424.87,2,0.20,379.43,Critical
ORD-10010,2023-05-27,2023-05-27,Same Day,CUS-3101,Customer CUS-3101,Corporate,United States,City_87,Georgia,Central,PROD-18531,Furniture,Chairs,Chairs Product PROD-18531,514.08,10,0.20,364.18,Low
ORD-10011,2024-06-20,2024-06-20,Standard Class,CUS-8641,Customer CUS-8641,Corporate,United States,City_76,Virginia,East,PROD-76431,Office Supplies,Binders,Binders Product PROD-76431,161.18,2,0.05,94.40,Critical
ORD-10012,2024-06-24,2024-06-24,Standard Class,CUS-9499,Customer CUS-9499,Corporate,United States,City_64,Virginia,Central,PROD-65026,Technology,Binders,Binders Product PROD-65026,1201.02,3,0.00,948.72,Critical
ORD-10013,2023-01-19,2023-01-19,Standard Class,CUS-4718,Customer CUS-4718,Consumer,United States,City_87,Washington,West,PROD-65261,Furniture,Accessories,Accessories Product PROD-65261,227.33,6,0.00,163.95,Low
ORD-10014,2022-12-25,2022-12-25,First Class,CUS-5293,Customer CUS-5293,Consumer,United States,City_34,Ohio,East,PROD-86567,Furniture,Storage,Storage Product PROD-86567,679.06,3,0.00,512.73,High
ORD-10015,2022-08-12,2022-08-12,Same Day,CUS-1257,Customer CUS-1257,Consumer,United States,City_17,Pennsylvania,West,PROD-34967,Technology,Chairs,Chairs Product PROD-34967,1935.55,4,0.00,1283.63,High
ORD-10016,2024-07-25,2024-07-25,First Class,CUS-7420,Customer CUS-7420,Home Office,United States,City_55,Virginia,West,PROD-28240,Furniture,Storage,Storage Product PROD-28240,109.30,3,0.00,97.06,Critical
ORD-10017,2023-01-05,2023-01-05,Second Class,CUS-4839,Customer CUS-4839,Consumer,United States,City_81,Ohio,East,PROD-25483,Technology,Tables,Tables Product PROD-25483,290.05,1,0.00,229.93,Low
ORD-10018,2022-07-21,2022-07-21,Same Day,CUS-9375,Customer CUS-9375,Corporate,United States,City_93,California,Central,PROD-37166,Technology,Chairs,Chairs Product PROD-37166,330.46,7,0.00,273.98,Medium
ORD-10019,2022-09-07,2022-09-07,First Class,CUS-4562,Customer CUS-4562,Home Office,United States,City_27,Florida,West,PROD-69758,Technology,Bookcases,Bookcases Product PROD-69758,2347.79,8,0.00,2029.44,High
ORD-10020,2022-03-15,2022-03-15,Same Day,CUS-8297,Customer CUS-8297,Corporate,United States,City_24,Washington,Central,PROD-89537,Technology,Storage,Storage Product PROD-89537,4716.22,10,0.00,4054.45,High
ORD-10021,2023-08-28,2023-08-28,Standard Class,CUS-6680,Customer CUS-6680,Consumer,United States,City_67,Illinois,Central,PROD-10593,Technology,Laptops,Laptops Product PROD-10593,638.31,3,0.00,535.20,Low
ORD-10022,2023-03-12,2023-03-12,Same Day,CUS-3668,Customer CUS-3668,Consumer,United States,City_75,Texas,East,PROD-96644,Technology,Paper,Paper Product PROD-96644,1881.37,6,0.05,1459.44,High
ORD-10023,2023-07-12,2023-07-12,Standard Class,CUS-4674,Customer CUS-4674,Consumer,United States,City_33,Pennsylvania,West,PROD-10549,Furniture,Tables,Tables Product PROD-10549,1524.66,5,0.00,1131.14,Medium
ORD-10024,2022-09-05,2022-09-05,Same Day,CUS-1953,Customer CUS-1953,Corporate,United States,City_63,Pennsylvania,East,PROD-48532,Technology,Storage,Storage Product PROD-48532,3643.37,9,0.00,2988.93,Critical
ORD-10025,2024-09-09,2024-09-09,Standard Class,CUS-3832,Customer CUS-3832,Home Office,United States,City_70,Georgia,West,PROD-74021,Technology,Paper,Paper Product PROD-74021,382.92,1,0.20,297.79,Critical
ORD-10026,2022-02-12,2022-02-12,Second Class,CUS-8435,Customer CUS-8435,Home Office,United States,City_33,Pennsylvania,South,PROD-72679,Furniture,Binders,Binders Product PROD-72679,117.16,5,0.00,107.19,Low
ORD-10027,2023-10-24,2023-10-24,Standard Class,CUS-6028,Customer CUS-6028,Corporate,United States,City_4,Washington,West,PROD-12155,Technology,Accessories,Accessories Product PROD-12155,295.77,2,0.00,264.72,High
ORD-10028,2023-11-01,2023-11-01,First Class,CUS-7274,Customer CUS-7274,Corporate,United States,City_41,California,Central,PROD-54250,Technology,Bookcases,Bookcases Product PROD-54250,3754.91,9,0.00,2190.60,Low
ORD-10029,2022-07-03,2022-07-03,Standard Class,CUS-1995,Customer CUS-1995,Home Office,United States,City_21,Texas,East,PROD-83167,Technology,Binders,Binders Product PROD-83167,1327.72,3,0.05,915.66,High
ORD-10030,2023-10-28,2023-10-28,Second Class,CUS-5308,Customer CUS-5308,Corporate,United States,City_95,Illinois,West,PROD-50562,Furniture,Tables,Tables Product PROD-50562,71.45,6,0.00,42.96,Low
ORD-10031,2024-11-07,2024-11-07,Same Day,CUS-1401,Customer CUS-1401,Consumer,United States,City_68,Texas,South,PROD-46559,Furniture,Tables,Tables Product PROD-46559,2038.55,9,0.00,1457.95,Critical
ORD-10032,2022-01-21,2022-01-21,First Class,CUS-2526,Customer CUS-2526,Home Office,United States,City_9,Pennsylvania,South,PROD-74861,Office Supplies,Paper,Paper Product PROD-74861,1752.11,5,0.00,1246.51,High
ORD-10033,2022-06-10,2022-06-10,Second Class,CUS-7684,Customer CUS-7684,Consumer,United States,City_93,Washington,West,PROD-51885,Office Supplies,Accessories,Accessories Product PROD-51885,132.27,5,0.20,117.06,High
ORD-10034,2022-08-21,2022-08-21,Second Class,CUS-4981,Customer CUS-4981,Corporate,United States,City_33,Georgia,West,PROD-47217,Technology,Storage,Storage Product PROD-47217,2213.71,6,0.00,2060.26,Low
ORD-10035,2022-12-03,2022-12-03,Second Class,CUS-5877,Customer CUS-5877,Corporate,United States,City_74,New York,Central,PROD-75002,Office Supplies,Accessories,Accessories Product PROD-75002,2281.27,9,0.00,1875.96,Critical
ORD-10036,2023-04-09,2023-04-09,First Class,CUS-7565,Customer CUS-7565,Corporate,United States,City_57,Texas,West,PROD-89119,Technology,Tables,Tables Product PROD-89119,1136.84,10,0.00,872.41,High
ORD-10037,2022-02-13,2022-02-13,Same Day,CUS-2649,Customer CUS-2649,Home Office,United States,City_8,New York,West,PROD-17717,Office Supplies,Chairs,Chairs Product PROD-17717,99.61,6,0.05,89.42,High
ORD-10038,2023-07-06,2023-07-06,Same Day,CUS-1783,Customer CUS-1783,Consumer,United States,City_38,New York,East,PROD-97699,Furniture,Storage,Storage Product PROD-97699,704.49,2,0.00,455.55,High
ORD-10039,2023-03-17,2023-03-17,First Class,CUS-7069,Customer CUS-7069,Corporate,United States,City_19,Texas,West,PROD-98689,Technology,Phones,Phones Product PROD-98689,1753.77,6,0.00,1171.09,Medium
ORD-10040,2022-04-24,2022-04-24,First Class,CUS-8404,Customer CUS-8404,Home Office,United States,City_47,Virginia,Central,PROD-89130,Technology,Phones,Phones Product PROD-89130,1006.69,5,0.00,594.39,Low
ORD-10041,2023-06-09,2023-06-09,Same Day,CUS-3679,Customer CUS-3679,Corporate,United States,City_88,Georgia,East,PROD-20056,Technology,Bookcases,Bookcases Product PROD-20056,1019.20,5,0.00,871.06,Critical
ORD-10042,2023-08-12,2023-08-12,Standard Class,CUS-3617,Customer CUS-3617,Corporate,United States,City_33,Ohio,South,PROD-11429,Office Supplies,Storage,Storage Product PROD-11429,661.46,4,0.00,611.15,Low
ORD-10043,2023-07-02,2023-07-02,Same Day,CUS-2557,Customer CUS-2557,Corporate,United States,City_46,Pennsylvania,South,PROD-98709,Furniture,Binders,Binders Product PROD-98709,48.43,4,0.00,38.33,Medium
ORD-10044,2023-01-17,2023-01-17,Same Day,CUS-6418,Customer CUS-6418,Consumer,United States,City_82,Virginia,West,PROD-18298,Office Supplies,Bookcases,Bookcases Product PROD-18298,1699.61,7,0.00,947.51,Medium
ORD-10045,2024-06-21,2024-06-21,Second Class,CUS-7427,Customer CUS-7427,Home Office,United States,City_14,New York,South,PROD-41942,Furniture,Phones,Phones Product PROD-41942,3126.07,9,0.00,1862.76,High
ORD-10046,2022-03-12,2022-03-12,First Class,CUS-5393,Customer CUS-5393,Consumer,United States,City_29,California,Central,PROD-97507,Technology,Storage,Storage Product PROD-97507,2903.88,9,0.00,1928.37,Critical
ORD-10047,2023-02-04,2023-02-04,Same Day,CUS-5368,Customer CUS-5368,Consumer,United States,City_3,Illinois,Central,PROD-74124,Furniture,Copiers,Copiers Product PROD-74124,3278.10,10,0.05,2124.32,Medium
ORD-10048,2022-05-19,2022-05-19,Standard Class,CUS-6578,Customer CUS-6578,Corporate,United States,City_96,Florida,East,PROD-64349,Office Supplies,Laptops,Laptops Product PROD-64349,4208.80,10,0.00,2916.91,Critical
ORD-10049,2024-05-23,2024-05-23,Standard Class,CUS-5805,Customer CUS-5805,Corporate,United States,City_45,Washington,East,PROD-24776,Office Supplies,Tables,Tables Product PROD-24776,374.85,4,0.00,310.16,Low
ORD-10050,2024-03-06,2024-03-06,Second Class,CUS-8207,Customer CUS-8207,Consumer,United States,City_45,Ohio,South,PROD-73769,Technology,Bookcases,Bookcases Product PROD-73769,1321.07,5,0.00,1007.50,High
ORD-10051,2022-01-04,2022-01-04,Second Class,CUS-3662,Customer CUS-3662,Consumer,United States,City_87,Pennsylvania,West,PROD-19951,Furniture,Binders,Binders Product PROD-19951,2303.78,10,0.15,1504.99,Critical
ORD-10052,2024-04-09,2024-04-09,Standard Class,CUS-1251,Customer CUS-1251,Corporate,United States,City_81,Florida,East,PROD-35958,Technology,Binders,Binders Product PROD-35958,112.97,3,0.15,99.83,Medium
ORD-10053,2022-02-08,2022-02-08,First Class,CUS-4301,Customer CUS-4301,Consumer,United States,City_34,Illinois,South,PROD-33094,Furniture,Bookcases,Bookcases Product PROD-33094,3717.45,10,0.15,2706.91,Low
ORD-10054,2024-01-24,2024-01-24,Standard Class,CUS-2177,Customer CUS-2177,Corporate,United States,City_93,Florida,Central,PROD-86713,Technology,Storage,Storage Product PROD-86713,204.84,1,0.00,189.14,Low
ORD-10055,2023-02-11,2023-02-11,Same Day,CUS-6646,Customer CUS-6646,Corporate,United States,City_51,Washington,West,PROD-50982,Technology,Copiers,Copiers Product PROD-50982,221.95,5,0.00,198.69,Low
ORD-10056,2022-04-05,2022-04-05,Same Day,CUS-1132,Customer CUS-1132,Consumer,United States,City_75,New York,West,PROD-92270,Technology,Chairs,Chairs Product PROD-92270,383.75,5,0.10,257.35,Low
ORD-10057,2023-09-17,2023-09-17,Standard Class,CUS-1318,Customer CUS-1318,Consumer,United States,City_40,Florida,East,PROD-63932,Technology,Copiers,Copiers Product PROD-63932,3184.30,10,0.00,2604.54,Medium
ORD-10058,2023-09-07,2023-09-07,Standard Class,CUS-2286,Customer CUS-2286,Home Office,United States,City_54,Washington,South,PROD-42780,Office Supplies,Paper,Paper Product PROD-42780,2867.51,9,0.00,2554.05,High
ORD-10059,2023-12-03,2023-12-03,Standard Class,CUS-7340,Customer CUS-7340,Consumer,United States,City_50,Pennsylvania,South,PROD-15405,Technology,Copiers,Copiers Product PROD-15405,3422.93,7,0.00,2274.04,Low
ORD-10060,2024-12-18,2024-12-18,Same Day,CUS-9916,Customer CUS-9916,Consumer,United States,City_67,Ohio,South,PROD-23227,Furniture,Tables,Tables Product PROD-23227,2080.71,7,0.00,1658.60,High
ORD-10061,2023-11-06,2023-11-06,Same Day,CUS-3338,Customer CUS-3338,Consumer,United States,City_20,Georgia,West,PROD-84880,Technology,Copiers,Copiers Product PROD-84880,336.93,6,0.20,313.23,Critical
ORD-10062,2024-03-17,2024-03-17,Standard Class,CUS-7631,Customer CUS-7631,Corporate,United States,City_63,Illinois,East,PROD-37720,Technology,Binders,Binders Product PROD-37720,2708.50,7,0.15,2238.22,High
ORD-10063,2022-12-27,2022-12-27,Second Class,CUS-7908,Customer CUS-7908,Consumer,United States,City_61,Illinois,West,PROD-63935,Technology,Accessories,Accessories Product PROD-63935,1372.46,6,0.10,942.38,High
ORD-10064,2023-10-06,2023-10-06,Same Day,CUS-5571,Customer CUS-5571,Consumer,United States,City_48,California,South,PROD-45409,Office Supplies,Bookcases,Bookcases Product PROD-45409,2628.06,6,0.00,2100.95,Low
ORD-10065,2023-11-22,2023-11-22,Standard Class,CUS-4207,Customer CUS-4207,Consumer,United States,City_52,Virginia,Central,PROD-45679,Technology,Laptops,Laptops Product PROD-45679,20.83,1,0.00,11.57,Critical
ORD-10066,2024-01-09,2024-01-09,Same Day,CUS-7163,Customer CUS-7163,Home Office,United States,City_59,Texas,South,PROD-26375,Office Supplies,Storage,Storage Product PROD-26375,2209.50,6,0.00,1436.18,Critical
ORD-10067,2022-04-14,2022-04-14,Same Day,CUS-8964,Customer CUS-8964,Consumer,United States,City_91,Georgia,East,PROD-29310,Office Supplies,Phones,Phones Product PROD-29310,467.56,1,0.00,262.10,Critical
ORD-10068,2022-11-14,2022-11-14,First Class,CUS-6972,Customer CUS-6972,Consumer,United States,City_58,California,South,PROD-31993,Furniture,Paper,Paper Product PROD-31993,1095.33,3,0.00,692.24,High
ORD-10069,2022-06-13,2022-06-13,First Class,CUS-7031,Customer CUS-7031,Consumer,United States,City_71,Pennsylvania,South,PROD-15172,Office Supplies,Paper,Paper Product PROD-15172,319.63,1,0.00,221.90,Medium
ORD-10070,2024-07-26,2024-07-26,Second Class,CUS-2303,Customer CUS-2303,Corporate,United States,City_23,Florida,West,PROD-61357,Furniture,Storage,Storage Product PROD-61357,153.25,8,0.00,139.94,High
ORD-10071,2022-12-12,2022-12-12,Same Day,CUS-5166,Customer CUS-5166,Corporate,United States,City_73,Washington,East,PROD-14951,Office Supplies,Copiers,Copiers Product PROD-14951,210.69,1,0.00,134.98,Critical
ORD-10072,2023-11-02,2023-11-02,Standard Class,CUS-6459,Customer CUS-6459,Corporate,United States,City_11,Illinois,West,PROD-52663,Technology,Laptops,Laptops Product PROD-52663,737.22,6,0.00,470.16,Low
ORD-10073,2022-08-25,2022-08-25,First Class,CUS-9227,Customer CUS-9227,Corporate,United States,City_12,Virginia,South,PROD-47218,Technology,Binders,Binders Product PROD-47218,217.62,9,0.05,179.83,Medium
ORD-10074,2023-02-11,2023-02-11,First Class,CUS-8657,Customer CUS-8657,Consumer,United States,City_79,Illinois,West,PROD-43677,Furniture,Chairs,Chairs Product PROD-43677,589.99,5,0.00,325.33,Critical
ORD-10075,2022-07-03,2022-07-03,Second Class,CUS-5467,Customer CUS-5467,Corporate,United States,City_12,Illinois,West,PROD-89300,Technology,Bookcases,Bookcases Product PROD-89300,282.32,3,0.00,267.69,Critical
ORD-10076,2024-01-17,2024-01-17,Second Class,CUS-9776,Customer CUS-9776,Home Office,United States,City_78,Illinois,East,PROD-16943,Furniture,Storage,Storage Product PROD-16943,1343.74,3,0.00,974.58,Medium
ORD-10077,2023-10-13,2023-10-13,Standard Class,CUS-3884,Customer CUS-3884,Home Office,United States,City_80,Washington,East,PROD-84109,Furniture,Storage,Storage Product PROD-84109,2161.41,7,0.00,1978.47,Critical
ORD-10078,2023-09-22,2023-09-22,First Class,CUS-8558,Customer CUS-8558,Consumer,United States,City_70,California,East,PROD-78877,Furniture,Chairs,Chairs Product PROD-78877,584.87,4,0.15,375.16,High
ORD-10079,2022-03-09,2022-03-09,Second Class,CUS-2157,Customer CUS-2157,Corporate,United States,City_21,Georgia,South,PROD-76876,Office Supplies,Storage,Storage Product PROD-76876,633.90,3,0.05,383.29,Low
ORD-10080,2023-06-25,2023-06-25,First Class,CUS-6678,Customer CUS-6678,Consumer,United States,City_9,Virginia,Central,PROD-11792,Technology,Phones,Phones Product PROD-11792,539.75,3,0.00,313.74,High
ORD-10081,2023-06-25,2023-06-25,Second Class,CUS-6433,Customer CUS-6433,Consumer,United States,City_37,Georgia,West,PROD-17626,Office Supplies,Bookcases,Bookcases Product PROD-17626,1445.43,7,0.00,975.06,Low
ORD-10082,2022-07-03,2022-07-03,Standard Class,CUS-2077,Customer CUS-2077,Consumer,United States,City_17,Illinois,Central,PROD-59648,Furniture,Accessories,Accessories Product PROD-59648,455.09,1,0.00,319.00,Medium
ORD-10083,2024-06-20,2024-06-20,Same Day,CUS-8060,Customer CUS-8060,Corporate,United States,City_59,Florida,South,PROD-20854,Office Supplies,Phones,Phones Product PROD-20854,425.37,3,0.00,300.30,Medium
ORD-10084,2022-09-16,2022-09-16,Second Class,CUS-2044,Customer CUS-2044,Consumer,United States,City_62,California,South,PROD-80434,Furniture,Copiers,Copiers Product PROD-80434,2950.24,6,0.00,1796.26,Critical
ORD-10085,2024-09-15,2024-09-15,First Class,CUS-6689,Customer CUS-6689,Home Office,United States,City_74,Virginia,East,PROD-86777,Technology,Bookcases,Bookcases Product PROD-86777,492.88,1,0.00,408.39,Medium
ORD-10086,2022-10-27,2022-10-27,Same Day,CUS-7585,Customer CUS-7585,Consumer,United States,City_9,Texas,East,PROD-20370,Furniture,Storage,Storage Product PROD-20370,833.99,10,0.00,508.62,Critical
ORD-10087,2022-02-18,2022-02-18,Second Class,CUS-5455,Customer CUS-5455,Consumer,United States,City_97,Washington,West,PROD-25095,Technology,Tables,Tables Product PROD-25095,152.48,5,0.00,141.78,Critical
ORD-10088,2022-12-26,2022-12-26,Same Day,CUS-1298,Customer CUS-1298,Home Office,United States,City_90,Virginia,East,PROD-40340,Technology,Phones,Phones Product PROD-40340,560.77,5,0.00,393.89,High
ORD-10089,2022-08-16,2022-08-16,Same Day,CUS-7426,Customer CUS-7426,Home Office,United States,City_50,California,East,PROD-13163,Technology,Paper,Paper Product PROD-13163,169.31,3,0.05,149.66,Low
ORD-10090,2024-10-28,2024-10-28,Same Day,CUS-3952,Customer CUS-3952,Home Office,United States,City_91,Ohio,East,PROD-60934,Technology,Bookcases,Bookcases Product PROD-60934,3093.22,8,0.00,2240.09,High
ORD-10091,2024-06-06,2024-06-06,Second Class,CUS-3064,Customer CUS-3064,Consumer,United States,City_34,Washington,West,PROD-21914,Furniture,Chairs,Chairs Product PROD-21914,808.59,10,0.00,680.11,Low
ORD-10092,2024-08-28,2024-08-28,First Class,CUS-5832,Customer CUS-5832,Corporate,United States,City_36,Texas,West,PROD-61724,Office Supplies,Phones,Phones Product PROD-61724,309.85,5,0.00,246.07,High
ORD-10093,2023-11-27,2023-11-27,Standard Class,CUS-1608,Customer CUS-1608,Corporate,United States,City_66,New York,Central,PROD-19449,Office Supplies,Tables,Tables Product PROD-19449,1625.23,9,0.00,1134.96,Low
ORD-10094,2022-12-12,2022-12-12,Second Class,CUS-9959,Customer CUS-9959,Consumer,United States,City_44,Florida,East,PROD-73856,Technology,Binders,Binders Product PROD-73856,1446.61,3,0.00,930.91,Low
ORD-10095,2024-08-24,2024-08-24,Standard Class,CUS-9584,Customer CUS-9584,Corporate,United States,City_76,Georgia,South,PROD-40248,Technology,Storage,Storage Product PROD-40248,469.47,5,0.00,408.68,High
ORD-10096,2023-11-28,2023-11-28,Standard Class,CUS-7267,Customer CUS-7267,Home Office,United States,City_75,Virginia,South,PROD-49125,Technology,Phones,Phones Product PROD-49125,648.72,2,0.15,605.46,Critical
ORD-10097,2024-06-20,2024-06-20,Second Class,CUS-1252,Customer CUS-1252,Home Office,United States,City_28,Florida,East,PROD-67358,Technology,Bookcases,Bookcases Product PROD-67358,630.75,10,0.00,555.43,Low
ORD-10098,2022-10-25,2022-10-25,First Class,CUS-3748,Customer CUS-3748,Corporate,United States,City_77,Florida,East,PROD-74555,Furniture,Phones,Phones Product PROD-74555,3090.28,7,0.05,2112.21,Medium
ORD-10099,2024-04-16,2024-04-16,Second Class,CUS-2848,Customer CUS-2848,Corporate,United States,City_99,California,Central,PROD-65926,Technology,Binders,Binders Product PROD-65926,3957.18,10,0.00,2458.32,Medium
ORD-10100,2024-07-07,2024-07-07,First Class,CUS-9686,Customer CUS-9686,Home Office,United States,City_73,Washington,South,PROD-52966,Office Supplies,Phones,Phones Product PROD-52966,256.87,3,0.00,192.63,High
ORD-10101,2024-01-15,2024-01-15,First Class,CUS-2116,Customer CUS-2116,Consumer,United States,City_41,New York,South,PROD-13788,Technology,Copiers,Copiers Product PROD-13788,3989.83,10,0.00,2833.09,Medium
ORD-10102,2023-04-06,2023-04-06,Standard Class,CUS-7104,Customer CUS-7104,Consumer,United States,City_16,Virginia,East,PROD-83692,Furniture,Binders,Binders Product PROD-83692,1596.06,7,0.00,1342.94,Low
ORD-10103,2022-10-15,2022-10-15,First Class,CUS-6076,Customer CUS-6076,Corporate,United States,City_97,Washington,West,PROD-59993,Office Supplies,Storage,Storage Product PROD-59993,111.15,1,0.00,70.73,Medium
ORD-10104,2024-03-13,2024-03-13,Second Class,CUS-3484,Customer CUS-3484,Consumer,United States,City_14,Virginia,Central,PROD-41739,Office Supplies,Binders,Binders Product PROD-41739,1692.30,7,0.00,989.96,Low
ORD-10105,2024-09-04,2024-09-04,Standard Class,CUS-6979,Customer CUS-6979,Consumer,United States,City_10,Ohio,West,PROD-30726,Office Supplies,Binders,Binders Product PROD-30726,115.73,1,0.00,98.81,High
ORD-10106,2023-12-23,2023-12-23,First Class,CUS-2457,Customer CUS-2457,Consumer,United States,City_25,Georgia,Central,PROD-54258,Office Supplies,Binders,Binders Product PROD-54258,914.40,3,0.10,737.40,Critical
ORD-10107,2023-12-28,2023-12-28,Second Class,CUS-2832,Customer CUS-2832,Consumer,United States,City_21,Texas,Central,PROD-51639,Office Supplies,Laptops,Laptops Product PROD-51639,3654.80,10,0.20,2691.34,Medium
ORD-10108,2022-08-20,2022-08-20,Second Class,CUS-2684,Customer CUS-2684,Home Office,United States,City_3,Florida,Central,PROD-92523,Technology,Chairs,Chairs Product PROD-92523,148.53,5,0.00,127.10,Medium
ORD-10109,2023-01-20,2023-01-20,First Class,CUS-2351,Customer CUS-2351,Home Office,United States,City_71,California,South,PROD-72766,Furniture,Accessories,Accessories Product PROD-72766,913.70,9,0.15,803.53,Medium
ORD-10110,2022-09-16,2022-09-16,Second Class,CUS-5092,Customer CUS-5092,Home Office,United States,City_79,Virginia,South,PROD-30236,Office Supplies,Accessories,Accessories Product PROD-30236,2781.13,9,0.15,2337.67,Medium
ORD-10111,2022-08-28,2022-08-28,Second Class,CUS-7221,Customer CUS-7221,Home Office,United States,City_57,Washington,East,PROD-53936,Furniture,Tables,Tables Product PROD-53936,313.45,6,0.00,193.88,Medium
ORD-10112,2023-11-07,2023-11-07,First Class,CUS-5060,Customer CUS-5060,Consumer,United States,City_86,Illinois,South,PROD-80997,Technology,Laptops,Laptops Product PROD-80997,2819.45,9,0.00,1623.62,Critical
ORD-10113,2024-11-16,2024-11-16,Same Day,CUS-1407,Customer CUS-1407,Home Office,United States,City_45,Pennsylvania,South,PROD-58041,Office Supplies,Accessories,Accessories Product PROD-58041,343.68,1,0.00,259.72,Medium
ORD-10114,2024-08-06,2024-08-06,Second Class,CUS-9829,Customer CUS-9829,Consumer,United States,City_61,Georgia,South,PROD-76293,Office Supplies,Paper,Paper Product PROD-76293,2341.07,6,0.00,2118.06,High
ORD-10115,2023-07-05,2023-07-05,Second Class,CUS-7144,Customer CUS-7144,Home Office,United States,City_58,Ohio,Central,PROD-12814,Technology,Paper,Paper Product PROD-12814,4527.21,10,0.00,2735.75,Medium
ORD-10116,2022-05-01,2022-05-01,Standard Class,CUS-7749,Customer CUS-7749,Home Office,United States,City_9,Texas,Central,PROD-55025,Technology,Accessories,Accessories Product PROD-55025,3825.78,10,0.00,2156.95,Low
ORD-10117,2022-12-20,2022-12-20,Second Class,CUS-7709,Customer CUS-7709,Consumer,United States,City_38,Pennsylvania,East,PROD-52848,Office Supplies,Chairs,Chairs Product PROD-52848,592.34,6,0.00,432.59,Medium
ORD-10118,2022-04-15,2022-04-15,Same Day,CUS-1281,Customer CUS-1281,Home Office,United States,City_13,Virginia,West,PROD-60729,Technology,Tables,Tables Product PROD-60729,3289.12,7,0.00,2520.43,Medium
ORD-10119,2022-09-24,2022-09-24,First Class,CUS-3693,Customer CUS-3693,Corporate,United States,City_12,Georgia,Central,PROD-61073,Technology,Laptops,Laptops Product PROD-61073,2239.51,8,0.00,1452.37,Medium
ORD-10120,2024-12-16,2024-12-16,Second Class,CUS-1918,Customer CUS-1918,Home Office,United States,City_91,Ohio,Central,PROD-27533,Technology,Phones,Phones Product PROD-27533,1333.83,3,0.10,1221.88,High
ORD-10121,2022-06-23,2022-06-23,Standard Class,CUS-4429,Customer CUS-4429,Consumer,United States,City_24,California,South,PROD-92133,Furniture,Accessories,Accessories Product PROD-92133,979.67,7,0.10,649.85,High
ORD-10122,2024-12-17,2024-12-17,First Class,CUS-7922,Customer CUS-7922,Consumer,United States,City_67,Virginia,East,PROD-60763,Office Supplies,Binders,Binders Product PROD-60763,1323.75,8,0.00,1143.46,Medium
ORD-10123,2024-02-20,2024-02-20,Same Day,CUS-6436,Customer CUS-6436,Corporate,United States,City_27,Texas,Central,PROD-19335,Furniture,Copiers,Copiers Product PROD-19335,190.39,1,0.20,160.91,Low
ORD-10124,2024-10-22,2024-10-22,Same Day,CUS-3862,Customer CUS-3862,Corporate,United States,City_48,New York,South,PROD-99770,Office Supplies,Copiers,Copiers Product PROD-99770,4346.29,9,0.00,4007.21,Critical
ORD-10125,2024-05-07,2024-05-07,Standard Class,CUS-4051,Customer CUS-4051,Corporate,United States,City_46,Illinois,South,PROD-47566,Technology,Storage,Storage Product PROD-47566,874.27,2,0.00,780.78,High
ORD-10126,2022-06-04,2022-06-04,Second Class,CUS-2191,Customer CUS-2191,Home Office,United States,City_79,New York,South,PROD-88315,Office Supplies,Paper,Paper Product PROD-88315,944.30,6,0.00,684.22,Medium
ORD-10127,2023-10-24,2023-10-24,First Class,CUS-3361,Customer CUS-3361,Home Office,United States,City_60,Florida,South,PROD-36335,Technology,Chairs,Chairs Product PROD-36335,1110.81,3,0.00,776.81,Low
ORD-10128,2024-04-27,2024-04-27,Standard Class,CUS-8370,Customer CUS-8370,Home Office,United States,City_5,Illinois,South,PROD-22857,Office Supplies,Copiers,Copiers Product PROD-22857,1879.00,6,0.00,1310.43,Medium
ORD-10129,2023-04-26,2023-04-26,Standard Class,CUS-2744,Customer CUS-2744,Consumer,United States,City_48,Florida,South,PROD-14671,Office Supplies,Phones,Phones Product PROD-14671,567.22,8,0.20,420.07,Medium
ORD-10130,2024-02-12,2024-02-12,Standard Class,CUS-6100,Customer CUS-6100,Home Office,United States,City_52,California,Central,PROD-76787,Furniture,Paper,Paper Product PROD-76787,1114.95,3,0.05,663.41,Critical
ORD-10131,2024-04-09,2024-04-09,Standard Class,CUS-4335,Customer CUS-4335,Corporate,United States,City_19,California,Central,PROD-27020,Furniture,Paper,Paper Product PROD-27020,3793.43,10,0.00,2353.81,Critical
ORD-10132,2024-02-12,2024-02-12,Same Day,CUS-2518,Customer CUS-2518,Corporate,United States,City_65,Illinois,West,PROD-51099,Furniture,Laptops,Laptops Product PROD-51099,1931.53,5,0.00,1784.19,Critical
ORD-10133,2024-04-04,2024-04-04,Same Day,CUS-3813,Customer CUS-3813,Corporate,United States,City_68,Illinois,West,PROD-10092,Furniture,Accessories,Accessories Product PROD-10092,2916.32,9,0.00,2647.96,Medium
ORD-10134,2024-05-02,2024-05-02,First Class,CUS-5658,Customer CUS-5658,Home Office,United States,City_85,Virginia,West,PROD-37633,Office Supplies,Copiers,Copiers Product PROD-37633,193.35,2,0.00,112.33,Critical
ORD-10135,2024-08-19,2024-08-19,Same Day,CUS-7094,Customer CUS-7094,Corporate,United States,City_12,Washington,West,PROD-78120,Furniture,Bookcases,Bookcases Product PROD-78120,2477.18,6,0.05,2104.55,High
ORD-10136,2022-06-13,2022-06-13,Same Day,CUS-7715,Customer CUS-7715,Consumer,United States,City_30,Georgia,West,PROD-84312,Office Supplies,Accessories,Accessories Product PROD-84312,1625.77,7,0.20,1412.45,Medium
ORD-10137,2023-06-18,2023-06-18,First Class,CUS-4427,Customer CUS-4427,Corporate,United States,City_37,Virginia,Central,PROD-20576,Office Supplies,Laptops,Laptops Product PROD-20576,283.41,4,0.00,223.65,Low
ORD-10138,2022-09-10,2022-09-10,Standard Class,CUS-2638,Customer CUS-2638,Consumer,United States,City_33,Georgia,Central,PROD-37524,Furniture,Accessories,Accessories Product PROD-37524,317.24,10,0.10,195.35,Critical
ORD-10139,2022-10-04,2022-10-04,Second Class,CUS-3323,Customer CUS-3323,Home Office,United States,City_46,Pennsylvania,South,PROD-11357,Technology,Phones,Phones Product PROD-11357,1908.02,4,0.00,1422.45,Critical
ORD-10140,2023-08-09,2023-08-09,Second Class,CUS-6631,Customer CUS-6631,Consumer,United States,City_53,Washington,East,PROD-42448,Office Supplies,Paper,Paper Product PROD-42448,1379.44,6,0.20,1154.68,Critical
ORD-10141,2022-07-11,2022-07-11,First Class,CUS-4591,Customer CUS-4591,Consumer,United States,City_53,Ohio,East,PROD-91277,Technology,Phones,Phones Product PROD-91277,2055.56,5,0.00,1826.52,Low
ORD-10142,2024-11-19,2024-11-19,Same Day,CUS-1350,Customer CUS-1350,Consumer,United States,City_80,Pennsylvania,South,PROD-81445,Technology,Paper,Paper Product PROD-81445,439.73,1,0.00,403.56,Medium
ORD-10143,2023-01-26,2023-01-26,Standard Class,CUS-8482,Customer CUS-8482,Corporate,United States,City_14,Texas,West,PROD-55996,Technology,Chairs,Chairs Product PROD-55996,45.22,6,0.00,26.42,Critical
ORD-10144,2022-05-22,2022-05-22,Second Class,CUS-6054,Customer CUS-6054,Consumer,United States,City_12,Pennsylvania,East,PROD-39261,Furniture,Chairs,Chairs Product PROD-39261,2770.67,10,0.00,1786.95,High
ORD-10145,2022-10-22,2022-10-22,Standard Class,CUS-3629,Customer CUS-3629,Corporate,United States,City_56,Ohio,Central,PROD-75147,Office Supplies,Tables,Tables Product PROD-75147,1515.37,10,0.00,1275.43,High
ORD-10146,2024-11-21,2024-11-21,Same Day,CUS-1474,Customer CUS-1474,Consumer,United States,City_28,Virginia,Central,PROD-65957,Technology,Laptops,Laptops Product PROD-65957,3091.73,8,0.20,2004.24,Low
ORD-10147,2022-11-18,2022-11-18,Second Class,CUS-4049,Customer CUS-4049,Home Office,United States,City_98,Texas,West,PROD-38022,Office Supplies,Paper,Paper Product PROD-38022,854.83,2,0.00,704.74,High
ORD-10148,2023-09-01,2023-09-01,Second Class,CUS-6724,Customer CUS-6724,Home Office,United States,City_45,Florida,South,PROD-49211,Office Supplies,Paper,Paper Product PROD-49211,2047.03,8,0.00,1764.93,Critical
ORD-10149,2024-09-26,2024-09-26,Same Day,CUS-3109,Customer CUS-3109,Consumer,United States,City_84,Florida,South,PROD-48694,Technology,Bookcases,Bookcases Product PROD-48694,407.94,1,0.00,335.41,Low
ORD-10150,2022-07-15,2022-07-15,Second Class,CUS-9640,Customer CUS-9640,Corporate,United States,City_15,Pennsylvania,South,PROD-64965,Furniture,Paper,Paper Product PROD-64965,461.71,5,0.05,340.68,Low
ORD-10151,2024-07-01,2024-07-01,Second Class,CUS-5072,Customer CUS-5072,Corporate,United States,City_5,Washington,West,PROD-73151,Technology,Chairs,Chairs Product PROD-73151,3026.60,10,0.15,2504.47,Low
ORD-10152,2024-01-05,2024-01-05,Same Day,CUS-7979,Customer CUS-7979,Consumer,United States,City_78,California,East,PROD-58012,Furniture,Copiers,Copiers Product PROD-58012,547.84,6,0.00,504.85,High
ORD-10153,2024-06-19,2024-06-19,Same Day,CUS-4178,Customer CUS-4178,Corporate,United States,City_22,Illinois,West,PROD-24522,Technology,Accessories,Accessories Product PROD-24522,57.50,1,0.00,46.09,Low
ORD-10154,2022-08-24,2022-08-24,Same Day,CUS-4492,Customer CUS-4492,Consumer,United States,City_22,Virginia,West,PROD-66846,Office Supplies,Paper,Paper Product PROD-66846,749.13,5,0.00,669.79,Low
ORD-10155,2024-06-09,2024-06-09,First Class,CUS-5340,Customer CUS-5340,Consumer,United States,City_1,Washington,West,PROD-52618,Technology,Copiers,Copiers Product PROD-52618,3281.20,8,0.00,1978.77,High
ORD-10156,2023-03-26,2023-03-26,Second Class,CUS-5760,Customer CUS-5760,Corporate,United States,City_30,New York,Central,PROD-82873,Office Supplies,Binders,Binders Product PROD-82873,1105.46,7,0.00,985.35,Low
ORD-10157,2023-01-02,2023-01-02,Second Class,CUS-5591,Customer CUS-5591,Consumer,United States,City_80,Texas,East,PROD-14640,Furniture,Binders,Binders Product PROD-14640,1986.49,7,0.00,1277.59,Low
ORD-10158,2022-08-10,2022-08-10,Second Class,CUS-2300,Customer CUS-2300,Consumer,United States,City_3,Georgia,West,PROD-21353,Furniture,Chairs,Chairs Product PROD-21353,2585.61,7,0.00,2257.08,Low
ORD-10159,2024-02-27,2024-02-27,Standard Class,CUS-9928,Customer CUS-9928,Corporate,United States,City_96,Pennsylvania,East,PROD-67088,Office Supplies,Laptops,Laptops Product PROD-67088,2372.80,9,0.00,1347.35,Critical
ORD-10160,2023-02-24,2023-02-24,First Class,CUS-9655,Customer CUS-9655,Consumer,United States,City_95,Pennsylvania,South,PROD-47005,Furniture,Storage,Storage Product PROD-47005,1008.89,4,0.10,784.62,Critical
ORD-10161,2024-02-21,2024-02-21,Standard Class,CUS-4160,Customer CUS-4160,Corporate,United States,City_34,California,East,PROD-83221,Technology,Paper,Paper Product PROD-83221,917.34,5,0.00,812.86,Critical
ORD-10162,2023-12-24,2023-12-24,First Class,CUS-3294,Customer CUS-3294,Home Office,United States,City_68,Pennsylvania,West,PROD-62080,Technology,Phones,Phones Product PROD-62080,766.61,5,0.05,431.94,High
ORD-10163,2022-07-25,2022-07-25,First Class,CUS-7258,Customer CUS-7258,Corporate,United States,City_32,California,South,PROD-96991,Office Supplies,Binders,Binders Product PROD-96991,2633.60,6,0.00,2316.57,High
ORD-10164,2024-07-09,2024-07-09,Same Day,CUS-8839,Customer CUS-8839,Home Office,United States,City_85,Illinois,East,PROD-63661,Furniture,Tables,Tables Product PROD-63661,3110.02,7,0.00,2919.18,Medium
ORD-10165,2022-06-21,2022-06-21,Second Class,CUS-7362,Customer CUS-7362,Consumer,United States,City_10,Texas,East,PROD-73474,Technology,Bookcases,Bookcases Product PROD-73474,1552.34,6,0.20,887.19,Medium
ORD-10166,2024-09-09,2024-09-09,Same Day,CUS-9220,Customer CUS-9220,Corporate,United States,City_30,Pennsylvania,West,PROD-76028,Furniture,Paper,Paper Product PROD-76028,292.60,9,0.00,172.31,Medium
ORD-10167,2022-04-15,2022-04-15,Second Class,CUS-2883,Customer CUS-2883,Home Office,United States,City_5,Ohio,West,PROD-13209,Office Supplies,Binders,Binders Product PROD-13209,2605.83,9,0.00,1503.63,Medium
ORD-10168,2022-08-18,2022-08-18,Standard Class,CUS-4387,Customer CUS-4387,Consumer,United States,City_91,Texas,West,PROD-55746,Technology,Bookcases,Bookcases Product PROD-55746,2838.60,9,0.00,1995.96,Low
ORD-10169,2023-01-02,2023-01-02,Second Class,CUS-1860,Customer CUS-1860,Home Office,United States,City_15,Virginia,Central,PROD-32497,Technology,Paper,Paper Product PROD-32497,1006.63,3,0.00,907.80,High
ORD-10170,2024-01-19,2024-01-19,Second Class,CUS-2372,Customer CUS-2372,Corporate,United States,City_97,Virginia,East,PROD-21942,Furniture,Phones,Phones Product PROD-21942,1012.60,5,0.00,813.69,Critical
ORD-10171,2022-08-26,2022-08-26,Standard Class,CUS-2536,Customer CUS-2536,Consumer,United States,City_0,Florida,South,PROD-56766,Technology,Bookcases,Bookcases Product PROD-56766,982.55,5,0.00,750.75,High
ORD-10172,2023-12-20,2023-12-20,Standard Class,CUS-8400,Customer CUS-8400,Home Office,United States,City_15,Illinois,East,PROD-36423,Office Supplies,Storage,Storage Product PROD-36423,1495.37,6,0.10,1269.90,High
ORD-10173,2022-01-20,2022-01-20,Same Day,CUS-2847,Customer CUS-2847,Home Office,United States,City_60,Pennsylvania,East,PROD-91846,Technology,Paper,Paper Product PROD-91846,298.31,4,0.00,257.87,Low
ORD-10174,2023-07-11,2023-07-11,First Class,CUS-6899,Customer CUS-6899,Corporate,United States,City_64,California,East,PROD-54519,Office Supplies,Paper,Paper Product PROD-54519,2840.94,6,0.00,2667.87,Critical
ORD-10175,2024-09-14,2024-09-14,Same Day,CUS-4630,Customer CUS-4630,Corporate,United States,City_76,Ohio,Central,PROD-38574,Furniture,Paper,Paper Product PROD-38574,401.54,7,0.00,284.26,Critical
ORD-10176,2024-01-13,2024-01-13,Standard Class,CUS-9588,Customer CUS-9588,Consumer,United States,City_13,Florida,South,PROD-73073,Furniture,Paper,Paper Product PROD-73073,481.64,5,0.00,431.59,Low
ORD-10177,2024-05-24,2024-05-24,Standard Class,CUS-2416,Customer CUS-2416,Consumer,United States,City_98,Georgia,East,PROD-31373,Technology,Phones,Phones Product PROD-31373,302.82,2,0.00,196.16,High
ORD-10178,2023-04-19,2023-04-19,Second Class,CUS-4400,Customer CUS-4400,Corporate,United States,City_12,Georgia,Central,PROD-53469,Office Supplies,Bookcases,Bookcases Product PROD-53469,200.66,3,0.00,173.25,Low
ORD-10179,2023-11-06,2023-11-06,Standard Class,CUS-4916,Customer CUS-4916,Home Office,United States,City_8,Washington,East,PROD-60658,Office Supplies,Tables,Tables Product PROD-60658,560.63,10,0.00,508.47,Medium
ORD-10180,2023-03-14,2023-03-14,Same Day,CUS-9652,Customer CUS-9652,Consumer,United States,City_37,Texas,West,PROD-84141,Office Supplies,Tables,Tables Product PROD-84141,2065.13,5,0.05,1870.18,Critical
ORD-10181,2022-08-01,2022-08-01,First Class,CUS-6334,Customer CUS-6334,Corporate,United States,City_14,Washington,Central,PROD-43718,Furniture,Phones,Phones Product PROD-43718,3586.33,10,0.00,2595.02,Medium
ORD-10182,2023-08-24,2023-08-24,Same Day,CUS-7126,Customer CUS-7126,Corporate,United States,City_42,California,Central,PROD-21834,Office Supplies,Chairs,Chairs Product PROD-21834,900.28,3,0.00,497.85,Low
ORD-10183,2022-07-10,2022-07-10,Standard Class,CUS-7484,Customer CUS-7484,Consumer,United States,City_24,Pennsylvania,South,PROD-76233,Technology,Copiers,Copiers Product PROD-76233,742.72,2,0.00,663.43,High
ORD-10184,2024-07-02,2024-07-02,Standard Class,CUS-2783,Customer CUS-2783,Home Office,United States,City_51,Florida,Central,PROD-10864,Furniture,Binders,Binders Product PROD-10864,57.41,2,0.00,49.39,Medium
ORD-10185,2024-12-15,2024-12-15,Same Day,CUS-3237,Customer CUS-3237,Home Office,United States,City_14,Florida,West,PROD-41336,Technology,Phones,Phones Product PROD-41336,1226.34,3,0.00,787.30,Critical
ORD-10186,2023-03-11,2023-03-11,Same Day,CUS-4420,Customer CUS-4420,Consumer,United States,City_60,Florida,West,PROD-76485,Technology,Bookcases,Bookcases Product PROD-76485,578.12,6,0.00,351.71,Critical
ORD-10187,2023-10-04,2023-10-04,Second Class,CUS-5236,Customer CUS-5236,Consumer,United States,City_32,Ohio,South,PROD-52038,Office Supplies,Binders,Binders Product PROD-52038,757.45,9,0.00,603.47,Critical
ORD-10188,2023-11-17,2023-11-17,Second Class,CUS-3881,Customer CUS-3881,Consumer,United States,City_87,Virginia,West,PROD-10330,Technology,Chairs,Chairs Product PROD-10330,1782.91,4,0.00,1123.47,Low
ORD-10189,2022-04-14,2022-04-14,Second Class,CUS-9482,Customer CUS-9482,Home Office,United States,City_4,Ohio,South,PROD-28700,Furniture,Paper,Paper Product PROD-28700,1135.34,8,0.00,976.21,High
ORD-10190,2024-01-12,2024-01-12,First Class,CUS-4714,Customer CUS-4714,Home Office,United States,City_96,Ohio,Central,PROD-57688,Office Supplies,Binders,Binders Product PROD-57688,959.35,6,0.00,646.34,High
ORD-10191,2022-12-18,2022-12-18,Same Day,CUS-8356,Customer CUS-8356,Consumer,United States,City_63,Washington,Central,PROD-12759,Furniture,Phones,Phones Product PROD-12759,1614.33,8,0.00,1129.05,Critical
ORD-10192,2024-01-25,2024-01-25,First Class,CUS-4689,Customer CUS-4689,Home Office,United States,City_36,Virginia,South,PROD-60637,Technology,Tables,Tables Product PROD-60637,1119.26,8,0.00,881.49,Low
ORD-10193,2024-11-21,2024-11-21,Second Class,CUS-7857,Customer CUS-7857,Home Office,United States,City_43,Washington,West,PROD-91896,Office Supplies,Accessories,Accessories Product PROD-91896,3768.53,8,0.00,2787.74,High
ORD-10194,2023-02-27,2023-02-27,Standard Class,CUS-5545,Customer CUS-5545,Home Office,United States,City_68,Texas,East,PROD-86343,Office Supplies,Laptops,Laptops Product PROD-86343,2646.82,9,0.10,1851.89,Low
ORD-10195,2023-04-13,2023-04-13,First Class,CUS-4349,Customer CUS-4349,Consumer,United States,City_75,California,South,PROD-85653,Furniture,Tables,Tables Product PROD-85653,1583.82,4,0.00,1381.91,Critical
ORD-10196,2024-07-18,2024-07-18,First Class,CUS-5140,Customer CUS-5140,Home Office,United States,City_72,Texas,Central,PROD-61956,Furniture,Bookcases,Bookcases Product PROD-61956,926.25,2,0.00,628.92,Medium
ORD-10197,2023-04-07,2023-04-07,Second Class,CUS-1667,Customer CUS-1667,Consumer,United States,City_80,Florida,East,PROD-35006,Technology,Phones,Phones Product PROD-35006,1172.57,3,0.00,851.37,Medium
ORD-10198,2022-06-03,2022-06-03,Standard Class,CUS-7045,Customer CUS-7045,Consumer,United States,City_73,Georgia,South,PROD-87679,Technology,Chairs,Chairs Product PROD-87679,1049.80,4,0.00,589.50,Critical
ORD-10199,2024-05-17,2024-05-17,Second Class,CUS-8949,Customer CUS-8949,Corporate,United States,City_45,California,East,PROD-18264,Furniture,Tables,Tables Product PROD-18264,17.85,2,0.00,13.87,Low
ORD-10200,2022-08-23,2022-08-23,First Class,CUS-7102,Customer CUS-7102,Corporate,United States,City_2,New York,South,PROD-73415,Technology,Bookcases,Bookcases Product PROD-73415,1030.10,5,0.00,822.28,Critical
ORD-10201,2022-12-09,2022-12-09,Standard Class,CUS-4508,Customer CUS-4508,Home Office,United States,City_68,Washington,South,PROD-38186,Technology,Storage,Storage Product PROD-38186,2519.75,7,0.05,2168.38,Medium
ORD-10202,2023-02-11,2023-02-11,Standard Class,CUS-1582,Customer CUS-1582,Corporate,United States,City_68,Washington,South,PROD-96671,Technology,Paper,Paper Product PROD-96671,150.54,2,0.00,108.48,Medium
ORD-10203,2023-04-28,2023-04-28,Standard Class,CUS-3684,Customer CUS-3684,Consumer,United States,City_15,Virginia,South,PROD-94071,Office Supplies,Copiers,Copiers Product PROD-94071,1639.26,4,0.00,1484.97,Critical
ORD-10204,2024-06-15,2024-06-15,Second Class,CUS-5250,Customer CUS-5250,Corporate,United States,City_24,Washington,Central,PROD-42093,Technology,Paper,Paper Product PROD-42093,1361.67,9,0.10,1259.21,High
ORD-10205,2022-02-19,2022-02-19,Standard Class,CUS-6473,Customer CUS-6473,Home Office,United States,City_45,Virginia,Central,PROD-21100,Office Supplies,Copiers,Copiers Product PROD-21100,1430.22,9,0.10,856.23,Critical
ORD-10206,2023-07-01,2023-07-01,Standard Class,CUS-4402,Customer CUS-4402,Home Office,United States,City_91,Texas,West,PROD-77007,Technology,Paper,Paper Product PROD-77007,1528.63,9,0.00,1395.84,Medium
ORD-10207,2022-08-26,2022-08-26,Standard Class,CUS-1398,Customer CUS-1398,Home Office,United States,City_53,Virginia,West,PROD-46858,Technology,Laptops,Laptops Product PROD-46858,2228.97,8,0.00,1852.44,High
ORD-10208,2023-09-16,2023-09-16,Same Day,CUS-3563,Customer CUS-3563,Home Office,United States,City_79,California,West,PROD-35954,Technology,Binders,Binders Product PROD-35954,1393.55,4,0.00,1041.23,Critical
ORD-10209,2024-06-12,2024-06-12,Same Day,CUS-8260,Customer CUS-8260,Corporate,United States,City_93,Washington,East,PROD-16804,Technology,Paper,Paper Product PROD-16804,2821.61,6,0.00,1937.94,Critical
ORD-10210,2023-04-20,2023-04-20,First Class,CUS-9971,Customer CUS-9971,Home Office,United States,City_25,Illinois,Central,PROD-91299,Office Supplies,Chairs,Chairs Product PROD-91299,1003.49,6,0.10,630.62,Low
ORD-10211,2023-10-04,2023-10-04,Standard Class,CUS-2826,Customer CUS-2826,Corporate,United States,City_80,Ohio,West,PROD-23310,Technology,Accessories,Accessories Product PROD-23310,1634.36,8,0.00,1265.78,Critical
ORD-10212,2024-05-06,2024-05-06,Same Day,CUS-1764,Customer CUS-1764,Consumer,United States,City_35,Pennsylvania,Central,PROD-24504,Office Supplies,Paper,Paper Product PROD-24504,2390.74,8,0.15,2216.92,High
ORD-10213,2022-05-15,2022-05-15,Same Day,CUS-6878,Customer CUS-6878,Consumer,United States,City_5,Florida,West,PROD-15036,Office Supplies,Chairs,Chairs Product PROD-15036,203.51,1,0.00,147.77,Medium
ORD-10214,2024-09-20,2024-09-20,Second Class,CUS-8865,Customer CUS-8865,Consumer,United States,City_15,Pennsylvania,South,PROD-19595,Furniture,Bookcases,Bookcases Product PROD-19595,1455.27,3,0.00,917.60,High
ORD-10215,2024-04-22,2024-04-22,Same Day,CUS-8573,Customer CUS-8573,Consumer,United States,City_17,Georgia,Central,PROD-78832,Furniture,Storage,Storage Product PROD-78832,131.24,5,0.00,114.18,Medium
ORD-10216,2023-01-16,2023-01-16,Same Day,CUS-6822,Customer CUS-6822,Home Office,United States,City_61,Virginia,South,PROD-77931,Technology,Chairs,Chairs Product PROD-77931,1177.88,6,0.00,1013.93,Low
ORD-10217,2022-12-10,2022-12-10,First Class,CUS-1787,Customer CUS-1787,Corporate,United States,City_58,Washington,West,PROD-34075,Technology,Binders,Binders Product PROD-34075,1674.94,9,0.00,940.54,Medium
ORD-10218,2024-10-27,2024-10-27,First Class,CUS-7353,Customer CUS-7353,Home Office,United States,City_7,Texas,West,PROD-41321,Technology,Tables,Tables Product PROD-41321,84.35,5,0.10,62.61,High
ORD-10219,2024-10-07,2024-10-07,Standard Class,CUS-5404,Customer CUS-5404,Home Office,United States,City_99,Illinois,East,PROD-38269,Furniture,Chairs,Chairs Product PROD-38269,257.87,3,0.00,156.53,High
ORD-10220,2022-02-23,2022-02-23,Second Class,CUS-2460,Customer CUS-2460,Corporate,United States,City_98,Pennsylvania,West,PROD-83058,Technology,Phones,Phones Product PROD-83058,3763.39,8,0.00,2336.85,Low
ORD-10221,2024-12-05,2024-12-05,Standard Class,CUS-5298,Customer CUS-5298,Corporate,United States,City_57,Ohio,Central,PROD-10957,Office Supplies,Copiers,Copiers Product PROD-10957,20.78,2,0.00,15.97,Medium
ORD-10222,2023-12-14,2023-12-14,Second Class,CUS-3489,Customer CUS-3489,Consumer,United States,City_53,New York,East,PROD-86467,Technology,Laptops,Laptops Product PROD-86467,512.21,7,0.00,441.86,Low
ORD-10223,2024-03-23,2024-03-23,Same Day,CUS-8397,Customer CUS-8397,Corporate,United States,City_25,Virginia,West,PROD-50025,Furniture,Storage,Storage Product PROD-50025,1992.19,8,0.00,1713.99,Critical
ORD-10224,2024-11-13,2024-11-13,Same Day,CUS-3764,Customer CUS-3764,Home Office,United States,City_8,Virginia,East,PROD-50129,Office Supplies,Accessories,Accessories Product PROD-50129,1494.62,3,0.00,1341.93,Critical
ORD-10225,2024-05-04,2024-05-04,Same Day,CUS-6201,Customer CUS-6201,Corporate,United States,City_83,Illinois,South,PROD-34774,Technology,Paper,Paper Product PROD-34774,123.80,10,0.00,103.97,Critical
ORD-10226,2023-08-28,2023-08-28,First Class,CUS-4994,Customer CUS-4994,Consumer,United States,City_96,Ohio,West,PROD-15768,Furniture,Laptops,Laptops Product PROD-15768,4747.58,10,0.00,4261.18,Critical
ORD-10227,2024-04-18,2024-04-18,Standard Class,CUS-9150,Customer CUS-9150,Corporate,United States,City_99,Virginia,West,PROD-35215,Furniture,Copiers,Copiers Product PROD-35215,1216.93,9,0.00,876.22,Critical
ORD-10228,2024-09-26,2024-09-26,Standard Class,CUS-9844,Customer CUS-9844,Consumer,United States,City_20,Virginia,East,PROD-55868,Office Supplies,Paper,Paper Product PROD-55868,230.80,4,0.00,187.64,Medium
ORD-10229,2023-01-08,2023-01-08,Second Class,CUS-6009,Customer CUS-6009,Home Office,United States,City_82,Florida,East,PROD-24555,Office Supplies,Laptops,Laptops Product PROD-24555,2913.96,10,0.00,2115.58,High
ORD-10230,2022-07-23,2022-07-23,First Class,CUS-3826,Customer CUS-3826,Home Office,United States,City_42,Ohio,South,PROD-90997,Furniture,Accessories,Accessories Product PROD-90997,662.63,3,0.00,513.67,Critical
ORD-10231,2022-06-22,2022-06-22,First Class,CUS-9282,Customer CUS-9282,Consumer,United States,City_76,Georgia,South,PROD-82535,Technology,Chairs,Chairs Product PROD-82535,3763.56,9,0.00,3296.77,Medium
ORD-10232,2023-08-24,2023-08-24,First Class,CUS-7663,Customer CUS-7663,Home Office,United States,City_76,New York,East,PROD-31832,Furniture,Phones,Phones Product PROD-31832,88.32,3,0.10,74.83,High
ORD-10233,2024-01-14,2024-01-14,Same Day,CUS-3450,Customer CUS-3450,Home Office,United States,City_44,California,Central,PROD-77603,Office Supplies,Laptops,Laptops Product PROD-77603,886.21,4,0.20,733.21,Low
ORD-10234,2024-05-25,2024-05-25,First Class,CUS-2014,Customer CUS-2014,Consumer,United States,City_57,Illinois,West,PROD-45779,Technology,Phones,Phones Product PROD-45779,201.31,2,0.00,169.89,Low
ORD-10235,2024-08-17,2024-08-17,Second Class,CUS-4111,Customer CUS-4111,Home Office,United States,City_51,Ohio,West,PROD-54777,Furniture,Tables,Tables Product PROD-54777,1193.83,3,0.00,1121.58,Medium
ORD-10236,2023-04-25,2023-04-25,First Class,CUS-3595,Customer CUS-3595,Consumer,United States,City_78,Florida,East,PROD-40422,Technology,Copiers,Copiers Product PROD-40422,674.62,2,0.15,396.32,Low
ORD-10237,2022-12-19,2022-12-19,Second Class,CUS-2463,Customer CUS-2463,Corporate,United States,City_83,Illinois,East,PROD-28407,Furniture,Tables,Tables Product PROD-28407,2348.19,7,0.00,1822.22,Medium
ORD-10238,2024-07-05,2024-07-05,Same Day,CUS-5345,Customer CUS-5345,Consumer,United States,City_13,Pennsylvania,East,PROD-16771,Office Supplies,Accessories,Accessories Product PROD-16771,1229.49,4,0.10,857.20,Low
ORD-10239,2022-10-24,2022-10-24,Same Day,CUS-1440,Customer CUS-1440,Home Office,United States,City_49,Ohio,West,PROD-90957,Technology,Paper,Paper Product PROD-90957,2112.83,6,0.20,1764.02,High
ORD-10240,2023-12-23,2023-12-23,Standard Class,CUS-8796,Customer CUS-8796,Home Office,United States,City_28,Texas,Central,PROD-25940,Furniture,Tables,Tables Product PROD-25940,573.89,3,0.00,469.68,Medium
ORD-10241,2023-06-24,2023-06-24,Same Day,CUS-7743,Customer CUS-7743,Corporate,United States,City_77,Illinois,West,PROD-77699,Technology,Phones,Phones Product PROD-77699,74.92,3,0.10,50.79,Low
ORD-10242,2024-03-12,2024-03-12,First Class,CUS-6141,Customer CUS-6141,Corporate,United States,City_24,Georgia,South,PROD-66315,Furniture,Accessories,Accessories Product PROD-66315,473.22,1,0.00,304.26,Critical
ORD-10243,2024-09-19,2024-09-19,Standard Class,CUS-4753,Customer CUS-4753,Consumer,United States,City_7,Pennsylvania,West,PROD-89270,Office Supplies,Copiers,Copiers Product PROD-89270,362.12,6,0.05,265.15,Critical
ORD-10244,2023-12-02,2023-12-02,Same Day,CUS-7150,Customer CUS-7150,Corporate,United States,City_7,Ohio,Central,PROD-24123,Office Supplies,Chairs,Chairs Product PROD-24123,3431.68,10,0.00,2116.91,High
ORD-10245,2023-05-23,2023-05-23,First Class,CUS-7306,Customer CUS-7306,Consumer,United States,City_6,Texas,East,PROD-85532,Office Supplies,Phones,Phones Product PROD-85532,670.38,2,0.00,460.09,High
ORD-10246,2024-12-17,2024-12-17,First Class,CUS-7604,Customer CUS-7604,Corporate,United States,City_99,Ohio,East,PROD-20592,Office Supplies,Storage,Storage Product PROD-20592,988.88,7,0.05,871.82,Critical
ORD-10247,2023-12-01,2023-12-01,Standard Class,CUS-8791,Customer CUS-8791,Corporate,United States,City_23,New York,East,PROD-41653,Furniture,Tables,Tables Product PROD-41653,366.87,2,0.00,302.49,Critical
ORD-10248,2024-03-25,2024-03-25,Second Class,CUS-1055,Customer CUS-1055,Corporate,United States,City_34,Pennsylvania,South,PROD-19393,Furniture,Binders,Binders Product PROD-19393,1208.61,6,0.10,801.99,High
ORD-10249,2024-09-25,2024-09-25,Same Day,CUS-2965,Customer CUS-2965,Consumer,United States,City_39,Illinois,West,PROD-61401,Technology,Copiers,Copiers Product PROD-61401,651.21,5,0.00,386.99,High
ORD-10250,2022-08-28,2022-08-28,Second Class,CUS-1887,Customer CUS-1887,Corporate,United States,City_22,Pennsylvania,South,PROD-13227,Office Supplies,Tables,Tables Product PROD-13227,2649.46,8,0.00,1919.35,Medium
ORD-10251,2023-07-25,2023-07-25,Standard Class,CUS-4857,Customer CUS-4857,Consumer,United States,City_42,Virginia,West,PROD-72075,Technology,Storage,Storage Product PROD-72075,2787.52,10,0.15,2538.69,Low
ORD-10252,2022-05-10,2022-05-10,Standard Class,CUS-4295,Customer CUS-4295,Corporate,United States,City_71,New York,West,PROD-17175,Furniture,Binders,Binders Product PROD-17175,278.23,7,0.00,221.94,Low
ORD-10253,2022-08-16,2022-08-16,Same Day,CUS-3032,Customer CUS-3032,Home Office,United States,City_79,California,Central,PROD-72501,Technology,Binders,Binders Product PROD-72501,1509.26,7,0.00,1050.79,High
ORD-10254,2023-12-10,2023-12-10,Second Class,CUS-4831,Customer CUS-4831,Home Office,United States,City_99,New York,East,PROD-63502,Office Supplies,Laptops,Laptops Product PROD-63502,1136.25,7,0.05,874.37,Low
ORD-10255,2024-06-01,2024-06-01,Standard Class,CUS-7308,Customer CUS-7308,Consumer,United States,City_80,Illinois,Central,PROD-84973,Office Supplies,Accessories,Accessories Product PROD-84973,1125.43,3,0.00,936.23,Low
ORD-10256,2022-09-01,2022-09-01,First Class,CUS-6432,Customer CUS-6432,Home Office,United States,City_91,Texas,East,PROD-65251,Office Supplies,Copiers,Copiers Product PROD-65251,825.61,6,0.00,672.81,Medium
ORD-10257,2022-11-05,2022-11-05,First Class,CUS-9999,Customer CUS-9999,Consumer,United States,City_77,Texas,East,PROD-45367,Office Supplies,Phones,Phones Product PROD-45367,1571.15,5,0.00,1221.43,Medium
ORD-10258,2023-05-08,2023-05-08,First Class,CUS-9020,Customer CUS-9020,Corporate,United States,City_99,Florida,South,PROD-45486,Technology,Accessories,Accessories Product PROD-45486,2423.22,5,0.00,1333.16,Medium
ORD-10259,2023-04-08,2023-04-08,Second Class,CUS-6815,Customer CUS-6815,Corporate,United States,City_30,New York,East,PROD-40085,Furniture,Tables,Tables Product PROD-40085,326.92,10,0.10,288.02,High
ORD-10260,2024-06-19,2024-06-19,Second Class,CUS-1390,Customer CUS-1390,Consumer,United States,City_61,Washington,West,PROD-13809,Furniture,Binders,Binders Product PROD-13809,1620.04,5,0.20,976.30,Low
ORD-10261,2023-09-11,2023-09-11,Same Day,CUS-7513,Customer CUS-7513,Corporate,United States,City_53,Pennsylvania,West,PROD-46333,Furniture,Phones,Phones Product PROD-46333,928.11,2,0.05,641.15,Medium
ORD-10262,2024-08-27,2024-08-27,Same Day,CUS-9852,Customer CUS-9852,Home Office,United States,City_63,Florida,Central,PROD-65655,Furniture,Binders,Binders Product PROD-65655,482.30,3,0.00,451.42,Medium
ORD-10263,2024-04-23,2024-04-23,Same Day,CUS-2853,Customer CUS-2853,Consumer,United States,City_83,Illinois,East,PROD-61407,Office Supplies,Copiers,Copiers Product PROD-61407,730.92,4,0.00,596.76,Medium
ORD-10264,2022-07-25,2022-07-25,Standard Class,CUS-5563,Customer CUS-5563,Corporate,United States,City_95,Ohio,Central,PROD-18699,Office Supplies,Storage,Storage Product PROD-18699,287.97,10,0.05,219.29,Critical
ORD-10265,2024-08-19,2024-08-19,First Class,CUS-2928,Customer CUS-2928,Consumer,United States,City_6,Washington,West,PROD-45386,Technology,Bookcases,Bookcases Product PROD-45386,3029.37,8,0.00,2242.88,Critical
ORD-10266,2022-10-26,2022-10-26,First Class,CUS-9983,Customer CUS-9983,Corporate,United States,City_43,Virginia,Central,PROD-25463,Furniture,Copiers,Copiers Product PROD-25463,114.64,2,0.00,82.45,Critical
ORD-10267,2022-06-24,2022-06-24,Same Day,CUS-3121,Customer CUS-3121,Consumer,United States,City_48,Virginia,South,PROD-11123,Furniture,Binders,Binders Product PROD-11123,128.76,1,0.00,114.56,Critical
ORD-10268,2023-05-06,2023-05-06,Same Day,CUS-4225,Customer CUS-4225,Consumer,United States,City_31,Florida,East,PROD-40607,Office Supplies,Storage,Storage Product PROD-40607,952.01,6,0.10,665.06,Low
ORD-10269,2022-05-19,2022-05-19,Standard Class,CUS-7081,Customer CUS-7081,Corporate,United States,City_90,Ohio,Central,PROD-58405,Furniture,Chairs,Chairs Product PROD-58405,947.77,2,0.00,809.82,Critical
ORD-10270,2024-11-06,2024-11-06,Standard Class,CUS-5946,Customer CUS-5946,Consumer,United States,City_1,California,Central,PROD-84273,Furniture,Paper,Paper Product PROD-84273,4019.77,9,0.00,3606.47,Low
ORD-10271,2022-04-28,2022-04-28,Same Day,CUS-5613,Customer CUS-5613,Corporate,United States,City_35,Pennsylvania,West,PROD-95793,Furniture,Copiers,Copiers Product PROD-95793,1478.82,10,0.00,1015.26,Medium
ORD-10272,2022-09-10,2022-09-10,Second Class,CUS-2479,Customer CUS-2479,Home Office,United States,City_19,New York,Central,PROD-74111,Office Supplies,Bookcases,Bookcases Product PROD-74111,975.98,10,0.00,859.78,Low
ORD-10273,2022-04-14,2022-04-14,Same Day,CUS-4918,Customer CUS-4918,Consumer,United States,City_10,Illinois,Central,PROD-68538,Office Supplies,Storage,Storage Product PROD-68538,1445.86,8,0.00,1352.27,High
ORD-10274,2023-09-25,2023-09-25,Second Class,CUS-6408,Customer CUS-6408,Corporate,United States,City_95,Washington,Central,PROD-64791,Furniture,Bookcases,Bookcases Product PROD-64791,2652.96,8,0.00,2110.40,Medium
ORD-10275,2023-11-16,2023-11-16,Second Class,CUS-2681,Customer CUS-2681,Corporate,United States,City_37,Virginia,South,PROD-64898,Office Supplies,Bookcases,Bookcases Product PROD-64898,288.19,1,0.00,211.25,Critical
ORD-10276,2022-10-23,2022-10-23,Second Class,CUS-4815,Customer CUS-4815,Home Office,United States,City_1,California,Central,PROD-24540,Office Supplies,Phones,Phones Product PROD-24540,2837.06,8,0.00,2326.99,Low
ORD-10277,2024-04-16,2024-04-16,Second Class,CUS-2409,Customer CUS-2409,Corporate,United States,City_93,California,East,PROD-54044,Furniture,Phones,Phones Product PROD-54044,1393.32,7,0.10,939.10,Critical
ORD-10278,2022-04-23,2022-04-23,Same Day,CUS-9623,Customer CUS-9623,Consumer,United States,City_5,Ohio,East,PROD-71207,Furniture,Laptops,Laptops Product PROD-71207,1604.85,5,0.05,1033.67,Critical
ORD-10279,2024-11-25,2024-11-25,Standard Class,CUS-4255,Customer CUS-4255,Home Office,United States,City_14,New York,East,PROD-12744,Technology,Storage,Storage Product PROD-12744,1196.72,4,0.05,1058.37,High
ORD-10280,2024-02-19,2024-02-19,Standard Class,CUS-3948,Customer CUS-3948,Home Office,United States,City_35,Georgia,West,PROD-18154,Technology,Copiers,Copiers Product PROD-18154,4643.14,10,0.00,2648.28,Low
ORD-10281,2023-09-05,2023-09-05,Same Day,CUS-2716,Customer CUS-2716,Home Office,United States,City_78,Washington,Central,PROD-54864,Furniture,Laptops,Laptops Product PROD-54864,486.85,2,0.05,372.69,High
ORD-10282,2022-04-01,2022-04-01,First Class,CUS-1999,Customer CUS-1999,Home Office,United States,City_7,New York,South,PROD-37867,Technology,Storage,Storage Product PROD-37867,4464.83,10,0.00,3366.02,Critical
ORD-10283,2022-06-16,2022-06-16,Same Day,CUS-1479,Customer CUS-1479,Consumer,United States,City_11,Texas,Central,PROD-91706,Office Supplies,Copiers,Copiers Product PROD-91706,29.03,1,0.00,27.10,Critical
ORD-10284,2023-12-24,2023-12-24,Same Day,CUS-2317,Customer CUS-2317,Home Office,United States,City_79,New York,Central,PROD-89547,Furniture,Copiers,Copiers Product PROD-89547,844.54,2,0.15,792.16,Critical
ORD-10285,2024-02-03,2024-02-03,Same Day,CUS-1007,Customer CUS-1007,Home Office,United States,City_15,New York,East,PROD-57168,Office Supplies,Binders,Binders Product PROD-57168,465.78,1,0.00,362.85,Critical
ORD-10286,2024-04-17,2024-04-17,Same Day,CUS-5280,Customer CUS-5280,Corporate,United States,City_28,Pennsylvania,West,PROD-29415,Furniture,Copiers,Copiers Product PROD-29415,1125.49,3,0.00,802.90,High
ORD-10287,2023-05-21,2023-05-21,Second Class,CUS-3213,Customer CUS-3213,Corporate,United States,City_16,Texas,West,PROD-79767,Office Supplies,Laptops,Laptops Product PROD-79767,341.73,6,0.05,235.08,Low
ORD-10288,2022-09-09,2022-09-09,Standard Class,CUS-5623,Customer CUS-5623,Corporate,United States,City_42,Ohio,East,PROD-87007,Technology,Binders,Binders Product PROD-87007,754.42,3,0.00,640.04,Critical
ORD-10289,2024-03-02,2024-03-02,First Class,CUS-8412,Customer CUS-8412,Home Office,United States,City_72,Illinois,South,PROD-53513,Office Supplies,Storage,Storage Product PROD-53513,1702.59,8,0.00,1339.97,High
ORD-10290,2024-01-26,2024-01-26,Second Class,CUS-8044,Customer CUS-8044,Corporate,United States,City_10,New York,East,PROD-65488,Office Supplies,Storage,Storage Product PROD-65488,26.53,4,0.00,18.69,High
ORD-10291,2024-03-08,2024-03-08,Standard Class,CUS-7907,Customer CUS-7907,Home Office,United States,City_10,Florida,West,PROD-41735,Technology,Paper,Paper Product PROD-41735,154.62,2,0.05,121.97,Medium
ORD-10292,2023-03-16,2023-03-16,Second Class,CUS-2608,Customer CUS-2608,Corporate,United States,City_29,Washington,West,PROD-39478,Office Supplies,Phones,Phones Product PROD-39478,163.50,2,0.00,116.38,Medium
ORD-10293,2022-04-12,2022-04-12,First Class,CUS-7831,Customer CUS-7831,Corporate,United States,City_50,Georgia,South,PROD-34895,Furniture,Accessories,Accessories Product PROD-34895,2897.66,9,0.05,2120.05,Critical
ORD-10294,2024-11-08,2024-11-08,Second Class,CUS-6374,Customer CUS-6374,Corporate,United States,City_34,Ohio,Central,PROD-67197,Technology,Storage,Storage Product PROD-67197,1812.23,7,0.00,1166.70,Low
ORD-10295,2022-11-20,2022-11-20,First Class,CUS-9632,Customer CUS-9632,Corporate,United States,City_86,Ohio,East,PROD-69899,Technology,Laptops,Laptops Product PROD-69899,516.55,7,0.00,320.74,Medium
ORD-10296,2024-08-24,2024-08-24,Second Class,CUS-5160,Customer CUS-5160,Home Office,United States,City_22,California,West,PROD-61019,Furniture,Bookcases,Bookcases Product PROD-61019,880.98,7,0.00,712.74,Critical
ORD-10297,2022-02-21,2022-02-21,Standard Class,CUS-4663,Customer CUS-4663,Consumer,United States,City_32,New York,West,PROD-73311,Technology,Storage,Storage Product PROD-73311,2936.06,7,0.05,2120.12,Low
ORD-10298,2022-05-11,2022-05-11,Same Day,CUS-9633,Customer CUS-9633,Home Office,United States,City_46,Pennsylvania,East,PROD-80395,Technology,Paper,Paper Product PROD-80395,190.69,1,0.00,114.17,High
ORD-10299,2022-06-27,2022-06-27,Same Day,CUS-6699,Customer CUS-6699,Consumer,United States,City_80,Illinois,East,PROD-59899,Office Supplies,Copiers,Copiers Product PROD-59899,462.95,8,0.05,280.48,Critical
ORD-10300,2024-11-12,2024-11-12,Same Day,CUS-2740,Customer CUS-2740,Corporate,United States,City_77,Texas,South,PROD-45744,Furniture,Tables,Tables Product PROD-45744,2008.78,5,0.00,1505.59,High
ORD-10301,2022-10-14,2022-10-14,Same Day,CUS-1289,Customer CUS-1289,Consumer,United States,City_34,Georgia,West,PROD-17767,Office Supplies,Accessories,Accessories Product PROD-17767,3366.00,8,0.00,2019.86,High
ORD-10302,2024-09-15,2024-09-15,First Class,CUS-9247,Customer CUS-9247,Corporate,United States,City_30,Illinois,West,PROD-83788,Office Supplies,Storage,Storage Product PROD-83788,3217.91,10,0.00,2315.92,High
ORD-10303,2023-08-28,2023-08-28,Same Day,CUS-1480,Customer CUS-1480,Consumer,United States,City_17,Georgia,East,PROD-85774,Office Supplies,Binders,Binders Product PROD-85774,2477.67,7,0.00,2162.51,Medium
ORD-10304,2022-04-21,2022-04-21,First Class,CUS-5945,Customer CUS-5945,Corporate,United States,City_52,Washington,East,PROD-96841,Office Supplies,Bookcases,Bookcases Product PROD-96841,1411.91,5,0.00,1174.16,Medium
ORD-10305,2024-11-19,2024-11-19,Same Day,CUS-5556,Customer CUS-5556,Corporate,United States,City_76,Texas,East,PROD-16635,Technology,Bookcases,Bookcases Product PROD-16635,613.91,4,0.00,551.44,Critical
ORD-10306,2024-04-12,2024-04-12,Second Class,CUS-4269,Customer CUS-4269,Corporate,United States,City_99,Ohio,South,PROD-67258,Furniture,Chairs,Chairs Product PROD-67258,845.69,4,0.00,758.68,Medium
ORD-10307,2023-05-05,2023-05-05,First Class,CUS-2984,Customer CUS-2984,Home Office,United States,City_22,Washington,East,PROD-63525,Furniture,Storage,Storage Product PROD-63525,2021.42,6,0.00,1877.02,Critical
ORD-10308,2024-04-28,2024-04-28,Second Class,CUS-6634,Customer CUS-6634,Consumer,United States,City_68,Virginia,West,PROD-79308,Office Supplies,Paper,Paper Product PROD-79308,331.92,4,0.20,204.15,Critical
ORD-10309,2022-12-01,2022-12-01,Standard Class,CUS-6495,Customer CUS-6495,Consumer,United States,City_6,California,South,PROD-50090,Technology,Binders,Binders Product PROD-50090,377.89,2,0.05,317.80,High
ORD-10310,2023-10-10,2023-10-10,Standard Class,CUS-1938,Customer CUS-1938,Consumer,United States,City_6,Florida,West,PROD-15101,Furniture,Laptops,Laptops Product PROD-15101,912.87,3,0.00,867.04,High
ORD-10311,2024-02-22,2024-02-22,Same Day,CUS-2810,Customer CUS-2810,Home Office,United States,City_71,Illinois,West,PROD-54489,Technology,Phones,Phones Product PROD-54489,4427.75,10,0.00,2901.79,Low
ORD-10312,2023-06-05,2023-06-05,Same Day,CUS-3098,Customer CUS-3098,Corporate,United States,City_0,Florida,East,PROD-27832,Furniture,Paper,Paper Product PROD-27832,3144.74,10,0.00,2888.51,High
ORD-10313,2024-11-08,2024-11-08,Second Class,CUS-7806,Customer CUS-7806,Consumer,United States,City_33,Pennsylvania,East,PROD-72976,Office Supplies,Copiers,Copiers Product PROD-72976,376.18,2,0.00,224.10,Low
ORD-10314,2024-09-06,2024-09-06,Same Day,CUS-4697,Customer CUS-4697,Home Office,United States,City_72,Florida,West,PROD-41644,Technology,Storage,Storage Product PROD-41644,251.03,2,0.00,176.99,High
ORD-10315,2024-09-25,2024-09-25,Same Day,CUS-6130,Customer CUS-6130,Corporate,United States,City_25,Ohio,South,PROD-77817,Office Supplies,Phones,Phones Product PROD-77817,1370.94,5,0.00,1148.07,Medium
ORD-10316,2024-06-04,2024-06-04,Same Day,CUS-5391,Customer CUS-5391,Corporate,United States,City_71,Pennsylvania,Central,PROD-89103,Technology,Accessories,Accessories Product PROD-89103,3465.18,9,0.00,2435.99,High
ORD-10317,2023-11-27,2023-11-27,Same Day,CUS-7356,Customer CUS-7356,Consumer,United States,City_82,California,South,PROD-20600,Office Supplies,Accessories,Accessories Product PROD-20600,1654.36,9,0.00,1521.71,Low
ORD-10318,2024-05-25,2024-05-25,Standard Class,CUS-7832,Customer CUS-7832,Corporate,United States,City_26,Washington,West,PROD-42314,Office Supplies,Phones,Phones Product PROD-42314,331.62,1,0.20,238.96,High
ORD-10319,2024-09-12,2024-09-12,Second Class,CUS-5765,Customer CUS-5765,Home Office,United States,City_70,Illinois,East,PROD-15291,Technology,Copiers,Copiers Product PROD-15291,2868.42,9,0.00,2033.20,High
ORD-10320,2024-12-27,2024-12-27,Second Class,CUS-3746,Customer CUS-3746,Corporate,United States,City_28,Illinois,West,PROD-32956,Office Supplies,Paper,Paper Product PROD-32956,2237.64,10,0.00,1947.47,Critical
ORD-10321,2024-07-19,2024-07-19,First Class,CUS-7349,Customer CUS-7349,Corporate,United States,City_3,Pennsylvania,East,PROD-29976,Office Supplies,Binders,Binders Product PROD-29976,947.75,2,0.00,779.62,Low
ORD-10322,2024-02-14,2024-02-14,Second Class,CUS-7786,Customer CUS-7786,Consumer,United States,City_28,Pennsylvania,Central,PROD-60003,Furniture,Chairs,Chairs Product PROD-60003,153.79,4,0.00,116.01,Critical
ORD-10323,2024-12-24,2024-12-24,Same Day,CUS-1395,Customer CUS-1395,Corporate,United States,City_72,Texas,West,PROD-46101,Office Supplies,Tables,Tables Product PROD-46101,83.74,4,0.00,69.44,Medium
ORD-10324,2024-10-21,2024-10-21,Second Class,CUS-3568,Customer CUS-3568,Home Office,United States,City_71,Pennsylvania,East,PROD-82300,Technology,Paper,Paper Product PROD-82300,292.76,6,0.00,277.83,Low
ORD-10325,2024-05-23,2024-05-23,First Class,CUS-2777,Customer CUS-2777,Home Office,United States,City_29,Washington,South,PROD-41961,Technology,Copiers,Copiers Product PROD-41961,53.88,2,0.00,43.96,Medium
ORD-10326,2022-08-01,2022-08-01,First Class,CUS-8461,Customer CUS-8461,Consumer,United States,City_54,Florida,East,PROD-28509,Furniture,Accessories,Accessories Product PROD-28509,4112.38,10,0.00,3636.57,High
ORD-10327,2022-08-24,2022-08-24,First Class,CUS-2909,Customer CUS-2909,Consumer,United States,City_80,Illinois,East,PROD-85343,Technology,Chairs,Chairs Product PROD-85343,695.20,2,0.00,414.22,Medium
ORD-10328,2023-03-27,2023-03-27,Second Class,CUS-2261,Customer CUS-2261,Consumer,United States,City_72,New York,East,PROD-81931,Office Supplies,Tables,Tables Product PROD-81931,274.25,1,0.00,253.39,Low
ORD-10329,2023-01-24,2023-01-24,Second Class,CUS-7244,Customer CUS-7244,Consumer,United States,City_76,Georgia,South,PROD-35801,Office Supplies,Laptops,Laptops Product PROD-35801,707.41,7,0.00,508.83,High
ORD-10330,2022-08-10,2022-08-10,First Class,CUS-2379,Customer CUS-2379,Consumer,United States,City_25,Texas,Central,PROD-72639,Technology,Binders,Binders Product PROD-72639,494.97,4,0.00,349.70,High
ORD-10331,2022-06-08,2022-06-08,Standard Class,CUS-5959,Customer CUS-5959,Consumer,United States,City_40,California,West,PROD-55871,Furniture,Storage,Storage Product PROD-55871,1017.37,8,0.00,577.00,Critical
ORD-10332,2023-03-05,2023-03-05,Same Day,CUS-8686,Customer CUS-8686,Home Office,United States,City_72,Texas,East,PROD-42486,Furniture,Bookcases,Bookcases Product PROD-42486,253.90,7,0.10,227.16,Medium
ORD-10333,2023-12-21,2023-12-21,Second Class,CUS-3120,Customer CUS-3120,Consumer,United States,City_28,Virginia,West,PROD-64496,Technology,Copiers,Copiers Product PROD-64496,130.41,1,0.00,112.07,Low
ORD-10334,2023-08-27,2023-08-27,First Class,CUS-3643,Customer CUS-3643,Consumer,United States,City_34,Virginia,West,PROD-28743,Office Supplies,Tables,Tables Product PROD-28743,2947.44,7,0.00,1902.33,Low
ORD-10335,2023-06-13,2023-06-13,Same Day,CUS-1553,Customer CUS-1553,Corporate,United States,City_31,California,South,PROD-87115,Office Supplies,Phones,Phones Product PROD-87115,659.69,3,0.20,587.33,Medium
ORD-10336,2022-01-18,2022-01-18,Second Class,CUS-8466,Customer CUS-8466,Consumer,United States,City_91,Florida,South,PROD-30209,Office Supplies,Phones,Phones Product PROD-30209,674.50,8,0.00,454.19,Low
ORD-10337,2023-11-12,2023-11-12,First Class,CUS-3450,Customer CUS-3450,Corporate,United States,City_70,Washington,East,PROD-69554,Furniture,Chairs,Chairs Product PROD-69554,2149.33,10,0.00,1301.09,High
ORD-10338,2024-03-19,2024-03-19,Standard Class,CUS-8942,Customer CUS-8942,Consumer,United States,City_20,Pennsylvania,East,PROD-76641,Office Supplies,Copiers,Copiers Product PROD-76641,1591.43,4,0.05,921.64,High
ORD-10339,2022-09-07,2022-09-07,Same Day,CUS-9034,Customer CUS-9034,Home Office,United States,City_37,Georgia,West,PROD-52501,Office Supplies,Phones,Phones Product PROD-52501,303.58,4,0.05,261.02,Medium
ORD-10340,2023-11-14,2023-11-14,Standard Class,CUS-2980,Customer CUS-2980,Consumer,United States,City_41,Washington,East,PROD-25080,Furniture,Bookcases,Bookcases Product PROD-25080,319.86,2,0.10,269.51,Medium
ORD-10341,2024-08-18,2024-08-18,Same Day,CUS-1975,Customer CUS-1975,Corporate,United States,City_7,Washington,Central,PROD-83761,Technology,Storage,Storage Product PROD-83761,341.03,5,0.00,287.33,Low
ORD-10342,2023-12-18,2023-12-18,Standard Class,CUS-8198,Customer CUS-8198,Home Office,United States,City_67,Virginia,East,PROD-56087,Office Supplies,Copiers,Copiers Product PROD-56087,560.46,3,0.00,482.55,Medium
ORD-10343,2022-04-13,2022-04-13,Same Day,CUS-3238,Customer CUS-3238,Home Office,United States,City_77,Pennsylvania,East,PROD-24198,Furniture,Accessories,Accessories Product PROD-24198,1488.24,8,0.10,1364.39,Medium
ORD-10344,2024-09-05,2024-09-05,Same Day,CUS-6920,Customer CUS-6920,Corporate,United States,City_24,Virginia,South,PROD-34550,Office Supplies,Laptops,Laptops Product PROD-34550,2328.20,5,0.00,1332.59,Critical
ORD-10345,2024-12-17,2024-12-17,Standard Class,CUS-7682,Customer CUS-7682,Home Office,United States,City_28,Washington,West,PROD-26325,Furniture,Paper,Paper Product PROD-26325,479.88,9,0.20,371.04,Critical
ORD-10346,2023-12-06,2023-12-06,First Class,CUS-5356,Customer CUS-5356,Consumer,United States,City_85,Georgia,East,PROD-46725,Office Supplies,Storage,Storage Product PROD-46725,1395.32,3,0.00,1162.79,Critical
ORD-10347,2022-08-07,2022-08-07,Same Day,CUS-4809,Customer CUS-4809,Consumer,United States,City_77,Texas,West,PROD-75081,Office Supplies,Accessories,Accessories Product PROD-75081,1638.15,4,0.00,1453.25,High
ORD-10348,2024-01-12,2024-01-12,Standard Class,CUS-8290,Customer CUS-8290,Home Office,United States,City_8,New York,Central,PROD-63384,Office Supplies,Bookcases,Bookcases Product PROD-63384,1410.40,9,0.15,1116.48,Medium
ORD-10349,2023-10-03,2023-10-03,Standard Class,CUS-8415,Customer CUS-8415,Corporate,United States,City_34,California,West,PROD-84093,Office Supplies,Paper,Paper Product PROD-84093,164.71,8,0.00,133.24,Low
ORD-10350,2022-06-08,2022-06-08,Standard Class,CUS-8724,Customer CUS-8724,Home Office,United States,City_90,Ohio,East,PROD-85597,Technology,Tables,Tables Product PROD-85597,145.72,3,0.00,130.51,Low
ORD-10351,2023-05-15,2023-05-15,First Class,CUS-3975,Customer CUS-3975,Corporate,United States,City_60,California,Central,PROD-89751,Office Supplies,Paper,Paper Product PROD-89751,1164.54,10,0.00,685.41,Medium
ORD-10352,2024-12-10,2024-12-10,Standard Class,CUS-2519,Customer CUS-2519,Home Office,United States,City_68,Illinois,East,PROD-38599,Technology,Accessories,Accessories Product PROD-38599,2363.96,8,0.05,1672.34,Medium
ORD-10353,2022-01-27,2022-01-27,First Class,CUS-8413,Customer CUS-8413,Home Office,United States,City_48,Georgia,East,PROD-62330,Office Supplies,Tables,Tables Product PROD-62330,2150.15,6,0.15,1351.47,Critical
ORD-10354,2022-03-19,2022-03-19,Standard Class,CUS-9890,Customer CUS-9890,Home Office,United States,City_44,Ohio,West,PROD-26187,Technology,Bookcases,Bookcases Product PROD-26187,263.73,3,0.00,189.25,Critical
ORD-10355,2023-05-09,2023-05-09,First Class,CUS-9003,Customer CUS-9003,Consumer,United States,City_12,Florida,South,PROD-14663,Furniture,Storage,Storage Product PROD-14663,790.98,2,0.00,628.60,Low
ORD-10356,2023-04-14,2023-04-14,First Class,CUS-6807,Customer CUS-6807,Corporate,United States,City_28,Georgia,Central,PROD-89462,Technology,Tables,Tables Product PROD-89462,1206.13,4,0.10,915.53,Low
ORD-10357,2024-08-10,2024-08-10,First Class,CUS-4375,Customer CUS-4375,Home Office,United States,City_56,Washington,Central,PROD-26945,Technology,Tables,Tables Product PROD-26945,1806.61,8,0.00,1121.22,Low
ORD-10358,2024-09-11,2024-09-11,Second Class,CUS-3260,Customer CUS-3260,Home Office,United States,City_94,Washington,Central,PROD-79761,Technology,Binders,Binders Product PROD-79761,1808.01,5,0.00,1461.23,Medium
ORD-10359,2023-05-26,2023-05-26,Same Day,CUS-1763,Customer CUS-1763,Consumer,United States,City_54,Georgia,Central,PROD-62611,Technology,Bookcases,Bookcases Product PROD-62611,930.95,3,0.20,824.35,Low
ORD-10360,2022-09-04,2022-09-04,Second Class,CUS-9156,Customer CUS-9156,Home Office,United States,City_99,Florida,Central,PROD-14975,Technology,Storage,Storage Product PROD-14975,1056.05,5,0.10,770.87,Medium
ORD-10361,2024-07-28,2024-07-28,Standard Class,CUS-6098,Customer CUS-6098,Home Office,United States,City_69,Georgia,Central,PROD-70986,Office Supplies,Paper,Paper Product PROD-70986,1672.99,10,0.15,1388.56,High
ORD-10362,2024-07-18,2024-07-18,Standard Class,CUS-7224,Customer CUS-7224,Consumer,United States,City_5,California,South,PROD-87924,Furniture,Laptops,Laptops Product PROD-87924,729.79,8,0.00,558.91,Medium
ORD-10363,2024-05-27,2024-05-27,Same Day,CUS-6604,Customer CUS-6604,Consumer,United States,City_79,Washington,Central,PROD-75776,Technology,Accessories,Accessories Product PROD-75776,2037.01,6,0.15,1785.20,Critical
ORD-10364,2023-02-28,2023-02-28,Same Day,CUS-8751,Customer CUS-8751,Corporate,United States,City_6,Pennsylvania,Central,PROD-31509,Technology,Paper,Paper Product PROD-31509,2592.31,10,0.05,2006.03,High
ORD-10365,2023-10-10,2023-10-10,Second Class,CUS-1558,Customer CUS-1558,Consumer,United States,City_73,Pennsylvania,South,PROD-68604,Furniture,Storage,Storage Product PROD-68604,718.99,3,0.15,411.27,Medium
ORD-10366,2024-06-14,2024-06-14,Standard Class,CUS-7566,Customer CUS-7566,Corporate,United States,City_93,Ohio,East,PROD-76177,Technology,Bookcases,Bookcases Product PROD-76177,73.15,2,0.20,43.53,High
ORD-10367,2022-04-08,2022-04-08,Second Class,CUS-9251,Customer CUS-9251,Consumer,United States,City_22,California,Central,PROD-23225,Technology,Laptops,Laptops Product PROD-23225,3591.47,10,0.00,2463.00,Critical
ORD-10368,2022-11-21,2022-11-21,Standard Class,CUS-5245,Customer CUS-5245,Consumer,United States,City_66,Pennsylvania,West,PROD-67381,Office Supplies,Storage,Storage Product PROD-67381,194.40,7,0.00,133.83,Medium
ORD-10369,2022-06-16,2022-06-16,Standard Class,CUS-7391,Customer CUS-7391,Corporate,United States,City_25,Pennsylvania,East,PROD-86692,Office Supplies,Phones,Phones Product PROD-86692,846.51,2,0.05,539.76,Critical
ORD-10370,2022-07-16,2022-07-16,Same Day,CUS-2866,Customer CUS-2866,Corporate,United States,City_84,Georgia,Central,PROD-13366,Technology,Storage,Storage Product PROD-13366,697.99,2,0.00,504.21,Critical
ORD-10371,2022-12-03,2022-12-03,Standard Class,CUS-9524,Customer CUS-9524,Home Office,United States,City_21,California,South,PROD-98920,Furniture,Bookcases,Bookcases Product PROD-98920,1314.79,3,0.00,775.47,Critical
ORD-10372,2023-09-19,2023-09-19,Second Class,CUS-7124,Customer CUS-7124,Corporate,United States,City_36,Georgia,West,PROD-93113,Technology,Laptops,Laptops Product PROD-93113,214.43,2,0.00,127.05,Medium
ORD-10373,2022-01-18,2022-01-18,Same Day,CUS-6369,Customer CUS-6369,Corporate,United States,City_47,Georgia,Central,PROD-76567,Office Supplies,Copiers,Copiers Product PROD-76567,815.53,3,0.15,631.48,Low
ORD-10374,2023-02-11,2023-02-11,Second Class,CUS-3605,Customer CUS-3605,Home Office,United States,City_53,Florida,South,PROD-76993,Furniture,Copiers,Copiers Product PROD-76993,2526.45,10,0.15,1580.27,Medium
ORD-10375,2023-10-24,2023-10-24,Second Class,CUS-6337,Customer CUS-6337,Consumer,United States,City_63,Georgia,South,PROD-62080,Furniture,Storage,Storage Product PROD-62080,763.39,3,0.00,621.21,Critical
ORD-10376,2023-05-13,2023-05-13,Second Class,CUS-2779,Customer CUS-2779,Corporate,United States,City_59,California,East,PROD-55742,Technology,Tables,Tables Product PROD-55742,59.49,1,0.00,41.27,Medium
ORD-10377,2022-08-02,2022-08-02,First Class,CUS-6835,Customer CUS-6835,Consumer,United States,City_42,Georgia,Central,PROD-72737,Furniture,Bookcases,Bookcases Product PROD-72737,1326.46,3,0.00,887.61,Low
ORD-10378,2022-12-22,2022-12-22,Standard Class,CUS-3425,Customer CUS-3425,Home Office,United States,City_74,Texas,South,PROD-27987,Furniture,Accessories,Accessories Product PROD-27987,420.74,3,0.00,246.55,Critical
ORD-10379,2024-04-07,2024-04-07,Standard Class,CUS-9304,Customer CUS-9304,Consumer,United States,City_64,California,East,PROD-75833,Furniture,Copiers,Copiers Product PROD-75833,205.90,1,0.00,146.25,High
ORD-10380,2023-01-09,2023-01-09,Same Day,CUS-5552,Customer CUS-5552,Consumer,United States,City_8,Ohio,Central,PROD-43662,Office Supplies,Chairs,Chairs Product PROD-43662,294.21,4,0.00,174.69,Low
ORD-10381,2023-06-23,2023-06-23,First Class,CUS-5738,Customer CUS-5738,Consumer,United States,City_97,Washington,Central,PROD-18359,Office Supplies,Laptops,Laptops Product PROD-18359,69.86,5,0.00,43.05,Critical
ORD-10382,2024-06-27,2024-06-27,Standard Class,CUS-4002,Customer CUS-4002,Corporate,United States,City_50,Pennsylvania,Central,PROD-21687,Office Supplies,Paper,Paper Product PROD-21687,644.00,7,0.00,459.47,Critical
ORD-10383,2022-08-22,2022-08-22,Standard Class,CUS-8648,Customer CUS-8648,Corporate,United States,City_39,Illinois,Central,PROD-88033,Furniture,Tables,Tables Product PROD-88033,4484.72,9,0.00,3500.69,Low
ORD-10384,2024-02-17,2024-02-17,Same Day,CUS-7565,Customer CUS-7565,Consumer,United States,City_71,Florida,West,PROD-42774,Office Supplies,Accessories,Accessories Product PROD-42774,1050.40,6,0.20,689.19,High
ORD-10385,2024-12-02,2024-12-02,First Class,CUS-9251,Customer CUS-9251,Corporate,United States,City_17,Ohio,Central,PROD-72428,Furniture,Binders,Binders Product PROD-72428,1473.16,6,0.00,839.36,Medium
ORD-10386,2022-04-02,2022-04-02,First Class,CUS-4732,Customer CUS-4732,Consumer,United States,City_96,Virginia,Central,PROD-94906,Technology,Chairs,Chairs Product PROD-94906,648.56,8,0.00,598.91,Critical
ORD-10387,2023-08-27,2023-08-27,Second Class,CUS-6703,Customer CUS-6703,Corporate,United States,City_1,California,South,PROD-42935,Technology,Accessories,Accessories Product PROD-42935,1360.15,5,0.00,1262.50,Medium
ORD-10388,2024-04-07,2024-04-07,Standard Class,CUS-2729,Customer CUS-2729,Home Office,United States,City_40,Virginia,East,PROD-87013,Office Supplies,Paper,Paper Product PROD-87013,672.30,3,0.10,465.48,High
ORD-10389,2023-10-22,2023-10-22,Same Day,CUS-2113,Customer CUS-2113,Home Office,United States,City_8,Washington,West,PROD-48866,Furniture,Bookcases,Bookcases Product PROD-48866,663.58,2,0.15,608.01,Critical
ORD-10390,2022-11-06,2022-11-06,Same Day,CUS-1372,Customer CUS-1372,Home Office,United States,City_82,Texas,West,PROD-66586,Furniture,Accessories,Accessories Product PROD-66586,181.97,1,0.20,150.13,Low
ORD-10391,2022-07-09,2022-07-09,Same Day,CUS-7762,Customer CUS-7762,Consumer,United States,City_60,Virginia,South,PROD-57146,Office Supplies,Binders,Binders Product PROD-57146,2156.39,7,0.15,1803.72,High
ORD-10392,2024-09-15,2024-09-15,Standard Class,CUS-2198,Customer CUS-2198,Home Office,United States,City_37,Texas,West,PROD-41311,Office Supplies,Tables,Tables Product PROD-41311,972.01,5,0.10,579.96,Medium
ORD-10393,2023-04-27,2023-04-27,Second Class,CUS-5318,Customer CUS-5318,Corporate,United States,City_3,California,East,PROD-97152,Office Supplies,Paper,Paper Product PROD-97152,2650.68,10,0.00,1660.66,High
ORD-10394,2023-01-02,2023-01-02,Second Class,CUS-4664,Customer CUS-4664,Corporate,United States,City_92,Georgia,South,PROD-81275,Office Supplies,Copiers,Copiers Product PROD-81275,711.60,5,0.00,670.62,High
ORD-10395,2024-05-17,2024-05-17,First Class,CUS-6002,Customer CUS-6002,Home Office,United States,City_39,Washington,West,PROD-75721,Office Supplies,Storage,Storage Product PROD-75721,904.01,3,0.20,811.99,Low
ORD-10396,2023-06-02,2023-06-02,Second Class,CUS-8523,Customer CUS-8523,Consumer,United States,City_75,Texas,Central,PROD-14403,Technology,Phones,Phones Product PROD-14403,2899.65,9,0.00,2426.71,Low
ORD-10397,2022-06-17,2022-06-17,First Class,CUS-3936,Customer CUS-3936,Corporate,United States,City_63,Washington,East,PROD-66819,Furniture,Accessories,Accessories Product PROD-66819,413.91,1,0.00,275.86,Low
ORD-10398,2022-07-28,2022-07-28,Standard Class,CUS-1385,Customer CUS-1385,Corporate,United States,City_7,Georgia,West,PROD-75064,Furniture,Chairs,Chairs Product PROD-75064,192.44,10,0.00,154.33,High
ORD-10399,2023-01-11,2023-01-11,Standard Class,CUS-9928,Customer CUS-9928,Consumer,United States,City_45,New York,East,PROD-79130,Technology,Copiers,Copiers Product PROD-79130,4180.12,10,0.00,2837.95,Critical
ORD-10400,2023-12-27,2023-12-27,Standard Class,CUS-6869,Customer CUS-6869,Home Office,United States,City_70,Washington,South,PROD-79716,Technology,Bookcases,Bookcases Product PROD-79716,195.21,2,0.20,114.89,Medium
ORD-10401,2024-06-25,2024-06-25,First Class,CUS-6721,Customer CUS-6721,Consumer,United States,City_95,Washington,East,PROD-39952,Office Supplies,Phones,Phones Product PROD-39952,2837.97,8,0.15,1615.36,Low
ORD-10402,2023-12-22,2023-12-22,Same Day,CUS-5846,Customer CUS-5846,Corporate,United States,City_45,Ohio,Central,PROD-50343,Office Supplies,Phones,Phones Product PROD-50343,493.79,5,0.15,358.77,Critical
ORD-10403,2023-10-21,2023-10-21,Same Day,CUS-1659,Customer CUS-1659,Home Office,United States,City_94,Georgia,South,PROD-90395,Office Supplies,Paper,Paper Product PROD-90395,2008.50,5,0.00,1638.09,High
ORD-10404,2022-01-03,2022-01-03,First Class,CUS-5809,Customer CUS-5809,Home Office,United States,City_69,Virginia,South,PROD-63650,Furniture,Bookcases,Bookcases Product PROD-63650,185.30,2,0.00,118.59,Low
ORD-10405,2023-03-02,2023-03-02,Same Day,CUS-9569,Customer CUS-9569,Consumer,United States,City_86,Florida,East,PROD-54380,Technology,Bookcases,Bookcases Product PROD-54380,530.51,7,0.05,405.97,Critical
ORD-10406,2022-03-15,2022-03-15,Standard Class,CUS-1943,Customer CUS-1943,Corporate,United States,City_83,Texas,South,PROD-34405,Furniture,Storage,Storage Product PROD-34405,2117.40,8,0.20,1271.51,High
ORD-10407,2024-05-15,2024-05-15,Second Class,CUS-1142,Customer CUS-1142,Corporate,United States,City_2,Pennsylvania,Central,PROD-78145,Technology,Chairs,Chairs Product PROD-78145,177.24,1,0.20,116.29,High
ORD-10408,2022-11-12,2022-11-12,First Class,CUS-7064,Customer CUS-7064,Home Office,United States,City_66,Florida,West,PROD-68613,Furniture,Phones,Phones Product PROD-68613,2794.49,6,0.00,2629.77,Medium
ORD-10409,2023-06-09,2023-06-09,Standard Class,CUS-1696,Customer CUS-1696,Corporate,United States,City_56,California,South,PROD-57512,Furniture,Tables,Tables Product PROD-57512,733.75,6,0.15,668.33,Low
ORD-10410,2023-09-19,2023-09-19,Standard Class,CUS-3909,Customer CUS-3909,Corporate,United States,City_18,Virginia,Central,PROD-80952,Office Supplies,Paper,Paper Product PROD-80952,921.70,5,0.00,768.89,Medium
ORD-10411,2022-03-02,2022-03-02,Standard Class,CUS-6077,Customer CUS-6077,Home Office,United States,City_69,California,East,PROD-65778,Technology,Phones,Phones Product PROD-65778,1048.00,3,0.05,690.83,Critical
ORD-10412,2022-11-01,2022-11-01,Second Class,CUS-8189,Customer CUS-8189,Home Office,United States,City_35,Texas,East,PROD-58790,Office Supplies,Bookcases,Bookcases Product PROD-58790,654.42,9,0.05,407.94,Medium
ORD-10413,2022-12-01,2022-12-01,Same Day,CUS-6709,Customer CUS-6709,Corporate,United States,City_99,Georgia,East,PROD-72837,Technology,Phones,Phones Product PROD-72837,186.69,8,0.00,153.28,High
ORD-10414,2024-07-25,2024-07-25,First Class,CUS-4716,Customer CUS-4716,Consumer,United States,City_40,Texas,East,PROD-20207,Furniture,Chairs,Chairs Product PROD-20207,682.29,4,0.00,601.07,Medium
ORD-10415,2022-04-08,2022-04-08,First Class,CUS-9788,Customer CUS-9788,Consumer,United States,City_62,Ohio,East,PROD-72460,Furniture,Bookcases,Bookcases Product PROD-72460,2713.71,6,0.00,2194.49,High
ORD-10416,2024-08-01,2024-08-01,Same Day,CUS-2279,Customer CUS-2279,Corporate,United States,City_26,Washington,South,PROD-76760,Furniture,Laptops,Laptops Product PROD-76760,3105.33,9,0.00,2730.65,Low
ORD-10417,2023-11-25,2023-11-25,Standard Class,CUS-6060,Customer CUS-6060,Corporate,United States,City_69,California,West,PROD-28942,Office Supplies,Phones,Phones Product PROD-28942,428.91,2,0.00,286.76,Low
ORD-10418,2022-11-14,2022-11-14,Same Day,CUS-2998,Customer CUS-2998,Consumer,United States,City_93,New York,South,PROD-45725,Office Supplies,Phones,Phones Product PROD-45725,3132.68,9,0.15,2950.41,Critical
ORD-10419,2023-07-16,2023-07-16,Same Day,CUS-7871,Customer CUS-7871,Corporate,United States,City_99,Virginia,South,PROD-17887,Technology,Phones,Phones Product PROD-17887,136.77,4,0.00,79.68,Critical
ORD-10420,2024-03-21,2024-03-21,Standard Class,CUS-2288,Customer CUS-2288,Home Office,United States,City_7,Virginia,Central,PROD-99590,Office Supplies,Copiers,Copiers Product PROD-99590,1000.58,5,0.15,589.25,Medium
ORD-10421,2024-06-12,2024-06-12,Second Class,CUS-5424,Customer CUS-5424,Home Office,United States,City_32,Georgia,South,PROD-85623,Office Supplies,Bookcases,Bookcases Product PROD-85623,314.61,6,0.00,221.55,Low
ORD-10422,2023-02-06,2023-02-06,First Class,CUS-2584,Customer CUS-2584,Corporate,United States,City_2,Pennsylvania,South,PROD-97139,Office Supplies,Copiers,Copiers Product PROD-97139,830.08,7,0.05,553.30,High
ORD-10423,2022-02-25,2022-02-25,Same Day,CUS-7385,Customer CUS-7385,Home Office,United States,City_66,Texas,East,PROD-19175,Office Supplies,Laptops,Laptops Product PROD-19175,2696.27,7,0.00,1732.70,Medium
ORD-10424,2023-09-12,2023-09-12,First Class,CUS-4507,Customer CUS-4507,Home Office,United States,City_10,New York,East,PROD-90033,Furniture,Binders,Binders Product PROD-90033,471.29,2,0.00,307.29,Medium
ORD-10425,2022-03-04,2022-03-04,Second Class,CUS-2984,Customer CUS-2984,Consumer,United States,City_49,Georgia,East,PROD-87462,Technology,Chairs,Chairs Product PROD-87462,1967.27,5,0.10,1556.64,High
ORD-10426,2022-07-20,2022-07-20,Same Day,CUS-6274,Customer CUS-6274,Home Office,United States,City_49,Ohio,East,PROD-19462,Technology,Tables,Tables Product PROD-19462,594.50,5,0.05,332.56,High
ORD-10427,2024-04-02,2024-04-02,Second Class,CUS-9171,Customer CUS-9171,Home Office,United States,City_76,Illinois,South,PROD-66130,Office Supplies,Chairs,Chairs Product PROD-66130,2153.97,9,0.00,1344.02,Low
ORD-10428,2024-11-21,2024-11-21,Same Day,CUS-8504,Customer CUS-8504,Corporate,United States,City_58,Texas,Central,PROD-35936,Technology,Accessories,Accessories Product PROD-35936,865.78,3,0.00,489.62,Critical
ORD-10429,2022-12-19,2022-12-19,Same Day,CUS-3636,Customer CUS-3636,Corporate,United States,City_24,California,South,PROD-42277,Furniture,Laptops,Laptops Product PROD-42277,96.22,1,0.10,72.92,Low
ORD-10430,2024-12-22,2024-12-22,First Class,CUS-1645,Customer CUS-1645,Consumer,United States,City_95,Texas,South,PROD-33523,Technology,Binders,Binders Product PROD-33523,811.54,5,0.00,447.46,Low
ORD-10431,2024-06-11,2024-06-11,Second Class,CUS-7635,Customer CUS-7635,Consumer,United States,City_50,Ohio,West,PROD-43814,Technology,Bookcases,Bookcases Product PROD-43814,155.59,1,0.00,88.53,Critical
ORD-10432,2023-04-27,2023-04-27,Standard Class,CUS-2910,Customer CUS-2910,Consumer,United States,City_82,Pennsylvania,West,PROD-29685,Office Supplies,Tables,Tables Product PROD-29685,615.91,10,0.15,522.91,Medium
ORD-10433,2023-12-28,2023-12-28,Second Class,CUS-4337,Customer CUS-4337,Home Office,United States,City_94,Florida,East,PROD-39830,Furniture,Phones,Phones Product PROD-39830,3181.70,8,0.00,2427.33,Critical
ORD-10434,2022-08-21,2022-08-21,Same Day,CUS-9551,Customer CUS-9551,Corporate,United States,City_51,Georgia,Central,PROD-47206,Furniture,Accessories,Accessories Product PROD-47206,273.10,1,0.00,204.03,Critical
ORD-10435,2023-04-24,2023-04-24,Second Class,CUS-2463,Customer CUS-2463,Corporate,United States,City_37,Virginia,West,PROD-44750,Furniture,Accessories,Accessories Product PROD-44750,261.72,7,0.20,198.63,Low
ORD-10436,2024-02-17,2024-02-17,Same Day,CUS-9959,Customer CUS-9959,Corporate,United States,City_10,New York,South,PROD-40147,Furniture,Paper,Paper Product PROD-40147,3975.40,10,0.00,3762.78,Low
ORD-10437,2024-07-14,2024-07-14,Same Day,CUS-8818,Customer CUS-8818,Consumer,United States,City_15,Florida,West,PROD-22137,Technology,Copiers,Copiers Product PROD-22137,54.85,1,0.20,48.91,Critical
ORD-10438,2024-03-03,2024-03-03,Standard Class,CUS-4940,Customer CUS-4940,Corporate,United States,City_97,Illinois,West,PROD-65727,Furniture,Chairs,Chairs Product PROD-65727,1942.76,5,0.15,1209.12,Critical
ORD-10439,2024-06-27,2024-06-27,First Class,CUS-1877,Customer CUS-1877,Consumer,United States,City_14,California,West,PROD-20719,Technology,Chairs,Chairs Product PROD-20719,133.80,1,0.00,79.70,Medium
ORD-10440,2024-09-12,2024-09-12,Standard Class,CUS-1190,Customer CUS-1190,Home Office,United States,City_49,Florida,Central,PROD-50006,Furniture,Chairs,Chairs Product PROD-50006,85.71,3,0.00,66.11,Critical
ORD-10441,2023-11-27,2023-11-27,Second Class,CUS-1483,Customer CUS-1483,Home Office,United States,City_69,California,South,PROD-29231,Technology,Copiers,Copiers Product PROD-29231,891.58,2,0.05,672.33,Critical
ORD-10442,2024-03-14,2024-03-14,Same Day,CUS-9228,Customer CUS-9228,Home Office,United States,City_25,California,South,PROD-67446,Office Supplies,Bookcases,Bookcases Product PROD-67446,578.89,2,0.00,498.17,Critical
ORD-10443,2024-06-15,2024-06-15,Second Class,CUS-7734,Customer CUS-7734,Consumer,United States,City_74,Virginia,East,PROD-55317,Furniture,Storage,Storage Product PROD-55317,971.57,3,0.00,733.93,Medium
ORD-10444,2023-05-21,2023-05-21,Second Class,CUS-4212,Customer CUS-4212,Consumer,United States,City_96,Florida,South,PROD-63510,Technology,Binders,Binders Product PROD-63510,1065.36,3,0.00,631.72,Low
ORD-10445,2024-03-24,2024-03-24,Standard Class,CUS-4031,Customer CUS-4031,Corporate,United States,City_22,Pennsylvania,South,PROD-72412,Technology,Chairs,Chairs Product PROD-72412,254.43,1,0.00,204.53,Critical
ORD-10446,2023-12-21,2023-12-21,Same Day,CUS-3996,Customer CUS-3996,Consumer,United States,City_48,Pennsylvania,South,PROD-74966,Office Supplies,Phones,Phones Product PROD-74966,3115.56,8,0.15,2484.61,Low
ORD-10447,2022-12-11,2022-12-11,Same Day,CUS-1521,Customer CUS-1521,Home Office,United States,City_40,California,Central,PROD-62314,Office Supplies,Accessories,Accessories Product PROD-62314,692.45,2,0.00,415.83,Medium
ORD-10448,2023-05-27,2023-05-27,Second Class,CUS-7064,Customer CUS-7064,Home Office,United States,City_44,Illinois,Central,PROD-41069,Technology,Binders,Binders Product PROD-41069,2891.41,6,0.00,2105.39,Critical
ORD-10449,2022-06-09,2022-06-09,Same Day,CUS-9108,Customer CUS-9108,Consumer,United States,City_21,New York,Central,PROD-30931,Technology,Accessories,Accessories Product PROD-30931,1625.76,6,0.00,1242.91,Critical
ORD-10450,2024-03-10,2024-03-10,Same Day,CUS-7303,Customer CUS-7303,Consumer,United States,City_53,Texas,East,PROD-66741,Office Supplies,Laptops,Laptops Product PROD-66741,723.78,8,0.00,419.23,Low
ORD-10451,2022-02-10,2022-02-10,Same Day,CUS-6117,Customer CUS-6117,Corporate,United States,City_9,California,East,PROD-33764,Office Supplies,Storage,Storage Product PROD-33764,896.85,2,0.00,612.01,High
ORD-10452,2024-07-07,2024-07-07,First Class,CUS-8775,Customer CUS-8775,Home Office,United States,City_84,Pennsylvania,East,PROD-34423,Office Supplies,Accessories,Accessories Product PROD-34423,2562.70,6,0.00,2364.95,High
ORD-10453,2022-05-24,2022-05-24,Second Class,CUS-1824,Customer CUS-1824,Consumer,United States,City_35,California,South,PROD-67124,Furniture,Bookcases,Bookcases Product PROD-67124,299.26,7,0.10,270.50,Critical
ORD-10454,2024-11-20,2024-11-20,Standard Class,CUS-9572,Customer CUS-9572,Consumer,United States,City_33,Washington,South,PROD-96474,Furniture,Bookcases,Bookcases Product PROD-96474,890.38,2,0.00,664.59,Medium
ORD-10455,2023-07-19,2023-07-19,Second Class,CUS-3714,Customer CUS-3714,Consumer,United States,City_4,Virginia,West,PROD-91068,Office Supplies,Accessories,Accessories Product PROD-91068,2049.14,7,0.15,1929.47,High
ORD-10456,2024-01-03,2024-01-03,Standard Class,CUS-1325,Customer CUS-1325,Home Office,United States,City_67,California,South,PROD-25033,Office Supplies,Phones,Phones Product PROD-25033,764.36,8,0.05,586.13,High
ORD-10457,2022-11-19,2022-11-19,Second Class,CUS-6182,Customer CUS-6182,Home Office,United States,City_49,California,West,PROD-46608,Technology,Accessories,Accessories Product PROD-46608,362.79,3,0.00,299.38,Low
ORD-10458,2022-07-26,2022-07-26,Second Class,CUS-1650,Customer CUS-1650,Consumer,United States,City_46,Georgia,West,PROD-30313,Furniture,Phones,Phones Product PROD-30313,352.66,3,0.00,232.92,Medium
ORD-10459,2022-01-28,2022-01-28,First Class,CUS-4466,Customer CUS-4466,Corporate,United States,City_75,Pennsylvania,South,PROD-13351,Furniture,Phones,Phones Product PROD-13351,1486.89,4,0.20,1336.05,Medium
ORD-10460,2022-01-22,2022-01-22,Second Class,CUS-9822,Customer CUS-9822,Consumer,United States,City_45,Texas,West,PROD-22483,Furniture,Storage,Storage Product PROD-22483,986.32,4,0.20,877.96,Low
ORD-10461,2023-06-26,2023-06-26,Second Class,CUS-9453,Customer CUS-9453,Corporate,United States,City_42,Texas,West,PROD-47570,Technology,Tables,Tables Product PROD-47570,601.24,5,0.00,422.87,High
ORD-10462,2022-08-04,2022-08-04,Standard Class,CUS-3445,Customer CUS-3445,Consumer,United States,City_12,Pennsylvania,Central,PROD-17478,Furniture,Paper,Paper Product PROD-17478,2359.48,5,0.05,1703.13,Medium
ORD-10463,2024-10-21,2024-10-21,Standard Class,CUS-2445,Customer CUS-2445,Consumer,United States,City_62,Pennsylvania,West,PROD-95918,Technology,Laptops,Laptops Product PROD-95918,1025.55,3,0.00,907.93,Critical
ORD-10464,2023-12-27,2023-12-27,First Class,CUS-1290,Customer CUS-1290,Home Office,United States,City_59,Florida,Central,PROD-44462,Office Supplies,Phones,Phones Product PROD-44462,637.72,2,0.05,387.58,High
ORD-10465,2024-05-10,2024-05-10,Same Day,CUS-3782,Customer CUS-3782,Corporate,United States,City_89,Washington,West,PROD-22425,Furniture,Laptops,Laptops Product PROD-22425,1322.93,7,0.00,1173.73,Low
ORD-10466,2022-07-19,2022-07-19,Second Class,CUS-1427,Customer CUS-1427,Corporate,United States,City_27,California,East,PROD-14076,Technology,Paper,Paper Product PROD-14076,3275.10,10,0.00,2520.40,Medium
ORD-10467,2023-02-10,2023-02-10,Second Class,CUS-5157,Customer CUS-5157,Corporate,United States,City_55,California,South,PROD-65103,Office Supplies,Storage,Storage Product PROD-65103,2066.98,8,0.00,1348.66,Critical
ORD-10468,2023-09-02,2023-09-02,Same Day,CUS-1793,Customer CUS-1793,Consumer,United States,City_63,New York,South,PROD-84385,Furniture,Laptops,Laptops Product PROD-84385,1535.46,4,0.00,1084.61,Low
ORD-10469,2024-11-22,2024-11-22,First Class,CUS-4337,Customer CUS-4337,Consumer,United States,City_63,New York,Central,PROD-29606,Technology,Copiers,Copiers Product PROD-29606,169.94,9,0.00,137.23,Critical
ORD-10470,2023-09-14,2023-09-14,Second Class,CUS-3676,Customer CUS-3676,Consumer,United States,City_67,Pennsylvania,South,PROD-26492,Technology,Phones,Phones Product PROD-26492,791.51,2,0.10,510.47,High
ORD-10471,2022-04-07,2022-04-07,Same Day,CUS-4978,Customer CUS-4978,Corporate,United States,City_16,Texas,Central,PROD-57750,Office Supplies,Chairs,Chairs Product PROD-57750,2730.28,10,0.20,2048.59,Low
ORD-10472,2022-08-24,2022-08-24,First Class,CUS-1304,Customer CUS-1304,Home Office,United States,City_61,California,South,PROD-52744,Furniture,Copiers,Copiers Product PROD-52744,2836.74,8,0.00,1567.01,High
ORD-10473,2022-08-20,2022-08-20,Second Class,CUS-3184,Customer CUS-3184,Consumer,United States,City_79,Texas,South,PROD-78927,Office Supplies,Laptops,Laptops Product PROD-78927,144.88,1,0.20,132.69,Critical
ORD-10474,2024-10-14,2024-10-14,First Class,CUS-9712,Customer CUS-9712,Corporate,United States,City_95,Pennsylvania,West,PROD-59011,Office Supplies,Paper,Paper Product PROD-59011,973.73,6,0.00,887.05,High
ORD-10475,2024-02-12,2024-02-12,Standard Class,CUS-2682,Customer CUS-2682,Home Office,United States,City_21,Texas,East,PROD-26457,Technology,Phones,Phones Product PROD-26457,943.66,2,0.00,657.02,High
ORD-10476,2023-12-14,2023-12-14,Second Class,CUS-1258,Customer CUS-1258,Home Office,United States,City_14,Pennsylvania,East,PROD-74751,Furniture,Binders,Binders Product PROD-74751,2026.15,6,0.00,1582.99,Critical
ORD-10477,2023-05-28,2023-05-28,Second Class,CUS-2592,Customer CUS-2592,Home Office,United States,City_47,Illinois,Central,PROD-97738,Office Supplies,Laptops,Laptops Product PROD-97738,1749.18,5,0.00,1363.05,Critical
ORD-10478,2024-05-04,2024-05-04,First Class,CUS-8635,Customer CUS-8635,Home Office,United States,City_26,Illinois,West,PROD-49261,Office Supplies,Accessories,Accessories Product PROD-49261,1272.73,8,0.00,888.57,Critical
ORD-10479,2023-01-08,2023-01-08,First Class,CUS-3180,Customer CUS-3180,Corporate,United States,City_90,Pennsylvania,East,PROD-61390,Technology,Laptops,Laptops Product PROD-61390,963.14,3,0.00,746.64,Low
ORD-10480,2022-05-12,2022-05-12,Same Day,CUS-8674,Customer CUS-8674,Corporate,United States,City_10,Pennsylvania,South,PROD-42066,Technology,Bookcases,Bookcases Product PROD-42066,375.20,8,0.10,291.71,Critical
ORD-10481,2022-01-21,2022-01-21,Second Class,CUS-3697,Customer CUS-3697,Consumer,United States,City_47,Washington,Central,PROD-81136,Technology,Paper,Paper Product PROD-81136,2512.15,10,0.00,1889.67,Medium
ORD-10482,2022-01-13,2022-01-13,Same Day,CUS-8294,Customer CUS-8294,Home Office,United States,City_44,Washington,South,PROD-39419,Technology,Bookcases,Bookcases Product PROD-39419,620.73,5,0.00,402.96,High
ORD-10483,2024-04-28,2024-04-28,Same Day,CUS-8095,Customer CUS-8095,Corporate,United States,City_84,Ohio,South,PROD-19339,Technology,Accessories,Accessories Product PROD-19339,390.46,3,0.05,367.99,Low
ORD-10484,2023-10-16,2023-10-16,First Class,CUS-8932,Customer CUS-8932,Consumer,United States,City_33,Illinois,Central,PROD-78571,Furniture,Phones,Phones Product PROD-78571,2200.75,5,0.00,1895.17,Critical
ORD-10485,2024-03-21,2024-03-21,Standard Class,CUS-8387,Customer CUS-8387,Home Office,United States,City_37,New York,East,PROD-17749,Technology,Accessories,Accessories Product PROD-17749,2608.32,7,0.05,2199.46,Medium
ORD-10486,2023-01-22,2023-01-22,First Class,CUS-5655,Customer CUS-5655,Corporate,United States,City_58,New York,West,PROD-67148,Office Supplies,Accessories,Accessories Product PROD-67148,2444.48,5,0.00,1393.32,Low
ORD-10487,2024-11-13,2024-11-13,Same Day,CUS-5877,Customer CUS-5877,Home Office,United States,City_17,California,Central,PROD-94185,Office Supplies,Phones,Phones Product PROD-94185,2442.81,6,0.10,1870.84,Medium
ORD-10488,2023-01-01,2023-01-01,First Class,CUS-6999,Customer CUS-6999,Consumer,United States,City_80,California,East,PROD-83337,Technology,Accessories,Accessories Product PROD-83337,266.22,7,0.00,202.24,Low
ORD-10489,2022-06-07,2022-06-07,Standard Class,CUS-2418,Customer CUS-2418,Consumer,United States,City_19,Ohio,East,PROD-14111,Technology,Bookcases,Bookcases Product PROD-14111,898.26,5,0.00,778.08,Critical
ORD-10490,2022-12-19,2022-12-19,Standard Class,CUS-5250,Customer CUS-5250,Corporate,United States,City_30,California,Central,PROD-98555,Furniture,Binders,Binders Product PROD-98555,89.58,3,0.20,69.97,Low
ORD-10491,2022-11-10,2022-11-10,Standard Class,CUS-4603,Customer CUS-4603,Consumer,United States,City_61,Georgia,West,PROD-32950,Furniture,Copiers,Copiers Product PROD-32950,1342.99,6,0.20,742.10,High
ORD-10492,2023-08-27,2023-08-27,Second Class,CUS-9371,Customer CUS-9371,Consumer,United States,City_7,California,West,PROD-13515,Office Supplies,Chairs,Chairs Product PROD-13515,499.71,2,0.10,277.22,High
ORD-10493,2022-02-05,2022-02-05,First Class,CUS-4827,Customer CUS-4827,Corporate,United States,City_94,Virginia,East,PROD-93832,Office Supplies,Paper,Paper Product PROD-93832,1206.40,4,0.05,1135.09,Critical
ORD-10494,2024-03-02,2024-03-02,First Class,CUS-1728,Customer CUS-1728,Corporate,United States,City_95,Texas,East,PROD-79446,Technology,Bookcases,Bookcases Product PROD-79446,1770.51,10,0.10,981.89,Critical
ORD-10495,2022-08-27,2022-08-27,Same Day,CUS-8835,Customer CUS-8835,Consumer,United States,City_66,Texas,South,PROD-49524,Technology,Paper,Paper Product PROD-49524,408.73,2,0.10,385.66,Critical
ORD-10496,2024-07-26,2024-07-26,First Class,CUS-7148,Customer CUS-7148,Corporate,United States,City_29,Pennsylvania,South,PROD-20798,Office Supplies,Paper,Paper Product PROD-20798,628.15,4,0.05,499.44,Low
ORD-10497,2023-11-24,2023-11-24,First Class,CUS-3354,Customer CUS-3354,Consumer,United States,City_54,Florida,Central,PROD-47552,Furniture,Tables,Tables Product PROD-47552,1850.55,4,0.00,1437.35,High
ORD-10498,2022-01-24,2022-01-24,Same Day,CUS-9753,Customer CUS-9753,Corporate,United States,City_68,Illinois,South,PROD-50913,Office Supplies,Storage,Storage Product PROD-50913,383.26,1,0.05,211.31,High
ORD-10499,2022-02-02,2022-02-02,First Class,CUS-5305,Customer CUS-5305,Home Office,United States,City_29,Georgia,South,PROD-77890,Furniture,Copiers,Copiers Product PROD-77890,1967.62,9,0.00,1638.19,Medium
ORD-10500,2022-03-28,2022-03-28,Standard Class,CUS-4772,Customer CUS-4772,Corporate,United States,City_97,Washington,West,PROD-79189,Furniture,Binders,Binders Product PROD-79189,2729.29,9,0.10,1810.63,Medium
ORD-10501,2022-02-20,2022-02-20,Same Day,CUS-5203,Customer CUS-5203,Corporate,United States,City_24,Illinois,East,PROD-48932,Technology,Copiers,Copiers Product PROD-48932,816.08,6,0.00,481.14,Medium
ORD-10502,2024-07-07,2024-07-07,Same Day,CUS-1139,Customer CUS-1139,Home Office,United States,City_61,Georgia,West,PROD-51795,Technology,Paper,Paper Product PROD-51795,1054.46,8,0.00,987.10,Low
ORD-10503,2024-07-12,2024-07-12,First Class,CUS-8585,Customer CUS-8585,Corporate,United States,City_88,Florida,Central,PROD-24104,Furniture,Storage,Storage Product PROD-24104,479.85,9,0.00,273.80,Critical
ORD-10504,2022-10-16,2022-10-16,Standard Class,CUS-1096,Customer CUS-1096,Consumer,United States,City_98,Georgia,West,PROD-56092,Office Supplies,Bookcases,Bookcases Product PROD-56092,990.16,6,0.00,886.25,Critical
ORD-10505,2024-04-23,2024-04-23,Same Day,CUS-9530,Customer CUS-9530,Home Office,United States,City_94,Ohio,South,PROD-23968,Office Supplies,Paper,Paper Product PROD-23968,1251.51,4,0.00,910.46,Critical
ORD-10506,2023-08-22,2023-08-22,Standard Class,CUS-3632,Customer CUS-3632,Home Office,United States,City_67,Ohio,West,PROD-72598,Furniture,Accessories,Accessories Product PROD-72598,2854.08,6,0.00,2542.71,Critical
ORD-10507,2024-09-25,2024-09-25,First Class,CUS-1309,Customer CUS-1309,Corporate,United States,City_47,Florida,East,PROD-88699,Office Supplies,Phones,Phones Product PROD-88699,702.04,3,0.05,527.83,High
ORD-10508,2022-06-07,2022-06-07,Same Day,CUS-9387,Customer CUS-9387,Corporate,United States,City_99,Florida,West,PROD-99935,Furniture,Chairs,Chairs Product PROD-99935,166.84,10,0.00,137.72,High
ORD-10509,2022-04-03,2022-04-03,Second Class,CUS-9826,Customer CUS-9826,Corporate,United States,City_48,Texas,East,PROD-34412,Office Supplies,Bookcases,Bookcases Product PROD-34412,482.17,4,0.10,307.87,Low
ORD-10510,2024-10-02,2024-10-02,Standard Class,CUS-1444,Customer CUS-1444,Corporate,United States,City_66,Virginia,Central,PROD-96237,Office Supplies,Copiers,Copiers Product PROD-96237,1441.52,3,0.00,814.68,Medium
ORD-10511,2023-08-27,2023-08-27,First Class,CUS-2835,Customer CUS-2835,Corporate,United States,City_38,Washington,Central,PROD-34810,Office Supplies,Binders,Binders Product PROD-34810,239.86,1,0.10,170.57,Critical
ORD-10512,2024-01-13,2024-01-13,First Class,CUS-4489,Customer CUS-4489,Corporate,United States,City_2,Pennsylvania,West,PROD-49796,Office Supplies,Storage,Storage Product PROD-49796,1482.76,9,0.10,1112.52,Low
ORD-10513,2022-12-14,2022-12-14,First Class,CUS-7837,Customer CUS-7837,Corporate,United States,City_38,Georgia,South,PROD-27064,Technology,Bookcases,Bookcases Product PROD-27064,157.61,1,0.00,142.51,Low
ORD-10514,2023-05-02,2023-05-02,Same Day,CUS-5505,Customer CUS-5505,Home Office,United States,City_84,Illinois,West,PROD-74332,Office Supplies,Copiers,Copiers Product PROD-74332,2807.15,8,0.10,2007.50,Medium
ORD-10515,2023-10-23,2023-10-23,First Class,CUS-9959,Customer CUS-9959,Home Office,United States,City_43,New York,East,PROD-59931,Office Supplies,Phones,Phones Product PROD-59931,171.74,1,0.00,112.14,Low
ORD-10516,2023-02-03,2023-02-03,Second Class,CUS-8249,Customer CUS-8249,Home Office,United States,City_79,Washington,Central,PROD-67619,Technology,Storage,Storage Product PROD-67619,1166.16,3,0.05,971.87,High
ORD-10517,2024-06-28,2024-06-28,Second Class,CUS-5834,Customer CUS-5834,Home Office,United States,City_51,Pennsylvania,East,PROD-66701,Office Supplies,Copiers,Copiers Product PROD-66701,53.11,3,0.00,33.48,Medium
ORD-10518,2022-12-07,2022-12-07,First Class,CUS-9009,Customer CUS-9009,Home Office,United States,City_54,California,Central,PROD-40607,Office Supplies,Laptops,Laptops Product PROD-40607,280.63,2,0.00,260.96,High
ORD-10519,2024-09-07,2024-09-07,Same Day,CUS-8859,Customer CUS-8859,Consumer,United States,City_9,California,East,PROD-56026,Technology,Bookcases,Bookcases Product PROD-56026,1090.17,8,0.15,837.91,Critical
ORD-10520,2024-05-12,2024-05-12,Standard Class,CUS-7877,Customer CUS-7877,Home Office,United States,City_19,Georgia,East,PROD-42939,Office Supplies,Binders,Binders Product PROD-42939,269.14,1,0.00,189.80,Medium
ORD-10521,2024-07-12,2024-07-12,Same Day,CUS-9213,Customer CUS-9213,Corporate,United States,City_41,Pennsylvania,Central,PROD-39316,Technology,Tables,Tables Product PROD-39316,450.47,2,0.20,257.69,High
ORD-10522,2024-11-22,2024-11-22,Same Day,CUS-2112,Customer CUS-2112,Corporate,United States,City_66,California,South,PROD-72156,Furniture,Accessories,Accessories Product PROD-72156,473.42,6,0.00,375.12,Critical
ORD-10523,2023-12-10,2023-12-10,First Class,CUS-6915,Customer CUS-6915,Corporate,United States,City_12,Ohio,South,PROD-17038,Office Supplies,Tables,Tables Product PROD-17038,2684.96,8,0.00,1909.88,High
ORD-10524,2023-11-07,2023-11-07,Same Day,CUS-9189,Customer CUS-9189,Consumer,United States,City_12,Florida,West,PROD-83335,Technology,Accessories,Accessories Product PROD-83335,145.88,5,0.00,119.00,High
ORD-10525,2022-02-22,2022-02-22,Standard Class,CUS-8649,Customer CUS-8649,Home Office,United States,City_66,Pennsylvania,Central,PROD-98102,Technology,Laptops,Laptops Product PROD-98102,2255.67,5,0.00,1295.93,High
ORD-10526,2022-04-25,2022-04-25,First Class,CUS-7099,Customer CUS-7099,Home Office,United States,City_95,New York,South,PROD-61636,Office Supplies,Tables,Tables Product PROD-61636,3886.94,9,0.00,3549.34,Critical
ORD-10527,2022-10-18,2022-10-18,Second Class,CUS-6418,Customer CUS-6418,Home Office,United States,City_47,New York,South,PROD-82167,Technology,Chairs,Chairs Product PROD-82167,189.46,1,0.00,163.55,Low
ORD-10528,2022-08-28,2022-08-28,First Class,CUS-6084,Customer CUS-6084,Home Office,United States,City_5,Florida,South,PROD-43209,Technology,Binders,Binders Product PROD-43209,395.36,6,0.00,270.38,Medium
ORD-10529,2024-03-27,2024-03-27,Same Day,CUS-7780,Customer CUS-7780,Consumer,United States,City_43,Ohio,West,PROD-81167,Furniture,Chairs,Chairs Product PROD-81167,966.47,9,0.00,899.64,High
ORD-10530,2022-11-22,2022-11-22,First Class,CUS-2386,Customer CUS-2386,Home Office,United States,City_30,Pennsylvania,South,PROD-67418,Technology,Copiers,Copiers Product PROD-67418,642.51,6,0.00,491.20,Low
ORD-10531,2022-07-17,2022-07-17,Same Day,CUS-4375,Customer CUS-4375,Corporate,United States,City_45,California,Central,PROD-90963,Technology,Copiers,Copiers Product PROD-90963,4955.19,10,0.00,3395.59,High
ORD-10532,2022-02-25,2022-02-25,Same Day,CUS-5689,Customer CUS-5689,Consumer,United States,City_31,New York,East,PROD-66360,Furniture,Copiers,Copiers Product PROD-66360,621.13,7,0.20,476.66,Low
ORD-10533,2022-12-19,2022-12-19,First Class,CUS-6087,Customer CUS-6087,Home Office,United States,City_99,Florida,Central,PROD-23469,Office Supplies,Accessories,Accessories Product PROD-23469,2261.60,5,0.00,1652.69,Critical
ORD-10534,2023-06-06,2023-06-06,First Class,CUS-8316,Customer CUS-8316,Corporate,United States,City_4,Florida,Central,PROD-99731,Technology,Paper,Paper Product PROD-99731,66.32,4,0.00,58.95,High
ORD-10535,2022-07-18,2022-07-18,Standard Class,CUS-8123,Customer CUS-8123,Consumer,United States,City_43,Texas,East,PROD-61150,Office Supplies,Laptops,Laptops Product PROD-61150,260.52,3,0.00,244.23,Critical
ORD-10536,2022-05-25,2022-05-25,Same Day,CUS-9000,Customer CUS-9000,Corporate,United States,City_75,Texas,Central,PROD-30445,Technology,Copiers,Copiers Product PROD-30445,703.75,3,0.20,606.85,Critical
ORD-10537,2024-02-06,2024-02-06,Second Class,CUS-8004,Customer CUS-8004,Home Office,United States,City_44,Virginia,South,PROD-75665,Office Supplies,Binders,Binders Product PROD-75665,1458.99,9,0.00,1052.69,Medium
ORD-10538,2023-01-01,2023-01-01,First Class,CUS-3196,Customer CUS-3196,Home Office,United States,City_5,Washington,West,PROD-10450,Technology,Laptops,Laptops Product PROD-10450,1626.19,8,0.00,1381.22,High
ORD-10539,2022-06-06,2022-06-06,Second Class,CUS-9238,Customer CUS-9238,Consumer,United States,City_2,Ohio,West,PROD-66224,Technology,Bookcases,Bookcases Product PROD-66224,252.36,2,0.00,221.42,Critical
ORD-10540,2024-07-01,2024-07-01,Same Day,CUS-1330,Customer CUS-1330,Home Office,United States,City_4,Ohio,East,PROD-43012,Furniture,Paper,Paper Product PROD-43012,2461.07,5,0.00,1919.14,Medium
ORD-10541,2024-08-09,2024-08-09,Standard Class,CUS-9496,Customer CUS-9496,Home Office,United States,City_68,New York,East,PROD-41566,Office Supplies,Laptops,Laptops Product PROD-41566,695.71,3,0.00,573.03,Medium
ORD-10542,2022-05-12,2022-05-12,First Class,CUS-8108,Customer CUS-8108,Corporate,United States,City_36,Texas,West,PROD-46671,Office Supplies,Binders,Binders Product PROD-46671,971.31,4,0.00,560.24,High
ORD-10543,2022-12-06,2022-12-06,Standard Class,CUS-5919,Customer CUS-5919,Home Office,United States,City_16,Georgia,West,PROD-36996,Furniture,Paper,Paper Product PROD-36996,2226.99,5,0.00,1607.46,Medium
ORD-10544,2022-12-22,2022-12-22,Second Class,CUS-2550,Customer CUS-2550,Consumer,United States,City_18,Washington,Central,PROD-34888,Furniture,Laptops,Laptops Product PROD-34888,1102.78,4,0.00,789.89,High
ORD-10545,2024-05-22,2024-05-22,Same Day,CUS-1686,Customer CUS-1686,Consumer,United States,City_64,Washington,East,PROD-90080,Office Supplies,Chairs,Chairs Product PROD-90080,4511.93,10,0.00,2867.99,Medium
ORD-10546,2023-05-14,2023-05-14,Same Day,CUS-7870,Customer CUS-7870,Corporate,United States,City_7,New York,East,PROD-45196,Furniture,Bookcases,Bookcases Product PROD-45196,1334.60,3,0.00,1229.65,High
ORD-10547,2023-02-11,2023-02-11,Standard Class,CUS-3303,Customer CUS-3303,Consumer,United States,City_60,California,South,PROD-84339,Furniture,Accessories,Accessories Product PROD-84339,1049.87,3,0.05,639.42,High
ORD-10548,2023-09-22,2023-09-22,Same Day,CUS-2353,Customer CUS-2353,Consumer,United States,City_45,Florida,South,PROD-92681,Furniture,Binders,Binders Product PROD-92681,1086.10,5,0.00,837.27,High
ORD-10549,2022-08-06,2022-08-06,First Class,CUS-1102,Customer CUS-1102,Home Office,United States,City_86,Texas,Central,PROD-66002,Furniture,Copiers,Copiers Product PROD-66002,67.68,2,0.00,57.54,Critical
ORD-10550,2022-11-08,2022-11-08,Same Day,CUS-2707,Customer CUS-2707,Home Office,United States,City_54,Pennsylvania,West,PROD-65348,Technology,Storage,Storage Product PROD-65348,4123.87,10,0.00,3007.44,Medium
ORD-10551,2022-05-08,2022-05-08,Same Day,CUS-9043,Customer CUS-9043,Home Office,United States,City_29,New York,South,PROD-43115,Office Supplies,Bookcases,Bookcases Product PROD-43115,1641.64,6,0.15,1051.26,Medium
ORD-10552,2022-03-01,2022-03-01,First Class,CUS-6718,Customer CUS-6718,Home Office,United States,City_56,Washington,South,PROD-74764,Technology,Accessories,Accessories Product PROD-74764,1699.27,9,0.00,1132.40,Medium
ORD-10553,2023-01-18,2023-01-18,Same Day,CUS-1062,Customer CUS-1062,Consumer,United States,City_56,Pennsylvania,South,PROD-53847,Office Supplies,Copiers,Copiers Product PROD-53847,100.03,7,0.00,69.89,High
ORD-10554,2024-05-05,2024-05-05,Standard Class,CUS-8963,Customer CUS-8963,Corporate,United States,City_34,Ohio,South,PROD-83896,Technology,Accessories,Accessories Product PROD-83896,122.24,2,0.15,96.69,Low
ORD-10555,2024-10-17,2024-10-17,First Class,CUS-1791,Customer CUS-1791,Corporate,United States,City_96,Pennsylvania,West,PROD-37431,Technology,Storage,Storage Product PROD-37431,619.52,3,0.00,547.15,High
ORD-10556,2022-05-25,2022-05-25,Second Class,CUS-7401,Customer CUS-7401,Home Office,United States,City_66,Virginia,East,PROD-63886,Furniture,Phones,Phones Product PROD-63886,950.20,6,0.00,556.00,Critical
ORD-10557,2024-06-26,2024-06-26,Same Day,CUS-3033,Customer CUS-3033,Corporate,United States,City_84,Washington,South,PROD-10723,Furniture,Chairs,Chairs Product PROD-10723,376.89,1,0.00,339.22,Low
ORD-10558,2022-10-22,2022-10-22,Same Day,CUS-4379,Customer CUS-4379,Corporate,United States,City_84,Virginia,South,PROD-56041,Technology,Binders,Binders Product PROD-56041,707.23,3,0.00,588.79,Medium
ORD-10559,2024-03-05,2024-03-05,Standard Class,CUS-2548,Customer CUS-2548,Home Office,United States,City_58,Texas,West,PROD-94202,Technology,Tables,Tables Product PROD-94202,4325.58,10,0.00,4041.26,High
ORD-10560,2024-06-14,2024-06-14,Standard Class,CUS-1076,Customer CUS-1076,Home Office,United States,City_94,Texas,East,PROD-64139,Office Supplies,Chairs,Chairs Product PROD-64139,497.03,5,0.00,446.70,Medium
ORD-10561,2024-08-26,2024-08-26,Standard Class,CUS-8545,Customer CUS-8545,Consumer,United States,City_66,Georgia,South,PROD-13495,Office Supplies,Bookcases,Bookcases Product PROD-13495,935.12,8,0.00,681.73,Medium
ORD-10562,2022-02-11,2022-02-11,Second Class,CUS-9842,Customer CUS-9842,Corporate,United States,City_70,Florida,Central,PROD-39047,Furniture,Paper,Paper Product PROD-39047,890.34,2,0.05,534.84,Low
ORD-10563,2023-03-20,2023-03-20,Standard Class,CUS-7486,Customer CUS-7486,Consumer,United States,City_85,Washington,West,PROD-97992,Office Supplies,Storage,Storage Product PROD-97992,78.88,2,0.00,59.72,Medium
ORD-10564,2022-11-01,2022-11-01,Second Class,CUS-4160,Customer CUS-4160,Consumer,United States,City_36,Florida,East,PROD-24570,Furniture,Phones,Phones Product PROD-24570,3170.62,8,0.05,2076.81,Low
ORD-10565,2023-07-26,2023-07-26,Standard Class,CUS-8967,Customer CUS-8967,Home Office,United States,City_94,Virginia,South,PROD-32284,Furniture,Accessories,Accessories Product PROD-32284,1267.00,6,0.00,844.68,Critical
ORD-10566,2024-05-08,2024-05-08,Second Class,CUS-4797,Customer CUS-4797,Home Office,United States,City_45,Texas,Central,PROD-26427,Furniture,Bookcases,Bookcases Product PROD-26427,53.31,7,0.00,41.65,Low
ORD-10567,2023-06-27,2023-06-27,Second Class,CUS-2888,Customer CUS-2888,Home Office,United States,City_74,Ohio,West,PROD-16369,Technology,Accessories,Accessories Product PROD-16369,1715.70,8,0.00,1548.95,Critical
ORD-10568,2024-08-09,2024-08-09,Standard Class,CUS-5307,Customer CUS-5307,Corporate,United States,City_78,California,Central,PROD-37546,Office Supplies,Bookcases,Bookcases Product PROD-37546,695.54,8,0.00,415.79,High
ORD-10569,2024-01-11,2024-01-11,Second Class,CUS-4932,Customer CUS-4932,Corporate,United States,City_60,California,East,PROD-18575,Technology,Paper,Paper Product PROD-18575,338.00,1,0.00,204.07,Critical
ORD-10570,2023-09-18,2023-09-18,Second Class,CUS-9372,Customer CUS-9372,Corporate,United States,City_98,Pennsylvania,Central,PROD-62438,Office Supplies,Accessories,Accessories Product PROD-62438,1611.44,4,0.00,1492.16,Low
ORD-10571,2022-07-23,2022-07-23,First Class,CUS-8934,Customer CUS-8934,Consumer,United States,City_39,Georgia,South,PROD-58732,Technology,Binders,Binders Product PROD-58732,766.33,2,0.00,697.40,Low
ORD-10572,2022-04-03,2022-04-03,Same Day,CUS-7186,Customer CUS-7186,Home Office,United States,City_10,New York,Central,PROD-70254,Technology,Binders,Binders Product PROD-70254,1924.19,7,0.00,1720.79,Low
ORD-10573,2023-02-14,2023-02-14,Standard Class,CUS-1212,Customer CUS-1212,Consumer,United States,City_79,California,East,PROD-26848,Technology,Laptops,Laptops Product PROD-26848,1243.94,6,0.00,917.51,Medium
ORD-10574,2024-03-12,2024-03-12,First Class,CUS-1724,Customer CUS-1724,Consumer,United States,City_43,Ohio,Central,PROD-94189,Furniture,Bookcases,Bookcases Product PROD-94189,1458.83,4,0.00,1141.88,Critical
ORD-10575,2022-11-16,2022-11-16,Same Day,CUS-7726,Customer CUS-7726,Corporate,United States,City_9,Texas,South,PROD-43580,Office Supplies,Laptops,Laptops Product PROD-43580,1837.90,4,0.00,1286.97,High
ORD-10576,2024-06-03,2024-06-03,Standard Class,CUS-1164,Customer CUS-1164,Consumer,United States,City_71,Illinois,South,PROD-89832,Office Supplies,Tables,Tables Product PROD-89832,394.24,1,0.00,290.14,High
ORD-10577,2024-12-23,2024-12-23,Same Day,CUS-2636,Customer CUS-2636,Home Office,United States,City_1,Washington,Central,PROD-66096,Office Supplies,Copiers,Copiers Product PROD-66096,661.67,4,0.00,561.91,Medium
ORD-10578,2023-10-02,2023-10-02,First Class,CUS-9621,Customer CUS-9621,Home Office,United States,City_12,New York,Central,PROD-30805,Furniture,Accessories,Accessories Product PROD-30805,224.72,1,0.00,140.27,Medium
ORD-10579,2022-01-09,2022-01-09,Same Day,CUS-9198,Customer CUS-9198,Corporate,United States,City_14,Texas,South,PROD-65438,Office Supplies,Copiers,Copiers Product PROD-65438,772.87,2,0.00,712.23,Medium
ORD-10580,2023-08-14,2023-08-14,Standard Class,CUS-7431,Customer CUS-7431,Home Office,United States,City_42,Ohio,West,PROD-52318,Office Supplies,Tables,Tables Product PROD-52318,3128.57,7,0.10,2272.91,High
ORD-10581,2024-01-25,2024-01-25,Standard Class,CUS-5578,Customer CUS-5578,Home Office,United States,City_35,Pennsylvania,South,PROD-77245,Furniture,Laptops,Laptops Product PROD-77245,108.88,1,0.00,80.63,Medium
ORD-10582,2022-05-24,2022-05-24,First Class,CUS-3664,Customer CUS-3664,Consumer,United States,City_29,Virginia,East,PROD-26386,Furniture,Paper,Paper Product PROD-26386,2463.90,10,0.05,2339.22,High
ORD-10583,2022-12-26,2022-12-26,First Class,CUS-6973,Customer CUS-6973,Corporate,United States,City_85,Ohio,Central,PROD-50128,Technology,Storage,Storage Product PROD-50128,2161.71,8,0.10,1933.64,Medium
ORD-10584,2022-12-17,2022-12-17,Standard Class,CUS-7907,Customer CUS-7907,Corporate,United States,City_85,Ohio,East,PROD-62282,Office Supplies,Bookcases,Bookcases Product PROD-62282,3299.05,9,0.00,2681.37,Medium
ORD-10585,2022-01-09,2022-01-09,First Class,CUS-7902,Customer CUS-7902,Consumer,United States,City_64,Washington,South,PROD-52098,Furniture,Phones,Phones Product PROD-52098,1017.54,6,0.00,845.09,Medium
ORD-10586,2023-03-07,2023-03-07,Second Class,CUS-8218,Customer CUS-8218,Home Office,United States,City_92,Pennsylvania,Central,PROD-51429,Technology,Laptops,Laptops Product PROD-51429,1131.20,7,0.00,899.22,Critical
ORD-10587,2022-10-17,2022-10-17,First Class,CUS-1646,Customer CUS-1646,Consumer,United States,City_65,Pennsylvania,West,PROD-38552,Furniture,Paper,Paper Product PROD-38552,2453.90,8,0.00,2253.00,Critical
ORD-10588,2024-11-24,2024-11-24,Second Class,CUS-3743,Customer CUS-3743,Home Office,United States,City_61,Virginia,East,PROD-15573,Furniture,Storage,Storage Product PROD-15573,571.42,3,0.00,315.66,Critical
ORD-10589,2024-02-18,2024-02-18,First Class,CUS-9388,Customer CUS-9388,Home Office,United States,City_38,Pennsylvania,West,PROD-47480,Furniture,Accessories,Accessories Product PROD-47480,667.99,3,0.00,554.34,Critical
ORD-10590,2023-06-16,2023-06-16,Second Class,CUS-6534,Customer CUS-6534,Home Office,United States,City_45,Georgia,West,PROD-14554,Office Supplies,Accessories,Accessories Product PROD-14554,95.46,8,0.10,54.61,High
ORD-10591,2024-09-28,2024-09-28,Standard Class,CUS-4501,Customer CUS-4501,Consumer,United States,City_27,Pennsylvania,Central,PROD-40617,Furniture,Chairs,Chairs Product PROD-40617,2435.49,8,0.20,1383.78,Low
ORD-10592,2023-12-19,2023-12-19,Standard Class,CUS-7422,Customer CUS-7422,Corporate,United States,City_48,Florida,West,PROD-40354,Furniture,Storage,Storage Product PROD-40354,198.43,2,0.20,156.07,Medium
ORD-10593,2023-08-16,2023-08-16,Standard Class,CUS-9162,Customer CUS-9162,Corporate,United States,City_59,Pennsylvania,East,PROD-62545,Furniture,Copiers,Copiers Product PROD-62545,497.87,2,0.20,409.69,Critical
ORD-10594,2024-01-10,2024-01-10,Second Class,CUS-7080,Customer CUS-7080,Corporate,United States,City_46,Georgia,South,PROD-48718,Furniture,Laptops,Laptops Product PROD-48718,213.95,8,0.05,184.34,Low
ORD-10595,2023-02-23,2023-02-23,Standard Class,CUS-4423,Customer CUS-4423,Home Office,United States,City_51,Washington,Central,PROD-53352,Technology,Copiers,Copiers Product PROD-53352,311.19,2,0.05,206.41,Critical
ORD-10596,2023-11-08,2023-11-08,First Class,CUS-7198,Customer CUS-7198,Corporate,United States,City_88,Florida,Central,PROD-63875,Technology,Paper,Paper Product PROD-63875,558.02,3,0.00,407.65,High
ORD-10597,2022-05-03,2022-05-03,Same Day,CUS-6101,Customer CUS-6101,Home Office,United States,City_24,Ohio,East,PROD-96103,Technology,Storage,Storage Product PROD-96103,1817.92,4,0.00,1389.91,High
ORD-10598,2024-02-16,2024-02-16,Same Day,CUS-2255,Customer CUS-2255,Corporate,United States,City_58,Illinois,South,PROD-29165,Office Supplies,Tables,Tables Product PROD-29165,248.36,3,0.00,216.32,Low
ORD-10599,2022-08-08,2022-08-08,Same Day,CUS-3025,Customer CUS-3025,Home Office,United States,City_73,Washington,South,PROD-94162,Technology,Tables,Tables Product PROD-94162,1056.69,9,0.00,663.03,Critical
ORD-10600,2022-10-16,2022-10-16,Same Day,CUS-7960,Customer CUS-7960,Corporate,United States,City_35,Virginia,Central,PROD-99331,Office Supplies,Tables,Tables Product PROD-99331,591.75,3,0.10,358.60,Low
ORD-10601,2022-02-27,2022-02-27,Same Day,CUS-8963,Customer CUS-8963,Home Office,United States,City_46,Ohio,South,PROD-57241,Office Supplies,Storage,Storage Product PROD-57241,2882.66,8,0.00,1896.64,High
ORD-10602,2022-08-25,2022-08-25,Standard Class,CUS-8712,Customer CUS-8712,Consumer,United States,City_68,New York,West,PROD-53887,Technology,Bookcases,Bookcases Product PROD-53887,895.22,6,0.00,536.70,Low
ORD-10603,2023-11-21,2023-11-21,Same Day,CUS-3170,Customer CUS-3170,Consumer,United States,City_68,Virginia,South,PROD-24653,Technology,Copiers,Copiers Product PROD-24653,2147.40,5,0.00,1745.07,Critical
ORD-10604,2022-09-19,2022-09-19,Standard Class,CUS-2494,Customer CUS-2494,Corporate,United States,City_87,Pennsylvania,Central,PROD-56524,Office Supplies,Paper,Paper Product PROD-56524,324.14,1,0.00,215.68,Medium
ORD-10605,2024-06-03,2024-06-03,Second Class,CUS-3406,Customer CUS-3406,Consumer,United States,City_68,Pennsylvania,South,PROD-93322,Furniture,Paper,Paper Product PROD-93322,22.87,1,0.00,14.27,Low
ORD-10606,2024-07-03,2024-07-03,Standard Class,CUS-6422,Customer CUS-6422,Consumer,United States,City_8,Pennsylvania,South,PROD-72264,Office Supplies,Copiers,Copiers Product PROD-72264,1141.23,6,0.00,789.97,High
ORD-10607,2024-05-11,2024-05-11,Second Class,CUS-3566,Customer CUS-3566,Home Office,United States,City_19,Illinois,Central,PROD-79797,Furniture,Storage,Storage Product PROD-79797,138.83,6,0.00,129.04,Low
ORD-10608,2023-03-09,2023-03-09,Standard Class,CUS-9980,Customer CUS-9980,Consumer,United States,City_37,Washington,Central,PROD-80357,Office Supplies,Accessories,Accessories Product PROD-80357,755.67,5,0.00,659.95,High
ORD-10609,2024-06-23,2024-06-23,Standard Class,CUS-6112,Customer CUS-6112,Home Office,United States,City_15,New York,South,PROD-26374,Technology,Storage,Storage Product PROD-26374,1045.74,9,0.00,609.52,Medium
ORD-10610,2022-04-19,2022-04-19,Same Day,CUS-5096,Customer CUS-5096,Home Office,United States,City_14,Virginia,East,PROD-78913,Office Supplies,Bookcases,Bookcases Product PROD-78913,782.43,7,0.00,709.62,Medium
ORD-10611,2024-08-17,2024-08-17,Second Class,CUS-7996,Customer CUS-7996,Consumer,United States,City_33,Washington,West,PROD-65607,Office Supplies,Bookcases,Bookcases Product PROD-65607,4327.16,9,0.00,3624.95,Critical
ORD-10612,2024-06-28,2024-06-28,Second Class,CUS-7752,Customer CUS-7752,Corporate,United States,City_5,Florida,Central,PROD-51214,Technology,Phones,Phones Product PROD-51214,2310.38,5,0.00,1715.37,Medium
ORD-10613,2023-07-18,2023-07-18,Same Day,CUS-3125,Customer CUS-3125,Corporate,United States,City_50,California,Central,PROD-80974,Office Supplies,Chairs,Chairs Product PROD-80974,893.45,6,0.00,557.16,High
ORD-10614,2022-07-23,2022-07-23,Standard Class,CUS-3312,Customer CUS-3312,Home Office,United States,City_16,Pennsylvania,South,PROD-80981,Technology,Laptops,Laptops Product PROD-80981,701.92,2,0.05,433.40,High
ORD-10615,2024-10-04,2024-10-04,Second Class,CUS-9226,Customer CUS-9226,Home Office,United States,City_88,Florida,West,PROD-38610,Furniture,Phones,Phones Product PROD-38610,521.83,6,0.10,311.06,Medium
ORD-10616,2022-01-14,2022-01-14,Same Day,CUS-3577,Customer CUS-3577,Home Office,United States,City_2,Florida,Central,PROD-79681,Furniture,Accessories,Accessories Product PROD-79681,1859.47,8,0.00,1678.89,Critical
ORD-10617,2022-11-22,2022-11-22,Standard Class,CUS-1789,Customer CUS-1789,Corporate,United States,City_12,Washington,Central,PROD-94053,Office Supplies,Paper,Paper Product PROD-94053,3758.35,10,0.00,3181.76,High
ORD-10618,2024-08-19,2024-08-19,Second Class,CUS-4942,Customer CUS-4942,Home Office,United States,City_56,California,West,PROD-96470,Technology,Laptops,Laptops Product PROD-96470,1197.01,3,0.15,669.70,Low
ORD-10619,2022-05-06,2022-05-06,Same Day,CUS-2105,Customer CUS-2105,Consumer,United States,City_87,California,East,PROD-34001,Office Supplies,Bookcases,Bookcases Product PROD-34001,2581.01,10,0.00,1524.81,Critical
ORD-10620,2024-11-11,2024-11-11,Standard Class,CUS-4008,Customer CUS-4008,Consumer,United States,City_29,Pennsylvania,East,PROD-28697,Furniture,Phones,Phones Product PROD-28697,65.92,3,0.00,57.39,Low
ORD-10621,2023-02-25,2023-02-25,Standard Class,CUS-2326,Customer CUS-2326,Corporate,United States,City_84,New York,South,PROD-27680,Technology,Bookcases,Bookcases Product PROD-27680,517.37,10,0.00,487.33,Low
ORD-10622,2023-01-16,2023-01-16,Standard Class,CUS-7737,Customer CUS-7737,Corporate,United States,City_13,Virginia,Central,PROD-45529,Office Supplies,Bookcases,Bookcases Product PROD-45529,3448.45,8,0.00,2282.64,Low
ORD-10623,2024-08-24,2024-08-24,First Class,CUS-1465,Customer CUS-1465,Home Office,United States,City_19,New York,East,PROD-32762,Technology,Copiers,Copiers Product PROD-32762,257.97,7,0.10,207.47,Low
ORD-10624,2023-04-08,2023-04-08,Same Day,CUS-6988,Customer CUS-6988,Consumer,United States,City_57,Florida,East,PROD-20901,Office Supplies,Accessories,Accessories Product PROD-20901,1672.94,9,0.00,1322.35,Critical
ORD-10625,2022-08-03,2022-08-03,First Class,CUS-3992,Customer CUS-3992,Consumer,United States,City_99,Virginia,East,PROD-87172,Furniture,Copiers,Copiers Product PROD-87172,2170.70,5,0.00,1232.65,Critical
ORD-10626,2022-05-10,2022-05-10,First Class,CUS-5286,Customer CUS-5286,Corporate,United States,City_77,Texas,South,PROD-84719,Office Supplies,Binders,Binders Product PROD-84719,2169.37,10,0.10,1273.87,Low
ORD-10627,2022-04-04,2022-04-04,First Class,CUS-9918,Customer CUS-9918,Home Office,United States,City_88,Florida,Central,PROD-58619,Furniture,Copiers,Copiers Product PROD-58619,3781.18,9,0.05,3011.43,Medium
ORD-10628,2022-02-07,2022-02-07,Same Day,CUS-1457,Customer CUS-1457,Corporate,United States,City_67,Virginia,South,PROD-53690,Technology,Phones,Phones Product PROD-53690,1247.62,7,0.00,1057.38,Critical
ORD-10629,2022-06-21,2022-06-21,Standard Class,CUS-3596,Customer CUS-3596,Consumer,United States,City_43,California,South,PROD-24860,Office Supplies,Chairs,Chairs Product PROD-24860,1722.11,4,0.00,1541.63,Critical
ORD-10630,2024-03-14,2024-03-14,Standard Class,CUS-9710,Customer CUS-9710,Home Office,United States,City_11,Washington,East,PROD-32483,Furniture,Storage,Storage Product PROD-32483,1541.74,4,0.05,1445.82,Critical
ORD-10631,2022-01-09,2022-01-09,Standard Class,CUS-5287,Customer CUS-5287,Home Office,United States,City_48,Georgia,South,PROD-22443,Office Supplies,Tables,Tables Product PROD-22443,4304.73,9,0.00,3295.43,Low
ORD-10632,2022-04-05,2022-04-05,Second Class,CUS-4847,Customer CUS-4847,Home Office,United States,City_44,Georgia,South,PROD-26345,Office Supplies,Bookcases,Bookcases Product PROD-26345,1014.66,3,0.20,712.79,Critical
ORD-10633,2023-04-11,2023-04-11,Standard Class,CUS-5672,Customer CUS-5672,Consumer,United States,City_70,Illinois,South,PROD-80960,Office Supplies,Phones,Phones Product PROD-80960,1029.62,9,0.00,764.87,High
ORD-10634,2023-06-04,2023-06-04,Second Class,CUS-3678,Customer CUS-3678,Consumer,United States,City_92,Washington,East,PROD-91281,Office Supplies,Storage,Storage Product PROD-91281,420.75,4,0.00,342.14,Medium
ORD-10635,2024-09-01,2024-09-01,First Class,CUS-8248,Customer CUS-8248,Consumer,United States,City_66,Pennsylvania,West,PROD-88278,Technology,Phones,Phones Product PROD-88278,1784.71,6,0.00,1656.73,Critical
ORD-10636,2023-02-22,2023-02-22,Standard Class,CUS-7094,Customer CUS-7094,Home Office,United States,City_17,New York,East,PROD-56176,Office Supplies,Copiers,Copiers Product PROD-56176,731.95,4,0.00,574.22,Critical
ORD-10637,2022-09-19,2022-09-19,Standard Class,CUS-5708,Customer CUS-5708,Home Office,United States,City_5,New York,Central,PROD-26498,Office Supplies,Copiers,Copiers Product PROD-26498,503.63,7,0.00,386.02,Medium
ORD-10638,2024-05-15,2024-05-15,Second Class,CUS-1411,Customer CUS-1411,Corporate,United States,City_71,Florida,South,PROD-15881,Technology,Paper,Paper Product PROD-15881,1061.92,3,0.00,591.83,High
ORD-10639,2022-12-23,2022-12-23,Second Class,CUS-9879,Customer CUS-9879,Consumer,United States,City_81,Washington,East,PROD-96102,Technology,Tables,Tables Product PROD-96102,2012.00,8,0.00,1605.83,Critical
ORD-10640,2022-02-17,2022-02-17,Standard Class,CUS-6964,Customer CUS-6964,Corporate,United States,City_95,Georgia,West,PROD-55287,Office Supplies,Phones,Phones Product PROD-55287,2280.47,6,0.10,1865.92,Medium
ORD-10641,2024-09-04,2024-09-04,Same Day,CUS-1677,Customer CUS-1677,Corporate,United States,City_51,Georgia,East,PROD-64717,Furniture,Storage,Storage Product PROD-64717,2530.63,8,0.00,1700.81,High
ORD-10642,2022-11-19,2022-11-19,Standard Class,CUS-2374,Customer CUS-2374,Home Office,United States,City_13,Ohio,South,PROD-95193,Furniture,Phones,Phones Product PROD-95193,587.77,8,0.00,356.63,Low
ORD-10643,2022-09-17,2022-09-17,First Class,CUS-2870,Customer CUS-2870,Corporate,United States,City_61,Virginia,East,PROD-21289,Technology,Storage,Storage Product PROD-21289,199.53,3,0.00,137.84,Low
ORD-10644,2024-04-11,2024-04-11,Standard Class,CUS-3951,Customer CUS-3951,Home Office,United States,City_20,New York,South,PROD-48022,Technology,Phones,Phones Product PROD-48022,3566.15,8,0.00,3178.22,High
ORD-10645,2024-06-06,2024-06-06,First Class,CUS-4030,Customer CUS-4030,Consumer,United States,City_61,Pennsylvania,East,PROD-27596,Office Supplies,Chairs,Chairs Product PROD-27596,1356.35,10,0.10,951.85,Medium
ORD-10646,2022-03-18,2022-03-18,Standard Class,CUS-1268,Customer CUS-1268,Corporate,United States,City_29,Ohio,West,PROD-97522,Furniture,Storage,Storage Product PROD-97522,292.64,9,0.00,242.67,High
ORD-10647,2023-10-11,2023-10-11,Standard Class,CUS-6061,Customer CUS-6061,Consumer,United States,City_50,Florida,West,PROD-42657,Office Supplies,Paper,Paper Product PROD-42657,317.45,6,0.00,277.12,Medium
ORD-10648,2023-04-18,2023-04-18,First Class,CUS-6261,Customer CUS-6261,Home Office,United States,City_61,Florida,South,PROD-80417,Technology,Bookcases,Bookcases Product PROD-80417,1130.27,3,0.20,818.02,Critical
ORD-10649,2023-07-14,2023-07-14,Same Day,CUS-8556,Customer CUS-8556,Home Office,United States,City_81,Illinois,South,PROD-32008,Technology,Copiers,Copiers Product PROD-32008,1642.86,8,0.15,1503.80,Low
ORD-10650,2023-09-21,2023-09-21,First Class,CUS-5676,Customer CUS-5676,Consumer,United States,City_18,Georgia,East,PROD-24294,Technology,Storage,Storage Product PROD-24294,2837.40,7,0.00,2377.29,Critical
ORD-10651,2022-08-18,2022-08-18,First Class,CUS-8670,Customer CUS-8670,Home Office,United States,City_90,Washington,West,PROD-83479,Furniture,Chairs,Chairs Product PROD-83479,395.97,4,0.00,258.66,Critical
ORD-10652,2024-05-27,2024-05-27,Second Class,CUS-1991,Customer CUS-1991,Home Office,United States,City_35,Georgia,Central,PROD-84251,Furniture,Chairs,Chairs Product PROD-84251,144.21,2,0.00,127.33,High
ORD-10653,2024-09-18,2024-09-18,Standard Class,CUS-5052,Customer CUS-5052,Home Office,United States,City_59,Ohio,East,PROD-84473,Technology,Paper,Paper Product PROD-84473,1000.37,6,0.10,609.02,High
ORD-10654,2024-12-03,2024-12-03,First Class,CUS-9148,Customer CUS-9148,Consumer,United States,City_99,New York,West,PROD-11320,Office Supplies,Laptops,Laptops Product PROD-11320,2571.62,9,0.05,1747.59,High
ORD-10655,2022-03-08,2022-03-08,Second Class,CUS-2018,Customer CUS-2018,Consumer,United States,City_19,Pennsylvania,West,PROD-10473,Office Supplies,Phones,Phones Product PROD-10473,4007.08,10,0.00,3263.38,Medium
ORD-10656,2022-12-11,2022-12-11,Second Class,CUS-4445,Customer CUS-4445,Home Office,United States,City_43,Texas,Central,PROD-27326,Furniture,Accessories,Accessories Product PROD-27326,2072.02,5,0.00,1452.45,Low
ORD-10657,2024-05-10,2024-05-10,First Class,CUS-4149,Customer CUS-4149,Consumer,United States,City_83,Texas,East,PROD-10473,Office Supplies,Copiers,Copiers Product PROD-10473,408.40,1,0.05,257.00,Low
ORD-10658,2022-03-17,2022-03-17,Same Day,CUS-8143,Customer CUS-8143,Consumer,United States,City_5,California,South,PROD-65717,Furniture,Storage,Storage Product PROD-65717,1427.49,3,0.00,1168.10,High
ORD-10659,2024-11-15,2024-11-15,Same Day,CUS-5808,Customer CUS-5808,Home Office,United States,City_29,Pennsylvania,South,PROD-14519,Office Supplies,Storage,Storage Product PROD-14519,11.53,2,0.00,9.14,Critical
ORD-10660,2022-08-24,2022-08-24,Second Class,CUS-5038,Customer CUS-5038,Consumer,United States,City_44,Ohio,East,PROD-80607,Furniture,Binders,Binders Product PROD-80607,774.30,5,0.00,561.56,Low
ORD-10661,2024-05-14,2024-05-14,Standard Class,CUS-5901,Customer CUS-5901,Consumer,United States,City_4,Ohio,East,PROD-62312,Furniture,Phones,Phones Product PROD-62312,4324.43,10,0.10,3129.05,Medium
ORD-10662,2022-07-25,2022-07-25,First Class,CUS-6834,Customer CUS-6834,Corporate,United States,City_32,California,South,PROD-63345,Furniture,Storage,Storage Product PROD-63345,1809.59,4,0.00,1589.20,Low
ORD-10663,2024-01-02,2024-01-02,Second Class,CUS-6794,Customer CUS-6794,Consumer,United States,City_30,Washington,East,PROD-23506,Office Supplies,Chairs,Chairs Product PROD-23506,1308.01,5,0.00,970.19,Low
ORD-10664,2024-12-12,2024-12-12,First Class,CUS-1096,Customer CUS-1096,Corporate,United States,City_65,Florida,Central,PROD-19593,Technology,Tables,Tables Product PROD-19593,293.46,2,0.00,260.25,High
ORD-10665,2022-12-25,2022-12-25,Same Day,CUS-1337,Customer CUS-1337,Home Office,United States,City_41,Florida,West,PROD-76308,Office Supplies,Chairs,Chairs Product PROD-76308,3216.57,8,0.10,2788.44,High
ORD-10666,2024-06-07,2024-06-07,Same Day,CUS-4078,Customer CUS-4078,Corporate,United States,City_55,Florida,South,PROD-26196,Technology,Copiers,Copiers Product PROD-26196,548.57,5,0.00,362.62,Low
ORD-10667,2022-02-17,2022-02-17,Second Class,CUS-3939,Customer CUS-3939,Home Office,United States,City_85,New York,Central,PROD-72849,Office Supplies,Accessories,Accessories Product PROD-72849,805.22,6,0.00,707.76,Low
ORD-10668,2024-04-23,2024-04-23,Standard Class,CUS-9815,Customer CUS-9815,Corporate,United States,City_46,Florida,Central,PROD-74406,Office Supplies,Storage,Storage Product PROD-74406,400.95,1,0.00,344.20,Low
ORD-10669,2024-06-03,2024-06-03,Standard Class,CUS-7955,Customer CUS-7955,Home Office,United States,City_31,Illinois,South,PROD-77899,Technology,Laptops,Laptops Product PROD-77899,1140.32,6,0.20,974.36,High
ORD-10670,2024-04-02,2024-04-02,Standard Class,CUS-7770,Customer CUS-7770,Consumer,United States,City_90,Ohio,South,PROD-46119,Furniture,Laptops,Laptops Product PROD-46119,50.93,3,0.00,29.42,Low
ORD-10671,2024-09-13,2024-09-13,First Class,CUS-2898,Customer CUS-2898,Corporate,United States,City_85,Ohio,South,PROD-85498,Furniture,Chairs,Chairs Product PROD-85498,3147.09,8,0.00,1971.74,Critical
ORD-10672,2022-04-20,2022-04-20,Standard Class,CUS-1931,Customer CUS-1931,Corporate,United States,City_31,Illinois,Central,PROD-56264,Furniture,Binders,Binders Product PROD-56264,356.97,5,0.00,308.28,Critical
ORD-10673,2023-03-19,2023-03-19,Standard Class,CUS-5562,Customer CUS-5562,Corporate,United States,City_64,Illinois,West,PROD-25634,Furniture,Accessories,Accessories Product PROD-25634,1682.63,5,0.15,1255.89,Critical
ORD-10674,2022-01-09,2022-01-09,First Class,CUS-8313,Customer CUS-8313,Home Office,United States,City_37,Texas,South,PROD-59908,Technology,Bookcases,Bookcases Product PROD-59908,1610.71,10,0.00,943.39,Medium
ORD-10675,2024-09-04,2024-09-04,Standard Class,CUS-3595,Customer CUS-3595,Home Office,United States,City_38,Ohio,West,PROD-38136,Technology,Chairs,Chairs Product PROD-38136,561.68,4,0.05,464.45,Critical
ORD-10676,2023-06-09,2023-06-09,Second Class,CUS-8708,Customer CUS-8708,Home Office,United States,City_0,Georgia,East,PROD-42101,Office Supplies,Binders,Binders Product PROD-42101,855.74,3,0.10,603.61,Critical
ORD-10677,2022-01-06,2022-01-06,First Class,CUS-5461,Customer CUS-5461,Consumer,United States,City_95,Georgia,West,PROD-71903,Furniture,Copiers,Copiers Product PROD-71903,1447.30,3,0.00,845.28,Medium
ORD-10678,2023-01-08,2023-01-08,Second Class,CUS-6716,Customer CUS-6716,Consumer,United States,City_97,Georgia,South,PROD-81857,Technology,Tables,Tables Product PROD-81857,1449.58,10,0.05,1245.65,Critical
ORD-10679,2022-11-22,2022-11-22,Standard Class,CUS-5031,Customer CUS-5031,Corporate,United States,City_55,Pennsylvania,Central,PROD-25604,Office Supplies,Paper,Paper Product PROD-25604,2753.49,7,0.00,2529.20,Low
ORD-10680,2024-02-01,2024-02-01,Same Day,CUS-8301,Customer CUS-8301,Home Office,United States,City_49,Ohio,East,PROD-34738,Furniture,Phones,Phones Product PROD-34738,1057.60,6,0.05,862.85,High
ORD-10681,2022-04-05,2022-04-05,Same Day,CUS-4093,Customer CUS-4093,Home Office,United States,City_79,Virginia,West,PROD-96427,Office Supplies,Chairs,Chairs Product PROD-96427,52.08,8,0.00,37.20,Critical
ORD-10682,2022-04-12,2022-04-12,Second Class,CUS-7013,Customer CUS-7013,Corporate,United States,City_50,Texas,South,PROD-34028,Office Supplies,Tables,Tables Product PROD-34028,497.57,5,0.00,348.49,Low
ORD-10683,2022-01-26,2022-01-26,Second Class,CUS-8759,Customer CUS-8759,Home Office,United States,City_99,Pennsylvania,South,PROD-54965,Technology,Paper,Paper Product PROD-54965,1548.28,9,0.00,1386.26,Critical
ORD-10684,2024-05-10,2024-05-10,Second Class,CUS-6469,Customer CUS-6469,Home Office,United States,City_83,New York,East,PROD-57325,Furniture,Accessories,Accessories Product PROD-57325,1533.99,6,0.00,1200.51,Low
ORD-10685,2022-07-28,2022-07-28,Second Class,CUS-5453,Customer CUS-5453,Home Office,United States,City_28,Illinois,East,PROD-55652,Technology,Paper,Paper Product PROD-55652,1470.55,5,0.00,1112.71,Critical
ORD-10686,2024-07-21,2024-07-21,First Class,CUS-3352,Customer CUS-3352,Corporate,United States,City_99,Georgia,South,PROD-27519,Furniture,Paper,Paper Product PROD-27519,1236.75,3,0.10,1140.71,Medium
ORD-10687,2023-08-18,2023-08-18,First Class,CUS-2349,Customer CUS-2349,Home Office,United States,City_57,Washington,West,PROD-81685,Technology,Copiers,Copiers Product PROD-81685,2059.08,7,0.00,1584.21,Medium
ORD-10688,2023-12-09,2023-12-09,Same Day,CUS-5344,Customer CUS-5344,Corporate,United States,City_70,Ohio,West,PROD-63543,Furniture,Paper,Paper Product PROD-63543,1566.86,10,0.00,1282.02,Critical
ORD-10689,2023-07-16,2023-07-16,Same Day,CUS-4254,Customer CUS-4254,Consumer,United States,City_35,Virginia,South,PROD-49896,Furniture,Laptops,Laptops Product PROD-49896,1897.76,8,0.00,1779.04,Medium
ORD-10690,2024-07-28,2024-07-28,Standard Class,CUS-6312,Customer CUS-6312,Consumer,United States,City_88,Washington,Central,PROD-44599,Technology,Bookcases,Bookcases Product PROD-44599,390.45,1,0.00,250.41,Critical
ORD-10691,2023-06-04,2023-06-04,Second Class,CUS-6145,Customer CUS-6145,Consumer,United States,City_48,Illinois,Central,PROD-92289,Furniture,Paper,Paper Product PROD-92289,3569.34,9,0.10,2636.15,Critical
ORD-10692,2023-10-23,2023-10-23,Second Class,CUS-2695,Customer CUS-2695,Consumer,United States,City_1,Texas,South,PROD-27304,Furniture,Binders,Binders Product PROD-27304,3393.85,8,0.10,2221.20,Medium
ORD-10693,2023-04-22,2023-04-22,Same Day,CUS-7198,Customer CUS-7198,Consumer,United States,City_69,Washington,East,PROD-56286,Office Supplies,Storage,Storage Product PROD-56286,3663.79,10,0.05,3337.01,Low
ORD-10694,2024-02-06,2024-02-06,Standard Class,CUS-4407,Customer CUS-4407,Corporate,United States,City_87,California,Central,PROD-79639,Furniture,Paper,Paper Product PROD-79639,1056.70,3,0.00,614.32,High
ORD-10695,2022-04-08,2022-04-08,Second Class,CUS-8005,Customer CUS-8005,Home Office,United States,City_26,Ohio,Central,PROD-13634,Furniture,Binders,Binders Product PROD-13634,3077.48,10,0.15,1912.06,Critical
ORD-10696,2022-10-20,2022-10-20,Second Class,CUS-5322,Customer CUS-5322,Home Office,United States,City_22,Ohio,Central,PROD-87121,Office Supplies,Phones,Phones Product PROD-87121,60.75,2,0.00,33.62,Medium
ORD-10697,2022-10-18,2022-10-18,Second Class,CUS-6964,Customer CUS-6964,Corporate,United States,City_17,Pennsylvania,East,PROD-20517,Office Supplies,Storage,Storage Product PROD-20517,1620.38,5,0.00,1457.37,Low
ORD-10698,2022-09-07,2022-09-07,Standard Class,CUS-1894,Customer CUS-1894,Home Office,United States,City_25,Texas,Central,PROD-63979,Technology,Phones,Phones Product PROD-63979,451.97,8,0.05,346.30,High
ORD-10699,2023-12-20,2023-12-20,Standard Class,CUS-8312,Customer CUS-8312,Home Office,United States,City_9,Texas,Central,PROD-80249,Technology,Tables,Tables Product PROD-80249,3828.19,10,0.05,3382.71,Critical
ORD-10700,2024-07-07,2024-07-07,Second Class,CUS-8621,Customer CUS-8621,Corporate,United States,City_35,Washington,Central,PROD-16648,Technology,Phones,Phones Product PROD-16648,197.25,5,0.05,147.49,Low
ORD-10701,2023-05-09,2023-05-09,Same Day,CUS-1600,Customer CUS-1600,Home Office,United States,City_44,New York,South,PROD-30932,Office Supplies,Binders,Binders Product PROD-30932,376.38,2,0.00,248.77,High
ORD-10702,2024-09-28,2024-09-28,Second Class,CUS-1590,Customer CUS-1590,Corporate,United States,City_35,Washington,Central,PROD-21194,Technology,Binders,Binders Product PROD-21194,1583.73,8,0.00,1217.88,Medium
ORD-10703,2022-07-21,2022-07-21,Second Class,CUS-9764,Customer CUS-9764,Home Office,United States,City_3,New York,West,PROD-13417,Furniture,Phones,Phones Product PROD-13417,355.18,9,0.20,238.32,Medium
ORD-10704,2022-10-21,2022-10-21,Second Class,CUS-8560,Customer CUS-8560,Corporate,United States,City_20,Washington,South,PROD-34653,Technology,Accessories,Accessories Product PROD-34653,1531.68,5,0.00,1187.02,Critical
ORD-10705,2024-07-26,2024-07-26,Same Day,CUS-9655,Customer CUS-9655,Corporate,United States,City_92,Georgia,Central,PROD-92945,Technology,Storage,Storage Product PROD-92945,4875.24,10,0.00,3768.87,Medium
ORD-10706,2023-02-17,2023-02-17,Standard Class,CUS-8820,Customer CUS-8820,Consumer,United States,City_40,Texas,Central,PROD-47503,Office Supplies,Bookcases,Bookcases Product PROD-47503,1022.40,5,0.00,761.04,Medium
ORD-10707,2023-12-08,2023-12-08,Second Class,CUS-2620,Customer CUS-2620,Corporate,United States,City_37,California,West,PROD-99449,Office Supplies,Paper,Paper Product PROD-99449,2168.06,5,0.00,1591.45,Critical
ORD-10708,2022-07-12,2022-07-12,Second Class,CUS-8305,Customer CUS-8305,Corporate,United States,City_88,Texas,South,PROD-46668,Office Supplies,Laptops,Laptops Product PROD-46668,2887.68,9,0.00,1856.23,Low
ORD-10709,2023-09-14,2023-09-14,Standard Class,CUS-5327,Customer CUS-5327,Corporate,United States,City_3,Virginia,West,PROD-54148,Furniture,Copiers,Copiers Product PROD-54148,4098.87,9,0.05,2927.81,Low
ORD-10710,2023-11-04,2023-11-04,First Class,CUS-5737,Customer CUS-5737,Corporate,United States,City_87,Florida,East,PROD-38208,Furniture,Accessories,Accessories Product PROD-38208,1806.85,10,0.05,1503.14,High
ORD-10711,2022-03-17,2022-03-17,First Class,CUS-1796,Customer CUS-1796,Corporate,United States,City_91,Georgia,West,PROD-69469,Technology,Binders,Binders Product PROD-69469,232.71,3,0.10,220.92,Critical
ORD-10712,2023-06-21,2023-06-21,First Class,CUS-1511,Customer CUS-1511,Corporate,United States,City_82,Virginia,South,PROD-59075,Office Supplies,Copiers,Copiers Product PROD-59075,2849.54,8,0.20,2563.80,Medium
ORD-10713,2022-05-11,2022-05-11,Same Day,CUS-1192,Customer CUS-1192,Consumer,United States,City_60,Texas,West,PROD-49608,Technology,Accessories,Accessories Product PROD-49608,3251.42,9,0.00,2558.55,Medium
ORD-10714,2022-01-05,2022-01-05,Same Day,CUS-7220,Customer CUS-7220,Home Office,United States,City_21,Florida,Central,PROD-27117,Technology,Laptops,Laptops Product PROD-27117,1065.25,3,0.00,674.14,High
ORD-10715,2023-06-06,2023-06-06,Same Day,CUS-6665,Customer CUS-6665,Home Office,United States,City_20,Florida,Central,PROD-31825,Technology,Phones,Phones Product PROD-31825,138.30,4,0.00,99.42,Critical
ORD-10716,2024-03-04,2024-03-04,Same Day,CUS-3849,Customer CUS-3849,Corporate,United States,City_96,Washington,West,PROD-49600,Office Supplies,Paper,Paper Product PROD-49600,1274.63,10,0.00,1041.53,Low
ORD-10717,2024-08-10,2024-08-10,Second Class,CUS-6382,Customer CUS-6382,Consumer,United States,City_35,Virginia,East,PROD-55980,Furniture,Laptops,Laptops Product PROD-55980,1118.81,4,0.00,904.24,Medium
ORD-10718,2023-03-11,2023-03-11,First Class,CUS-8392,Customer CUS-8392,Home Office,United States,City_42,Ohio,East,PROD-55575,Furniture,Copiers,Copiers Product PROD-55575,112.13,3,0.00,77.67,Medium
ORD-10719,2022-07-22,2022-07-22,Same Day,CUS-3403,Customer CUS-3403,Corporate,United States,City_89,Pennsylvania,East,PROD-23959,Technology,Tables,Tables Product PROD-23959,1758.84,8,0.15,1586.08,Low
ORD-10720,2024-10-14,2024-10-14,Same Day,CUS-9877,Customer CUS-9877,Home Office,United States,City_28,Texas,South,PROD-96022,Furniture,Copiers,Copiers Product PROD-96022,139.38,3,0.00,101.07,Critical
ORD-10721,2023-01-21,2023-01-21,Standard Class,CUS-8986,Customer CUS-8986,Consumer,United States,City_66,Pennsylvania,South,PROD-62881,Furniture,Paper,Paper Product PROD-62881,611.49,4,0.00,537.27,Medium
ORD-10722,2023-09-16,2023-09-16,First Class,CUS-5492,Customer CUS-5492,Consumer,United States,City_10,Ohio,East,PROD-32190,Technology,Phones,Phones Product PROD-32190,600.95,7,0.05,496.96,Medium
ORD-10723,2023-01-28,2023-01-28,Same Day,CUS-6047,Customer CUS-6047,Home Office,United States,City_70,Georgia,East,PROD-14984,Office Supplies,Copiers,Copiers Product PROD-14984,815.49,4,0.10,754.51,Low
ORD-10724,2023-01-08,2023-01-08,Standard Class,CUS-5660,Customer CUS-5660,Consumer,United States,City_24,California,West,PROD-99681,Office Supplies,Binders,Binders Product PROD-99681,2892.51,7,0.05,2635.04,High
ORD-10725,2022-09-12,2022-09-12,First Class,CUS-5054,Customer CUS-5054,Home Office,United States,City_5,Georgia,West,PROD-93322,Office Supplies,Chairs,Chairs Product PROD-93322,1173.73,3,0.05,828.17,Low
ORD-10726,2022-08-08,2022-08-08,Standard Class,CUS-3515,Customer CUS-3515,Consumer,United States,City_81,Virginia,East,PROD-57632,Office Supplies,Paper,Paper Product PROD-57632,2219.46,9,0.00,2072.77,Low
ORD-10727,2024-10-08,2024-10-08,Standard Class,CUS-2820,Customer CUS-2820,Corporate,United States,City_62,Florida,East,PROD-44573,Office Supplies,Accessories,Accessories Product PROD-44573,1886.17,7,0.00,1114.84,High
ORD-10728,2024-05-13,2024-05-13,First Class,CUS-9680,Customer CUS-9680,Corporate,United States,City_46,Ohio,East,PROD-76510,Office Supplies,Accessories,Accessories Product PROD-76510,1395.46,5,0.00,782.46,High
ORD-10729,2024-05-10,2024-05-10,First Class,CUS-7419,Customer CUS-7419,Consumer,United States,City_76,Illinois,Central,PROD-34105,Furniture,Accessories,Accessories Product PROD-34105,444.01,1,0.00,375.99,Medium
ORD-10730,2023-04-27,2023-04-27,Second Class,CUS-7205,Customer CUS-7205,Consumer,United States,City_48,California,Central,PROD-98943,Technology,Copiers,Copiers Product PROD-98943,1860.04,7,0.05,1685.28,Low
ORD-10731,2023-12-25,2023-12-25,First Class,CUS-2311,Customer CUS-2311,Consumer,United States,City_82,California,East,PROD-54668,Office Supplies,Bookcases,Bookcases Product PROD-54668,200.33,2,0.00,152.60,Medium
ORD-10732,2022-08-27,2022-08-27,Second Class,CUS-9383,Customer CUS-9383,Corporate,United States,City_70,Pennsylvania,East,PROD-47198,Furniture,Accessories,Accessories Product PROD-47198,2213.85,9,0.00,1768.45,Low
ORD-10733,2022-11-26,2022-11-26,Standard Class,CUS-4618,Customer CUS-4618,Corporate,United States,City_66,Washington,Central,PROD-31953,Technology,Phones,Phones Product PROD-31953,1722.56,6,0.20,1590.39,Low
ORD-10734,2024-07-22,2024-07-22,First Class,CUS-2491,Customer CUS-2491,Consumer,United States,City_93,Virginia,Central,PROD-16486,Furniture,Bookcases,Bookcases Product PROD-16486,1018.77,4,0.00,897.46,High
ORD-10735,2024-03-06,2024-03-06,Same Day,CUS-5000,Customer CUS-5000,Corporate,United States,City_88,Virginia,East,PROD-89794,Office Supplies,Accessories,Accessories Product PROD-89794,1914.99,9,0.00,1335.50,Low
ORD-10736,2022-06-01,2022-06-01,Same Day,CUS-1948,Customer CUS-1948,Home Office,United States,City_61,Florida,West,PROD-23779,Technology,Paper,Paper Product PROD-23779,262.86,1,0.00,203.78,Medium
ORD-10737,2023-02-07,2023-02-07,Second Class,CUS-2166,Customer CUS-2166,Corporate,United States,City_63,Virginia,South,PROD-71489,Technology,Paper,Paper Product PROD-71489,2870.11,9,0.15,1698.02,High
ORD-10738,2022-12-10,2022-12-10,Second Class,CUS-5524,Customer CUS-5524,Home Office,United States,City_14,Washington,West,PROD-29134,Technology,Bookcases,Bookcases Product PROD-29134,941.85,8,0.10,595.29,High
ORD-10739,2022-07-07,2022-07-07,Second Class,CUS-9275,Customer CUS-9275,Consumer,United States,City_24,Georgia,East,PROD-24585,Office Supplies,Binders,Binders Product PROD-24585,853.50,2,0.00,697.39,Low
ORD-10740,2023-06-08,2023-06-08,First Class,CUS-5259,Customer CUS-5259,Corporate,United States,City_37,Texas,Central,PROD-33290,Furniture,Accessories,Accessories Product PROD-33290,1470.90,3,0.00,949.51,Medium
ORD-10741,2023-07-17,2023-07-17,First Class,CUS-7717,Customer CUS-7717,Consumer,United States,City_29,Virginia,South,PROD-46665,Furniture,Phones,Phones Product PROD-46665,22.89,1,0.00,14.64,Critical
ORD-10742,2024-08-04,2024-08-04,Standard Class,CUS-4536,Customer CUS-4536,Corporate,United States,City_42,Pennsylvania,West,PROD-88500,Office Supplies,Binders,Binders Product PROD-88500,644.26,3,0.00,465.04,Critical
ORD-10743,2022-07-08,2022-07-08,Second Class,CUS-7044,Customer CUS-7044,Corporate,United States,City_56,Pennsylvania,Central,PROD-91145,Office Supplies,Chairs,Chairs Product PROD-91145,2019.99,8,0.00,1696.23,High
ORD-10744,2024-02-04,2024-02-04,First Class,CUS-9966,Customer CUS-9966,Corporate,United States,City_28,Texas,South,PROD-65120,Office Supplies,Paper,Paper Product PROD-65120,738.22,7,0.00,609.08,High
ORD-10745,2024-04-08,2024-04-08,Same Day,CUS-2424,Customer CUS-2424,Corporate,United States,City_33,Georgia,South,PROD-88050,Furniture,Bookcases,Bookcases Product PROD-88050,2818.36,8,0.05,1994.39,Medium
ORD-10746,2024-11-17,2024-11-17,Same Day,CUS-2660,Customer CUS-2660,Home Office,United States,City_72,Georgia,South,PROD-89341,Furniture,Tables,Tables Product PROD-89341,3053.97,8,0.10,1962.51,Critical
ORD-10747,2024-08-04,2024-08-04,First Class,CUS-9771,Customer CUS-9771,Corporate,United States,City_23,Ohio,East,PROD-99673,Technology,Chairs,Chairs Product PROD-99673,295.77,8,0.00,251.61,Critical
ORD-10748,2022-06-18,2022-06-18,Second Class,CUS-5484,Customer CUS-5484,Corporate,United States,City_85,Texas,West,PROD-70409,Furniture,Accessories,Accessories Product PROD-70409,402.82,7,0.00,301.40,High
ORD-10749,2023-12-27,2023-12-27,Standard Class,CUS-9419,Customer CUS-9419,Consumer,United States,City_58,Pennsylvania,West,PROD-65774,Furniture,Accessories,Accessories Product PROD-65774,3491.05,9,0.10,3221.55,Low
ORD-10750,2023-07-01,2023-07-01,Standard Class,CUS-7065,Customer CUS-7065,Consumer,United States,City_34,Illinois,East,PROD-74751,Office Supplies,Paper,Paper Product PROD-74751,359.70,1,0.05,225.70,Critical
ORD-10751,2024-06-13,2024-06-13,Same Day,CUS-1666,Customer CUS-1666,Home Office,United States,City_7,Virginia,Central,PROD-94696,Office Supplies,Paper,Paper Product PROD-94696,777.86,4,0.10,699.21,Medium
ORD-10752,2023-11-24,2023-11-24,Standard Class,CUS-6046,Customer CUS-6046,Corporate,United States,City_82,Pennsylvania,West,PROD-62726,Office Supplies,Accessories,Accessories Product PROD-62726,446.92,3,0.05,365.35,Low
ORD-10753,2024-06-07,2024-06-07,Standard Class,CUS-2437,Customer CUS-2437,Corporate,United States,City_2,Florida,East,PROD-87738,Furniture,Chairs,Chairs Product PROD-87738,451.31,4,0.00,287.34,Low
ORD-10754,2024-11-02,2024-11-02,Second Class,CUS-6676,Customer CUS-6676,Corporate,United States,City_56,Virginia,Central,PROD-37188,Furniture,Paper,Paper Product PROD-37188,87.29,2,0.00,77.31,Medium
ORD-10755,2022-05-08,2022-05-08,Second Class,CUS-2335,Customer CUS-2335,Home Office,United States,City_91,Washington,East,PROD-32774,Office Supplies,Chairs,Chairs Product PROD-32774,620.32,2,0.00,511.69,Critical
ORD-10756,2022-01-14,2022-01-14,First Class,CUS-7901,Customer CUS-7901,Corporate,United States,City_51,Georgia,Central,PROD-58585,Office Supplies,Storage,Storage Product PROD-58585,562.84,8,0.00,392.41,High
ORD-10757,2023-05-13,2023-05-13,First Class,CUS-7399,Customer CUS-7399,Corporate,United States,City_95,Georgia,East,PROD-47809,Furniture,Laptops,Laptops Product PROD-47809,1806.68,6,0.00,1367.46,Medium
ORD-10758,2023-02-24,2023-02-24,Same Day,CUS-4286,Customer CUS-4286,Home Office,United States,City_69,New York,East,PROD-91809,Furniture,Bookcases,Bookcases Product PROD-91809,1206.96,3,0.00,739.69,Medium
ORD-10759,2024-10-09,2024-10-09,Standard Class,CUS-7516,Customer CUS-7516,Consumer,United States,City_18,Texas,South,PROD-81780,Office Supplies,Laptops,Laptops Product PROD-81780,687.34,2,0.20,497.89,High
ORD-10760,2023-05-10,2023-05-10,First Class,CUS-3100,Customer CUS-3100,Home Office,United States,City_17,Washington,Central,PROD-36346,Furniture,Phones,Phones Product PROD-36346,454.43,2,0.00,396.64,Medium
ORD-10761,2022-01-19,2022-01-19,Same Day,CUS-5220,Customer CUS-5220,Consumer,United States,City_3,Pennsylvania,South,PROD-11298,Technology,Tables,Tables Product PROD-11298,901.11,4,0.10,777.93,Low
ORD-10762,2022-09-06,2022-09-06,Second Class,CUS-5423,Customer CUS-5423,Consumer,United States,City_38,Pennsylvania,Central,PROD-75294,Furniture,Laptops,Laptops Product PROD-75294,1693.59,8,0.10,987.95,Medium
ORD-10763,2022-02-12,2022-02-12,Standard Class,CUS-4677,Customer CUS-4677,Consumer,United States,City_57,Ohio,Central,PROD-49354,Furniture,Tables,Tables Product PROD-49354,634.57,6,0.05,381.19,High
ORD-10764,2022-05-27,2022-05-27,Standard Class,CUS-7164,Customer CUS-7164,Consumer,United States,City_27,Florida,South,PROD-22745,Furniture,Laptops,Laptops Product PROD-22745,1728.76,5,0.00,1262.26,High
ORD-10765,2024-07-09,2024-07-09,Standard Class,CUS-7703,Customer CUS-7703,Consumer,United States,City_63,Texas,West,PROD-46958,Furniture,Phones,Phones Product PROD-46958,2204.04,7,0.20,1695.22,Critical
ORD-10766,2023-11-05,2023-11-05,First Class,CUS-3641,Customer CUS-3641,Home Office,United States,City_69,Ohio,West,PROD-28195,Technology,Phones,Phones Product PROD-28195,729.04,2,0.00,630.95,Critical
ORD-10767,2022-01-12,2022-01-12,Second Class,CUS-8548,Customer CUS-8548,Home Office,United States,City_45,Washington,Central,PROD-47773,Technology,Chairs,Chairs Product PROD-47773,449.58,1,0.00,282.11,Medium
ORD-10768,2024-11-06,2024-11-06,Standard Class,CUS-4510,Customer CUS-4510,Home Office,United States,City_33,Washington,Central,PROD-76256,Technology,Chairs,Chairs Product PROD-76256,1253.67,9,0.10,844.08,High
ORD-10769,2024-02-06,2024-02-06,First Class,CUS-6597,Customer CUS-6597,Consumer,United States,City_22,Pennsylvania,East,PROD-87797,Office Supplies,Bookcases,Bookcases Product PROD-87797,2736.58,8,0.10,2040.41,Critical
ORD-10770,2022-05-10,2022-05-10,Standard Class,CUS-1570,Customer CUS-1570,Consumer,United States,City_46,Virginia,West,PROD-39387,Technology,Phones,Phones Product PROD-39387,198.18,1,0.00,127.38,Low
ORD-10771,2024-07-11,2024-07-11,First Class,CUS-3057,Customer CUS-3057,Corporate,United States,City_32,New York,East,PROD-25813,Furniture,Accessories,Accessories Product PROD-25813,2283.70,5,0.00,1394.11,Critical
ORD-10772,2023-03-12,2023-03-12,First Class,CUS-7739,Customer CUS-7739,Home Office,United States,City_60,Ohio,East,PROD-89866,Technology,Copiers,Copiers Product PROD-89866,1942.48,8,0.05,1375.87,Low
ORD-10773,2024-11-15,2024-11-15,Standard Class,CUS-7156,Customer CUS-7156,Corporate,United States,City_36,New York,West,PROD-94110,Technology,Copiers,Copiers Product PROD-94110,1241.74,6,0.05,753.91,Critical
ORD-10774,2023-12-16,2023-12-16,Standard Class,CUS-4933,Customer CUS-4933,Consumer,United States,City_56,Texas,South,PROD-35671,Furniture,Storage,Storage Product PROD-35671,773.80,3,0.00,491.37,High
ORD-10775,2022-09-01,2022-09-01,Standard Class,CUS-9473,Customer CUS-9473,Corporate,United States,City_44,Washington,South,PROD-29943,Furniture,Paper,Paper Product PROD-29943,2519.35,8,0.00,1423.93,Critical
ORD-10776,2024-05-11,2024-05-11,Standard Class,CUS-7066,Customer CUS-7066,Home Office,United States,City_12,Virginia,West,PROD-64928,Technology,Paper,Paper Product PROD-64928,2968.02,8,0.10,1696.69,Critical
ORD-10777,2024-07-11,2024-07-11,First Class,CUS-6299,Customer CUS-6299,Home Office,United States,City_41,Illinois,Central,PROD-86982,Furniture,Chairs,Chairs Product PROD-86982,2552.46,8,0.10,2271.25,Critical
ORD-10778,2023-08-28,2023-08-28,Same Day,CUS-6175,Customer CUS-6175,Corporate,United States,City_73,Illinois,West,PROD-66874,Furniture,Accessories,Accessories Product PROD-66874,2460.97,5,0.00,2158.05,High
ORD-10779,2022-10-26,2022-10-26,Second Class,CUS-7910,Customer CUS-7910,Home Office,United States,City_88,Washington,Central,PROD-74699,Furniture,Tables,Tables Product PROD-74699,1417.58,3,0.00,1150.17,Critical
ORD-10780,2022-03-15,2022-03-15,First Class,CUS-2376,Customer CUS-2376,Home Office,United States,City_86,Pennsylvania,South,PROD-56592,Furniture,Accessories,Accessories Product PROD-56592,1045.33,8,0.00,717.90,High
ORD-10781,2024-04-16,2024-04-16,Same Day,CUS-3586,Customer CUS-3586,Home Office,United States,City_44,Washington,South,PROD-92100,Technology,Tables,Tables Product PROD-92100,1891.88,10,0.00,1306.82,Critical
ORD-10782,2022-02-23,2022-02-23,Same Day,CUS-3897,Customer CUS-3897,Consumer,United States,City_26,New York,Central,PROD-52531,Furniture,Accessories,Accessories Product PROD-52531,1623.38,5,0.10,1500.03,High
ORD-10783,2022-10-04,2022-10-04,First Class,CUS-1227,Customer CUS-1227,Home Office,United States,City_12,Virginia,East,PROD-29156,Technology,Laptops,Laptops Product PROD-29156,1061.78,5,0.15,721.21,Medium
ORD-10784,2022-08-21,2022-08-21,Standard Class,CUS-2720,Customer CUS-2720,Home Office,United States,City_44,Pennsylvania,West,PROD-33725,Furniture,Laptops,Laptops Product PROD-33725,713.41,4,0.00,675.78,Critical
ORD-10785,2022-10-01,2022-10-01,Same Day,CUS-3159,Customer CUS-3159,Corporate,United States,City_6,Pennsylvania,East,PROD-98121,Technology,Tables,Tables Product PROD-98121,981.85,3,0.00,751.05,Critical
ORD-10786,2023-04-09,2023-04-09,Same Day,CUS-5995,Customer CUS-5995,Corporate,United States,City_88,Virginia,East,PROD-22056,Office Supplies,Storage,Storage Product PROD-22056,1505.33,5,0.15,1222.38,High
ORD-10787,2022-03-21,2022-03-21,Second Class,CUS-7334,Customer CUS-7334,Home Office,United States,City_83,Virginia,Central,PROD-17855,Furniture,Copiers,Copiers Product PROD-17855,2236.77,6,0.00,1777.14,Medium
ORD-10788,2022-04-11,2022-04-11,Second Class,CUS-5666,Customer CUS-5666,Consumer,United States,City_20,Virginia,South,PROD-22866,Furniture,Chairs,Chairs Product PROD-22866,1630.07,4,0.00,1029.94,Low
ORD-10789,2024-02-27,2024-02-27,First Class,CUS-1411,Customer CUS-1411,Consumer,United States,City_4,Washington,South,PROD-75878,Technology,Chairs,Chairs Product PROD-75878,2082.97,10,0.10,1261.57,High
ORD-10790,2023-03-27,2023-03-27,Standard Class,CUS-1761,Customer CUS-1761,Home Office,United States,City_46,Florida,Central,PROD-67077,Furniture,Paper,Paper Product PROD-67077,2052.32,6,0.05,1381.87,Medium
ORD-10791,2024-07-12,2024-07-12,First Class,CUS-2311,Customer CUS-2311,Corporate,United States,City_5,California,East,PROD-93662,Technology,Binders,Binders Product PROD-93662,923.48,4,0.05,746.76,Medium
ORD-10792,2024-07-27,2024-07-27,Second Class,CUS-6285,Customer CUS-6285,Home Office,United States,City_9,New York,Central,PROD-89647,Furniture,Storage,Storage Product PROD-89647,3876.83,8,0.00,2339.60,High
ORD-10793,2023-09-17,2023-09-17,Same Day,CUS-5574,Customer CUS-5574,Home Office,United States,City_57,Georgia,West,PROD-38343,Furniture,Paper,Paper Product PROD-38343,35.24,2,0.05,24.57,Medium
ORD-10794,2023-03-11,2023-03-11,Same Day,CUS-3384,Customer CUS-3384,Home Office,United States,City_71,Virginia,South,PROD-15264,Technology,Copiers,Copiers Product PROD-15264,2045.69,6,0.20,1257.17,High
ORD-10795,2023-01-06,2023-01-06,Second Class,CUS-5743,Customer CUS-5743,Home Office,United States,City_22,Pennsylvania,South,PROD-11663,Technology,Laptops,Laptops Product PROD-11663,636.64,5,0.00,575.05,Low
ORD-10796,2024-10-21,2024-10-21,First Class,CUS-8179,Customer CUS-8179,Home Office,United States,City_1,Illinois,Central,PROD-98051,Furniture,Copiers,Copiers Product PROD-98051,1361.54,5,0.00,1160.77,Critical
ORD-10797,2022-07-05,2022-07-05,Second Class,CUS-2456,Customer CUS-2456,Home Office,United States,City_45,Washington,East,PROD-94627,Furniture,Phones,Phones Product PROD-94627,752.13,7,0.05,540.09,Critical
ORD-10798,2023-04-25,2023-04-25,Same Day,CUS-8572,Customer CUS-8572,Corporate,United States,City_32,Texas,South,PROD-88532,Technology,Storage,Storage Product PROD-88532,2977.13,10,0.00,2463.53,Critical
ORD-10799,2022-06-12,2022-06-12,Second Class,CUS-4135,Customer CUS-4135,Consumer,United States,City_53,New York,West,PROD-39165,Furniture,Accessories,Accessories Product PROD-39165,3665.08,10,0.00,3250.64,High
ORD-10800,2024-04-01,2024-04-01,Second Class,CUS-9141,Customer CUS-9141,Consumer,United States,City_17,Georgia,South,PROD-29582,Furniture,Paper,Paper Product PROD-29582,68.11,5,0.00,42.84,High
ORD-10801,2023-05-02,2023-05-02,Same Day,CUS-4302,Customer CUS-4302,Consumer,United States,City_13,Texas,South,PROD-35585,Technology,Tables,Tables Product PROD-35585,614.12,3,0.00,473.85,High
ORD-10802,2023-11-24,2023-11-24,Same Day,CUS-1538,Customer CUS-1538,Home Office,United States,City_67,Florida,South,PROD-95394,Office Supplies,Chairs,Chairs Product PROD-95394,324.38,6,0.00,208.90,Critical
ORD-10803,2024-05-03,2024-05-03,Standard Class,CUS-4348,Customer CUS-4348,Consumer,United States,City_75,Pennsylvania,Central,PROD-40919,Technology,Copiers,Copiers Product PROD-40919,410.12,9,0.00,256.32,Critical
ORD-10804,2022-02-16,2022-02-16,Standard Class,CUS-5545,Customer CUS-5545,Corporate,United States,City_42,New York,West,PROD-90448,Technology,Chairs,Chairs Product PROD-90448,2674.54,8,0.00,2365.83,Critical
ORD-10805,2024-01-18,2024-01-18,First Class,CUS-9638,Customer CUS-9638,Home Office,United States,City_99,Ohio,South,PROD-22823,Office Supplies,Bookcases,Bookcases Product PROD-22823,162.54,4,0.00,91.83,Low
ORD-10806,2024-05-15,2024-05-15,Same Day,CUS-4580,Customer CUS-4580,Consumer,United States,City_30,California,South,PROD-83807,Office Supplies,Bookcases,Bookcases Product PROD-83807,141.10,8,0.00,90.76,High
ORD-10807,2022-12-21,2022-12-21,Same Day,CUS-8750,Customer CUS-8750,Consumer,United States,City_46,Texas,East,PROD-74631,Technology,Laptops,Laptops Product PROD-74631,1650.52,5,0.00,1112.42,High
ORD-10808,2022-06-24,2022-06-24,Second Class,CUS-7024,Customer CUS-7024,Consumer,United States,City_95,Illinois,East,PROD-32237,Furniture,Storage,Storage Product PROD-32237,1716.41,6,0.00,1323.03,Medium
ORD-10809,2023-08-23,2023-08-23,First Class,CUS-5723,Customer CUS-5723,Home Office,United States,City_88,Virginia,Central,PROD-61157,Technology,Laptops,Laptops Product PROD-61157,2160.39,7,0.20,1936.07,Low
ORD-10810,2024-01-28,2024-01-28,Standard Class,CUS-3205,Customer CUS-3205,Corporate,United States,City_15,Ohio,East,PROD-81255,Technology,Tables,Tables Product PROD-81255,1330.69,3,0.00,1262.62,High
ORD-10811,2024-12-13,2024-12-13,First Class,CUS-1274,Customer CUS-1274,Consumer,United States,City_70,Pennsylvania,South,PROD-73716,Furniture,Phones,Phones Product PROD-73716,1184.46,4,0.00,849.77,Critical
ORD-10812,2022-01-28,2022-01-28,Second Class,CUS-7927,Customer CUS-7927,Consumer,United States,City_83,New York,East,PROD-28112,Technology,Binders,Binders Product PROD-28112,8.27,1,0.00,7.77,High
ORD-10813,2022-03-08,2022-03-08,Standard Class,CUS-9835,Customer CUS-9835,Corporate,United States,City_14,Illinois,East,PROD-23835,Office Supplies,Storage,Storage Product PROD-23835,1901.98,5,0.10,1354.67,Low
ORD-10814,2023-09-28,2023-09-28,Same Day,CUS-2498,Customer CUS-2498,Home Office,United States,City_65,Texas,South,PROD-88952,Technology,Copiers,Copiers Product PROD-88952,407.54,2,0.00,236.73,High
ORD-10815,2023-07-20,2023-07-20,First Class,CUS-8534,Customer CUS-8534,Home Office,United States,City_55,Texas,Central,PROD-49450,Furniture,Binders,Binders Product PROD-49450,179.23,1,0.00,156.15,Low
ORD-10816,2024-07-25,2024-07-25,Second Class,CUS-7884,Customer CUS-7884,Consumer,United States,City_69,Georgia,Central,PROD-37466,Office Supplies,Accessories,Accessories Product PROD-37466,2344.15,10,0.15,2092.95,Low
ORD-10817,2024-08-22,2024-08-22,Standard Class,CUS-2729,Customer CUS-2729,Home Office,United States,City_86,Texas,East,PROD-58176,Technology,Accessories,Accessories Product PROD-58176,1323.93,4,0.00,971.35,Low
ORD-10818,2024-10-20,2024-10-20,First Class,CUS-1024,Customer CUS-1024,Home Office,United States,City_76,Virginia,West,PROD-73257,Office Supplies,Tables,Tables Product PROD-73257,893.53,5,0.00,672.46,High
ORD-10819,2023-03-11,2023-03-11,Standard Class,CUS-9269,Customer CUS-9269,Home Office,United States,City_46,Texas,Central,PROD-65594,Office Supplies,Tables,Tables Product PROD-65594,1594.96,6,0.00,1099.32,Low
ORD-10820,2022-02-23,2022-02-23,Second Class,CUS-5418,Customer CUS-5418,Home Office,United States,City_1,Virginia,East,PROD-37657,Furniture,Binders,Binders Product PROD-37657,2652.47,8,0.00,2049.05,Critical
ORD-10821,2022-05-10,2022-05-10,Same Day,CUS-9546,Customer CUS-9546,Consumer,United States,City_43,Florida,Central,PROD-68619,Office Supplies,Bookcases,Bookcases Product PROD-68619,4370.43,9,0.00,4137.39,Medium
ORD-10822,2024-11-14,2024-11-14,Standard Class,CUS-7964,Customer CUS-7964,Corporate,United States,City_86,Washington,East,PROD-99713,Technology,Storage,Storage Product PROD-99713,266.61,1,0.00,188.45,Medium
ORD-10823,2022-06-25,2022-06-25,Standard Class,CUS-5809,Customer CUS-5809,Corporate,United States,City_74,Florida,West,PROD-25696,Furniture,Storage,Storage Product PROD-25696,139.23,1,0.00,131.96,Medium
ORD-10824,2022-05-07,2022-05-07,Second Class,CUS-3171,Customer CUS-3171,Home Office,United States,City_30,Texas,West,PROD-58806,Office Supplies,Paper,Paper Product PROD-58806,658.76,8,0.05,465.14,Medium
ORD-10825,2022-11-01,2022-11-01,Second Class,CUS-2614,Customer CUS-2614,Consumer,United States,City_27,Texas,West,PROD-68844,Technology,Bookcases,Bookcases Product PROD-68844,2472.91,9,0.15,1887.07,Low
ORD-10826,2022-05-11,2022-05-11,First Class,CUS-9123,Customer CUS-9123,Consumer,United States,City_56,Pennsylvania,West,PROD-33679,Technology,Tables,Tables Product PROD-33679,2262.24,5,0.00,1367.54,Medium
ORD-10827,2024-03-15,2024-03-15,Second Class,CUS-2630,Customer CUS-2630,Consumer,United States,City_16,Virginia,South,PROD-18376,Furniture,Phones,Phones Product PROD-18376,1351.29,3,0.00,1137.72,High
ORD-10828,2022-11-06,2022-11-06,Standard Class,CUS-5237,Customer CUS-5237,Home Office,United States,City_76,Virginia,South,PROD-41165,Technology,Phones,Phones Product PROD-41165,282.14,2,0.00,171.34,High
ORD-10829,2024-06-26,2024-06-26,Second Class,CUS-1038,Customer CUS-1038,Consumer,United States,City_40,Texas,East,PROD-79157,Office Supplies,Paper,Paper Product PROD-79157,439.32,1,0.00,404.47,Low
ORD-10830,2023-11-24,2023-11-24,First Class,CUS-2616,Customer CUS-2616,Corporate,United States,City_72,Texas,South,PROD-39035,Furniture,Bookcases,Bookcases Product PROD-39035,882.01,2,0.00,793.96,Medium
ORD-10831,2023-03-20,2023-03-20,Second Class,CUS-5122,Customer CUS-5122,Home Office,United States,City_21,Florida,Central,PROD-33740,Furniture,Binders,Binders Product PROD-33740,1053.28,8,0.00,695.19,Critical
ORD-10832,2024-11-18,2024-11-18,First Class,CUS-9585,Customer CUS-9585,Corporate,United States,City_35,New York,West,PROD-90102,Office Supplies,Bookcases,Bookcases Product PROD-90102,285.80,5,0.00,183.45,Medium
ORD-10833,2024-01-20,2024-01-20,First Class,CUS-9579,Customer CUS-9579,Home Office,United States,City_46,Ohio,South,PROD-14421,Technology,Paper,Paper Product PROD-14421,3980.64,9,0.00,3559.29,High
ORD-10834,2023-05-28,2023-05-28,First Class,CUS-8855,Customer CUS-8855,Corporate,United States,City_33,Texas,Central,PROD-70390,Furniture,Phones,Phones Product PROD-70390,1344.44,5,0.05,1138.99,Medium
ORD-10835,2023-06-21,2023-06-21,Second Class,CUS-8139,Customer CUS-8139,Corporate,United States,City_26,Pennsylvania,West,PROD-78327,Furniture,Storage,Storage Product PROD-78327,1027.02,3,0.15,858.53,High
ORD-10836,2024-02-24,2024-02-24,First Class,CUS-5590,Customer CUS-5590,Corporate,United States,City_71,Virginia,East,PROD-48384,Office Supplies,Chairs,Chairs Product PROD-48384,82.92,1,0.00,61.86,High
ORD-10837,2024-11-23,2024-11-23,Standard Class,CUS-6220,Customer CUS-6220,Consumer,United States,City_12,Ohio,South,PROD-12451,Furniture,Copiers,Copiers Product PROD-12451,2971.00,9,0.00,2678.22,Medium
ORD-10838,2024-06-02,2024-06-02,First Class,CUS-5477,Customer CUS-5477,Corporate,United States,City_8,Washington,Central,PROD-34467,Technology,Laptops,Laptops Product PROD-34467,1251.28,3,0.15,1106.36,Low
ORD-10839,2023-11-09,2023-11-09,First Class,CUS-4004,Customer CUS-4004,Home Office,United States,City_9,California,West,PROD-35619,Technology,Paper,Paper Product PROD-35619,2259.71,10,0.10,1840.12,Low
ORD-10840,2023-01-07,2023-01-07,First Class,CUS-5492,Customer CUS-5492,Consumer,United States,City_69,Ohio,East,PROD-65673,Furniture,Accessories,Accessories Product PROD-65673,476.30,2,0.00,340.68,Low
ORD-10841,2024-03-09,2024-03-09,First Class,CUS-6279,Customer CUS-6279,Home Office,United States,City_46,Washington,West,PROD-40838,Technology,Bookcases,Bookcases Product PROD-40838,1044.60,8,0.10,857.87,Critical
ORD-10842,2023-09-17,2023-09-17,First Class,CUS-2716,Customer CUS-2716,Home Office,United States,City_93,Illinois,East,PROD-50186,Office Supplies,Copiers,Copiers Product PROD-50186,1401.42,3,0.00,922.24,High
ORD-10843,2022-04-02,2022-04-02,Same Day,CUS-4618,Customer CUS-4618,Consumer,United States,City_39,California,West,PROD-33483,Office Supplies,Accessories,Accessories Product PROD-33483,1631.91,7,0.10,1377.75,Low
ORD-10844,2024-06-06,2024-06-06,First Class,CUS-6690,Customer CUS-6690,Consumer,United States,City_98,Virginia,South,PROD-69645,Technology,Tables,Tables Product PROD-69645,2323.92,10,0.00,1995.16,Low
ORD-10845,2022-11-18,2022-11-18,Standard Class,CUS-8921,Customer CUS-8921,Home Office,United States,City_44,Washington,West,PROD-32360,Technology,Binders,Binders Product PROD-32360,912.67,3,0.10,705.33,Medium
ORD-10846,2023-08-08,2023-08-08,First Class,CUS-9283,Customer CUS-9283,Corporate,United States,City_12,Georgia,East,PROD-77337,Furniture,Copiers,Copiers Product PROD-77337,1612.47,8,0.15,1478.09,High
ORD-10847,2024-11-04,2024-11-04,Second Class,CUS-4278,Customer CUS-4278,Corporate,United States,City_1,Pennsylvania,East,PROD-91231,Technology,Tables,Tables Product PROD-91231,1812.72,5,0.05,1624.31,Medium
ORD-10848,2024-06-13,2024-06-13,First Class,CUS-2774,Customer CUS-2774,Consumer,United States,City_90,Virginia,Central,PROD-85703,Office Supplies,Accessories,Accessories Product PROD-85703,2614.08,7,0.00,2454.88,Low
ORD-10849,2024-07-02,2024-07-02,Same Day,CUS-9758,Customer CUS-9758,Corporate,United States,City_26,Illinois,West,PROD-12345,Technology,Bookcases,Bookcases Product PROD-12345,3051.34,8,0.00,1974.43,Medium
ORD-10850,2022-05-08,2022-05-08,Standard Class,CUS-1910,Customer CUS-1910,Consumer,United States,City_32,Ohio,South,PROD-76295,Office Supplies,Storage,Storage Product PROD-76295,797.54,6,0.00,727.64,Low
ORD-10851,2024-06-08,2024-06-08,Same Day,CUS-3756,Customer CUS-3756,Corporate,United States,City_42,New York,West,PROD-56428,Technology,Binders,Binders Product PROD-56428,2968.46,9,0.00,1706.55,High
ORD-10852,2022-03-01,2022-03-01,Standard Class,CUS-7633,Customer CUS-7633,Corporate,United States,City_4,Texas,South,PROD-15173,Technology,Paper,Paper Product PROD-15173,313.15,1,0.00,226.32,Medium
ORD-10853,2023-01-24,2023-01-24,Second Class,CUS-4112,Customer CUS-4112,Home Office,United States,City_24,California,West,PROD-33865,Technology,Phones,Phones Product PROD-33865,850.03,4,0.00,557.28,High
ORD-10854,2024-11-16,2024-11-16,First Class,CUS-6530,Customer CUS-6530,Consumer,United States,City_61,Pennsylvania,South,PROD-80275,Technology,Accessories,Accessories Product PROD-80275,269.13,3,0.00,227.01,High
ORD-10855,2023-06-26,2023-06-26,Same Day,CUS-2501,Customer CUS-2501,Home Office,United States,City_95,Washington,East,PROD-12645,Office Supplies,Binders,Binders Product PROD-12645,3110.44,9,0.00,2844.87,Medium
ORD-10856,2024-02-02,2024-02-02,Same Day,CUS-8411,Customer CUS-8411,Corporate,United States,City_24,New York,South,PROD-39183,Office Supplies,Chairs,Chairs Product PROD-39183,1160.48,8,0.00,793.14,Low
ORD-10857,2023-02-04,2023-02-04,Second Class,CUS-2247,Customer CUS-2247,Home Office,United States,City_6,Virginia,Central,PROD-41161,Office Supplies,Phones,Phones Product PROD-41161,62.49,3,0.00,54.44,Low
ORD-10858,2024-06-08,2024-06-08,Second Class,CUS-6247,Customer CUS-6247,Home Office,United States,City_75,Illinois,East,PROD-22385,Office Supplies,Accessories,Accessories Product PROD-22385,2793.67,7,0.00,2415.35,Low
ORD-10859,2023-09-06,2023-09-06,Second Class,CUS-5875,Customer CUS-5875,Corporate,United States,City_34,Ohio,West,PROD-47342,Furniture,Copiers,Copiers Product PROD-47342,105.80,4,0.00,70.11,Medium
ORD-10860,2022-01-03,2022-01-03,Standard Class,CUS-2935,Customer CUS-2935,Consumer,United States,City_33,Virginia,East,PROD-69629,Office Supplies,Laptops,Laptops Product PROD-69629,397.66,2,0.00,310.29,High
ORD-10861,2024-12-02,2024-12-02,Second Class,CUS-5131,Customer CUS-5131,Consumer,United States,City_68,Ohio,West,PROD-40245,Technology,Bookcases,Bookcases Product PROD-40245,342.72,6,0.05,207.97,Low
ORD-10862,2024-05-16,2024-05-16,Second Class,CUS-3056,Customer CUS-3056,Corporate,United States,City_59,Illinois,South,PROD-96416,Office Supplies,Bookcases,Bookcases Product PROD-96416,3831.22,9,0.00,2968.67,Low
ORD-10863,2022-11-24,2022-11-24,Standard Class,CUS-2463,Customer CUS-2463,Home Office,United States,City_81,Ohio,East,PROD-58723,Office Supplies,Accessories,Accessories Product PROD-58723,600.79,5,0.10,407.33,High
ORD-10864,2022-11-08,2022-11-08,Same Day,CUS-3126,Customer CUS-3126,Corporate,United States,City_38,California,East,PROD-14481,Office Supplies,Copiers,Copiers Product PROD-14481,516.37,2,0.00,298.08,High
ORD-10865,2023-01-14,2023-01-14,Standard Class,CUS-1367,Customer CUS-1367,Home Office,United States,City_36,Washington,East,PROD-29539,Office Supplies,Storage,Storage Product PROD-29539,1381.75,4,0.00,1168.54,Medium
ORD-10866,2023-02-24,2023-02-24,Second Class,CUS-8983,Customer CUS-8983,Consumer,United States,City_69,New York,Central,PROD-89565,Technology,Copiers,Copiers Product PROD-89565,206.30,3,0.10,140.02,Low
ORD-10867,2024-04-17,2024-04-17,First Class,CUS-8182,Customer CUS-8182,Consumer,United States,City_40,New York,South,PROD-62593,Office Supplies,Chairs,Chairs Product PROD-62593,4741.25,10,0.00,3592.28,Medium
ORD-10868,2022-09-28,2022-09-28,Second Class,CUS-8719,Customer CUS-8719,Corporate,United States,City_78,New York,West,PROD-69674,Furniture,Bookcases,Bookcases Product PROD-69674,2104.07,6,0.00,1178.27,Low
ORD-10869,2022-04-17,2022-04-17,Second Class,CUS-2720,Customer CUS-2720,Consumer,United States,City_70,California,South,PROD-96548,Office Supplies,Accessories,Accessories Product PROD-96548,421.19,2,0.00,285.05,Critical
ORD-10870,2022-08-17,2022-08-17,Standard Class,CUS-3389,Customer CUS-3389,Corporate,United States,City_83,Georgia,West,PROD-20304,Office Supplies,Chairs,Chairs Product PROD-20304,189.89,2,0.00,132.48,Medium
ORD-10871,2022-05-05,2022-05-05,Second Class,CUS-2110,Customer CUS-2110,Consumer,United States,City_58,Texas,Central,PROD-81910,Furniture,Chairs,Chairs Product PROD-81910,949.62,9,0.00,536.35,Medium
ORD-10872,2022-08-05,2022-08-05,Same Day,CUS-3579,Customer CUS-3579,Consumer,United States,City_38,Florida,East,PROD-52174,Office Supplies,Bookcases,Bookcases Product PROD-52174,860.50,8,0.10,548.21,High
ORD-10873,2024-05-05,2024-05-05,Same Day,CUS-9633,Customer CUS-9633,Home Office,United States,City_40,Georgia,South,PROD-47995,Office Supplies,Accessories,Accessories Product PROD-47995,1965.05,8,0.00,1736.50,Medium
ORD-10874,2024-11-22,2024-11-22,Standard Class,CUS-3108,Customer CUS-3108,Consumer,United States,City_67,Virginia,West,PROD-53072,Technology,Paper,Paper Product PROD-53072,1502.86,5,0.00,1171.26,High
ORD-10875,2024-04-28,2024-04-28,Standard Class,CUS-4757,Customer CUS-4757,Corporate,United States,City_45,California,East,PROD-89365,Office Supplies,Tables,Tables Product PROD-89365,2388.32,6,0.00,2064.85,Critical
ORD-10876,2023-10-14,2023-10-14,Standard Class,CUS-9709,Customer CUS-9709,Home Office,United States,City_94,Illinois,West,PROD-95851,Office Supplies,Storage,Storage Product PROD-95851,1101.59,10,0.10,922.27,Medium
ORD-10877,2022-05-26,2022-05-26,First Class,CUS-7992,Customer CUS-7992,Corporate,United States,City_6,Illinois,East,PROD-43321,Technology,Phones,Phones Product PROD-43321,4924.57,10,0.00,3543.09,Low
ORD-10878,2023-02-01,2023-02-01,Second Class,CUS-9853,Customer CUS-9853,Home Office,United States,City_36,Virginia,East,PROD-33349,Furniture,Chairs,Chairs Product PROD-33349,45.20,6,0.00,25.12,High
ORD-10879,2022-05-17,2022-05-17,First Class,CUS-9795,Customer CUS-9795,Home Office,United States,City_60,Georgia,Central,PROD-18845,Technology,Binders,Binders Product PROD-18845,1292.80,6,0.05,919.19,Critical
ORD-10880,2024-03-08,2024-03-08,Standard Class,CUS-5711,Customer CUS-5711,Consumer,United States,City_69,New York,West,PROD-14970,Technology,Paper,Paper Product PROD-14970,527.82,2,0.00,439.70,Low
ORD-10881,2023-05-21,2023-05-21,Standard Class,CUS-8383,Customer CUS-8383,Corporate,United States,City_76,Illinois,East,PROD-58391,Office Supplies,Storage,Storage Product PROD-58391,1468.69,3,0.00,1363.25,Low
ORD-10882,2024-03-26,2024-03-26,First Class,CUS-9544,Customer CUS-9544,Home Office,United States,City_33,California,West,PROD-78363,Office Supplies,Tables,Tables Product PROD-78363,237.62,2,0.00,173.99,Medium
ORD-10883,2022-01-01,2022-01-01,Standard Class,CUS-6122,Customer CUS-6122,Consumer,United States,City_4,Georgia,West,PROD-33173,Office Supplies,Chairs,Chairs Product PROD-33173,190.31,10,0.00,167.84,High
ORD-10884,2022-10-25,2022-10-25,Second Class,CUS-6640,Customer CUS-6640,Consumer,United States,City_84,Ohio,Central,PROD-24631,Technology,Paper,Paper Product PROD-24631,414.59,3,0.10,363.32,Medium
ORD-10885,2023-02-13,2023-02-13,Second Class,CUS-7289,Customer CUS-7289,Consumer,United States,City_88,Pennsylvania,East,PROD-33400,Furniture,Bookcases,Bookcases Product PROD-33400,928.91,6,0.00,532.74,High
ORD-10886,2022-05-12,2022-05-12,Same Day,CUS-6100,Customer CUS-6100,Consumer,United States,City_75,Georgia,West,PROD-64135,Office Supplies,Paper,Paper Product PROD-64135,400.40,1,0.00,267.22,Low
ORD-10887,2022-05-03,2022-05-03,Second Class,CUS-4062,Customer CUS-4062,Consumer,United States,City_12,Virginia,Central,PROD-67205,Office Supplies,Phones,Phones Product PROD-67205,1502.49,8,0.00,1249.69,Medium
ORD-10888,2022-11-02,2022-11-02,Second Class,CUS-6962,Customer CUS-6962,Corporate,United States,City_23,Pennsylvania,West,PROD-59916,Office Supplies,Bookcases,Bookcases Product PROD-59916,1060.03,6,0.00,700.99,Critical
ORD-10889,2022-07-27,2022-07-27,Standard Class,CUS-6281,Customer CUS-6281,Home Office,United States,City_13,Illinois,West,PROD-66255,Technology,Bookcases,Bookcases Product PROD-66255,3320.42,7,0.00,2638.32,Medium
ORD-10890,2023-03-16,2023-03-16,First Class,CUS-1926,Customer CUS-1926,Home Office,United States,City_22,Pennsylvania,West,PROD-91875,Office Supplies,Laptops,Laptops Product PROD-91875,2326.44,10,0.00,2102.55,High
ORD-10891,2024-10-18,2024-10-18,Standard Class,CUS-3316,Customer CUS-3316,Consumer,United States,City_74,Virginia,East,PROD-47375,Furniture,Copiers,Copiers Product PROD-47375,2634.36,8,0.15,2260.17,Medium
ORD-10892,2022-10-18,2022-10-18,Standard Class,CUS-5785,Customer CUS-5785,Corporate,United States,City_26,Florida,East,PROD-44473,Furniture,Bookcases,Bookcases Product PROD-44473,89.63,1,0.00,54.71,Medium
ORD-10893,2023-04-02,2023-04-02,Second Class,CUS-5092,Customer CUS-5092,Consumer,United States,City_74,Texas,South,PROD-71339,Office Supplies,Laptops,Laptops Product PROD-71339,2668.48,8,0.10,1929.99,Critical
ORD-10894,2023-02-03,2023-02-03,Standard Class,CUS-5394,Customer CUS-5394,Consumer,United States,City_84,Washington,West,PROD-19261,Office Supplies,Bookcases,Bookcases Product PROD-19261,57.18,7,0.00,33.18,Medium
ORD-10895,2022-02-04,2022-02-04,Same Day,CUS-8117,Customer CUS-8117,Consumer,United States,City_5,Washington,East,PROD-87116,Office Supplies,Paper,Paper Product PROD-87116,40.99,2,0.20,38.80,Medium
ORD-10896,2023-02-04,2023-02-04,Second Class,CUS-2897,Customer CUS-2897,Home Office,United States,City_8,Georgia,South,PROD-76463,Office Supplies,Laptops,Laptops Product PROD-76463,4465.02,9,0.00,2762.43,Critical
ORD-10897,2022-06-26,2022-06-26,First Class,CUS-7985,Customer CUS-7985,Corporate,United States,City_37,Virginia,Central,PROD-42294,Office Supplies,Paper,Paper Product PROD-42294,415.38,9,0.15,373.10,High
ORD-10898,2022-08-18,2022-08-18,Second Class,CUS-4413,Customer CUS-4413,Home Office,United States,City_55,Texas,South,PROD-82468,Furniture,Binders,Binders Product PROD-82468,3926.35,9,0.00,2782.70,Medium
ORD-10899,2023-11-22,2023-11-22,Second Class,CUS-2017,Customer CUS-2017,Consumer,United States,City_23,Virginia,West,PROD-22554,Office Supplies,Storage,Storage Product PROD-22554,684.46,3,0.00,432.83,Critical
ORD-10900,2022-01-12,2022-01-12,Same Day,CUS-3053,Customer CUS-3053,Corporate,United States,City_60,New York,Central,PROD-31445,Furniture,Paper,Paper Product PROD-31445,1293.75,7,0.00,719.35,Critical
ORD-10901,2024-05-01,2024-05-01,Same Day,CUS-2486,Customer CUS-2486,Corporate,United States,City_76,Florida,South,PROD-46040,Furniture,Paper,Paper Product PROD-46040,1725.07,5,0.00,1400.28,High
ORD-10902,2023-04-06,2023-04-06,Same Day,CUS-4924,Customer CUS-4924,Consumer,United States,City_70,New York,West,PROD-41774,Technology,Laptops,Laptops Product PROD-41774,445.72,2,0.00,389.79,Low
ORD-10903,2023-04-28,2023-04-28,Second Class,CUS-4470,Customer CUS-4470,Corporate,United States,City_10,Ohio,East,PROD-42417,Furniture,Bookcases,Bookcases Product PROD-42417,3052.34,9,0.10,2156.16,High
ORD-10904,2022-05-08,2022-05-08,Same Day,CUS-6641,Customer CUS-6641,Corporate,United States,City_97,Ohio,South,PROD-26568,Furniture,Laptops,Laptops Product PROD-26568,2618.18,6,0.00,1805.59,Low
ORD-10905,2023-10-08,2023-10-08,Same Day,CUS-6608,Customer CUS-6608,Home Office,United States,City_58,Florida,Central,PROD-53085,Office Supplies,Laptops,Laptops Product PROD-53085,1231.48,9,0.00,787.03,Low
ORD-10906,2022-09-02,2022-09-02,First Class,CUS-3049,Customer CUS-3049,Consumer,United States,City_83,Ohio,East,PROD-98555,Technology,Copiers,Copiers Product PROD-98555,2716.47,6,0.00,2415.83,Critical
ORD-10907,2022-08-11,2022-08-11,Standard Class,CUS-8643,Customer CUS-8643,Corporate,United States,City_26,Pennsylvania,South,PROD-67644,Office Supplies,Paper,Paper Product PROD-67644,1938.13,7,0.10,1362.37,Medium
ORD-10908,2022-09-04,2022-09-04,Same Day,CUS-1947,Customer CUS-1947,Consumer,United States,City_15,Pennsylvania,South,PROD-75600,Furniture,Binders,Binders Product PROD-75600,555.52,10,0.00,437.61,Medium
ORD-10909,2024-02-15,2024-02-15,Same Day,CUS-2564,Customer CUS-2564,Corporate,United States,City_74,Georgia,East,PROD-67124,Technology,Copiers,Copiers Product PROD-67124,3489.05,8,0.00,2835.24,High
ORD-10910,2023-09-24,2023-09-24,First Class,CUS-6267,Customer CUS-6267,Home Office,United States,City_35,Washington,South,PROD-50688,Technology,Phones,Phones Product PROD-50688,458.57,4,0.00,253.15,Low
ORD-10911,2024-06-25,2024-06-25,First Class,CUS-5441,Customer CUS-5441,Home Office,United States,City_98,Texas,Central,PROD-54177,Office Supplies,Copiers,Copiers Product PROD-54177,598.74,2,0.00,410.68,Low
ORD-10912,2024-01-17,2024-01-17,Same Day,CUS-1273,Customer CUS-1273,Corporate,United States,City_93,Florida,Central,PROD-58686,Furniture,Binders,Binders Product PROD-58686,1859.47,4,0.00,1709.38,High
ORD-10913,2022-09-15,2022-09-15,Second Class,CUS-9994,Customer CUS-9994,Consumer,United States,City_76,California,South,PROD-99331,Furniture,Laptops,Laptops Product PROD-99331,2226.41,9,0.00,1348.92,Medium
ORD-10914,2024-07-08,2024-07-08,Standard Class,CUS-8356,Customer CUS-8356,Corporate,United States,City_2,California,Central,PROD-69561,Technology,Phones,Phones Product PROD-69561,3148.98,8,0.00,1949.53,Low
ORD-10915,2023-06-27,2023-06-27,Second Class,CUS-9353,Customer CUS-9353,Consumer,United States,City_43,Ohio,Central,PROD-20523,Office Supplies,Storage,Storage Product PROD-20523,2082.72,9,0.00,1950.87,High
ORD-10916,2022-07-21,2022-07-21,Standard Class,CUS-4488,Customer CUS-4488,Consumer,United States,City_6,California,East,PROD-64559,Furniture,Laptops,Laptops Product PROD-64559,812.11,2,0.00,700.42,Low
ORD-10917,2022-11-17,2022-11-17,Second Class,CUS-7291,Customer CUS-7291,Corporate,United States,City_35,Washington,East,PROD-59137,Furniture,Paper,Paper Product PROD-59137,128.44,6,0.00,107.08,Low
ORD-10918,2024-12-05,2024-12-05,Same Day,CUS-7762,Customer CUS-7762,Corporate,United States,City_10,Georgia,West,PROD-29451,Office Supplies,Chairs,Chairs Product PROD-29451,651.24,3,0.20,366.38,Critical
ORD-10919,2024-09-10,2024-09-10,Same Day,CUS-8849,Customer CUS-8849,Home Office,United States,City_60,Florida,Central,PROD-22673,Technology,Paper,Paper Product PROD-22673,29.69,1,0.20,18.36,Critical
ORD-10920,2024-08-03,2024-08-03,Same Day,CUS-3833,Customer CUS-3833,Consumer,United States,City_31,Washington,South,PROD-37951,Furniture,Paper,Paper Product PROD-37951,146.17,1,0.00,93.76,Low
ORD-10921,2024-12-20,2024-12-20,First Class,CUS-8401,Customer CUS-8401,Corporate,United States,City_51,Georgia,Central,PROD-53713,Technology,Bookcases,Bookcases Product PROD-53713,985.62,3,0.05,865.39,High
ORD-10922,2022-02-26,2022-02-26,Same Day,CUS-2909,Customer CUS-2909,Consumer,United States,City_73,Texas,West,PROD-87521,Furniture,Tables,Tables Product PROD-87521,1788.00,9,0.00,1188.87,Low
ORD-10923,2022-11-17,2022-11-17,Second Class,CUS-1776,Customer CUS-1776,Consumer,United States,City_10,Texas,Central,PROD-84811,Technology,Accessories,Accessories Product PROD-84811,1029.38,9,0.00,762.78,Low
ORD-10924,2023-09-25,2023-09-25,Standard Class,CUS-7770,Customer CUS-7770,Consumer,United States,City_75,Pennsylvania,West,PROD-10997,Office Supplies,Tables,Tables Product PROD-10997,377.43,1,0.00,215.61,Low
ORD-10925,2022-01-10,2022-01-10,Same Day,CUS-2578,Customer CUS-2578,Corporate,United States,City_8,New York,South,PROD-36117,Furniture,Phones,Phones Product PROD-36117,740.19,8,0.15,506.65,Medium
ORD-10926,2023-05-05,2023-05-05,Same Day,CUS-2443,Customer CUS-2443,Consumer,United States,City_44,Texas,South,PROD-63661,Technology,Laptops,Laptops Product PROD-63661,1730.99,9,0.00,1209.48,Low
ORD-10927,2024-01-08,2024-01-08,Same Day,CUS-5914,Customer CUS-5914,Consumer,United States,City_90,Texas,West,PROD-84119,Furniture,Paper,Paper Product PROD-84119,29.67,5,0.00,25.44,Critical
ORD-10928,2022-12-10,2022-12-10,Same Day,CUS-9329,Customer CUS-9329,Home Office,United States,City_4,Ohio,East,PROD-59867,Technology,Accessories,Accessories Product PROD-59867,242.83,3,0.00,227.81,Low
ORD-10929,2022-03-27,2022-03-27,First Class,CUS-7948,Customer CUS-7948,Home Office,United States,City_54,Texas,South,PROD-59025,Technology,Binders,Binders Product PROD-59025,3911.64,8,0.00,2343.87,Critical
ORD-10930,2022-11-26,2022-11-26,Same Day,CUS-5072,Customer CUS-5072,Home Office,United States,City_19,Pennsylvania,East,PROD-73852,Furniture,Laptops,Laptops Product PROD-73852,3546.90,8,0.00,2071.68,High
ORD-10931,2024-12-04,2024-12-04,Same Day,CUS-6900,Customer CUS-6900,Consumer,United States,City_67,Illinois,East,PROD-81367,Furniture,Storage,Storage Product PROD-81367,1349.12,9,0.10,1089.59,Medium
ORD-10932,2022-08-13,2022-08-13,First Class,CUS-2443,Customer CUS-2443,Home Office,United States,City_81,Virginia,Central,PROD-91038,Technology,Laptops,Laptops Product PROD-91038,48.88,8,0.00,43.97,Critical
ORD-10933,2024-01-16,2024-01-16,Standard Class,CUS-4195,Customer CUS-4195,Home Office,United States,City_13,California,East,PROD-10875,Office Supplies,Copiers,Copiers Product PROD-10875,813.45,4,0.05,566.63,Low
ORD-10934,2024-01-26,2024-01-26,First Class,CUS-8395,Customer CUS-8395,Home Office,United States,City_77,Washington,South,PROD-12227,Furniture,Binders,Binders Product PROD-12227,2396.16,10,0.00,1519.15,High
ORD-10935,2024-12-22,2024-12-22,Standard Class,CUS-7863,Customer CUS-7863,Home Office,United States,City_41,California,East,PROD-28899,Furniture,Accessories,Accessories Product PROD-28899,529.52,2,0.00,304.22,Low
ORD-10936,2022-12-26,2022-12-26,Same Day,CUS-9519,Customer CUS-9519,Consumer,United States,City_68,Georgia,Central,PROD-14054,Technology,Laptops,Laptops Product PROD-14054,266.68,8,0.10,218.22,Low
ORD-10937,2023-05-16,2023-05-16,First Class,CUS-7740,Customer CUS-7740,Consumer,United States,City_85,Virginia,South,PROD-14225,Office Supplies,Storage,Storage Product PROD-14225,428.09,1,0.10,347.40,Critical
ORD-10938,2024-09-15,2024-09-15,Standard Class,CUS-6063,Customer CUS-6063,Home Office,United States,City_35,Illinois,South,PROD-32431,Office Supplies,Storage,Storage Product PROD-32431,2082.88,10,0.00,1700.45,Critical
ORD-10939,2022-11-24,2022-11-24,First Class,CUS-9049,Customer CUS-9049,Consumer,United States,City_56,Virginia,East,PROD-45234,Furniture,Storage,Storage Product PROD-45234,314.06,2,0.00,276.43,High
ORD-10940,2024-07-25,2024-07-25,Second Class,CUS-2146,Customer CUS-2146,Consumer,United States,City_32,New York,Central,PROD-82939,Office Supplies,Binders,Binders Product PROD-82939,300.15,1,0.00,187.61,Medium
ORD-10941,2023-04-23,2023-04-23,Second Class,CUS-2831,Customer CUS-2831,Consumer,United States,City_30,Illinois,West,PROD-76183,Technology,Paper,Paper Product PROD-76183,2939.31,8,0.05,1669.59,Low
ORD-10942,2024-05-14,2024-05-14,Standard Class,CUS-3698,Customer CUS-3698,Corporate,United States,City_79,Illinois,East,PROD-42437,Furniture,Chairs,Chairs Product PROD-42437,3797.22,9,0.00,2442.10,Low
ORD-10943,2023-04-16,2023-04-16,First Class,CUS-3483,Customer CUS-3483,Consumer,United States,City_44,New York,South,PROD-25499,Technology,Storage,Storage Product PROD-25499,206.14,1,0.00,189.43,Medium
ORD-10944,2024-07-08,2024-07-08,First Class,CUS-6793,Customer CUS-6793,Corporate,United States,City_13,Florida,West,PROD-44548,Office Supplies,Bookcases,Bookcases Product PROD-44548,4285.36,9,0.00,3486.68,High
ORD-10945,2023-09-28,2023-09-28,Second Class,CUS-2372,Customer CUS-2372,Corporate,United States,City_42,California,South,PROD-87468,Technology,Chairs,Chairs Product PROD-87468,2068.20,7,0.05,1700.13,Medium
ORD-10946,2023-04-13,2023-04-13,First Class,CUS-8526,Customer CUS-8526,Corporate,United States,City_42,Pennsylvania,West,PROD-68088,Technology,Phones,Phones Product PROD-68088,20.06,2,0.00,16.26,Medium
ORD-10947,2022-03-26,2022-03-26,Standard Class,CUS-7856,Customer CUS-7856,Corporate,United States,City_61,Illinois,East,PROD-40841,Technology,Copiers,Copiers Product PROD-40841,1210.09,8,0.10,933.20,Low
ORD-10948,2024-02-14,2024-02-14,First Class,CUS-2182,Customer CUS-2182,Home Office,United States,City_59,Texas,Central,PROD-63414,Office Supplies,Laptops,Laptops Product PROD-63414,572.10,8,0.00,334.72,Medium
ORD-10949,2024-07-26,2024-07-26,First Class,CUS-3295,Customer CUS-3295,Consumer,United States,City_97,Virginia,Central,PROD-82611,Furniture,Bookcases,Bookcases Product PROD-82611,1532.51,5,0.00,1342.87,Low
ORD-10950,2022-06-22,2022-06-22,Standard Class,CUS-4248,Customer CUS-4248,Corporate,United States,City_33,California,Central,PROD-45488,Technology,Paper,Paper Product PROD-45488,1043.74,3,0.05,743.84,Medium
ORD-10951,2022-08-09,2022-08-09,Standard Class,CUS-1955,Customer CUS-1955,Corporate,United States,City_82,Washington,East,PROD-93817,Furniture,Copiers,Copiers Product PROD-93817,885.37,2,0.00,732.53,Low
ORD-10952,2023-02-11,2023-02-11,First Class,CUS-8008,Customer CUS-8008,Home Office,United States,City_60,Virginia,West,PROD-46441,Furniture,Paper,Paper Product PROD-46441,127.05,5,0.00,94.16,Low
ORD-10953,2022-01-02,2022-01-02,Standard Class,CUS-9899,Customer CUS-9899,Consumer,United States,City_51,California,East,PROD-65287,Office Supplies,Laptops,Laptops Product PROD-65287,499.11,1,0.00,403.67,High
ORD-10954,2022-05-10,2022-05-10,Same Day,CUS-7644,Customer CUS-7644,Home Office,United States,City_73,California,South,PROD-87396,Office Supplies,Storage,Storage Product PROD-87396,349.87,1,0.00,318.18,Critical
ORD-10955,2022-02-11,2022-02-11,Standard Class,CUS-1052,Customer CUS-1052,Consumer,United States,City_34,New York,East,PROD-88292,Office Supplies,Binders,Binders Product PROD-88292,152.70,2,0.00,113.50,Low
ORD-10956,2024-03-23,2024-03-23,Same Day,CUS-6901,Customer CUS-6901,Home Office,United States,City_93,Ohio,West,PROD-98225,Furniture,Accessories,Accessories Product PROD-98225,375.51,1,0.00,238.49,Critical
ORD-10957,2024-04-09,2024-04-09,Second Class,CUS-2404,Customer CUS-2404,Corporate,United States,City_9,Illinois,Central,PROD-28144,Office Supplies,Bookcases,Bookcases Product PROD-28144,10.26,1,0.00,6.01,Critical
ORD-10958,2022-10-25,2022-10-25,Standard Class,CUS-8833,Customer CUS-8833,Corporate,United States,City_49,Georgia,West,PROD-26035,Technology,Accessories,Accessories Product PROD-26035,1668.45,9,0.00,1337.28,High
ORD-10959,2024-02-22,2024-02-22,Same Day,CUS-9784,Customer CUS-9784,Home Office,United States,City_45,New York,South,PROD-95648,Technology,Binders,Binders Product PROD-95648,918.11,2,0.00,869.67,Low
ORD-10960,2023-07-18,2023-07-18,Same Day,CUS-8264,Customer CUS-8264,Corporate,United States,City_4,Pennsylvania,South,PROD-60297,Technology,Tables,Tables Product PROD-60297,641.55,3,0.00,413.49,Low
ORD-10961,2022-01-18,2022-01-18,Same Day,CUS-6348,Customer CUS-6348,Corporate,United States,City_68,Pennsylvania,West,PROD-42420,Office Supplies,Tables,Tables Product PROD-42420,1122.51,10,0.00,772.33,Low
ORD-10962,2024-11-03,2024-11-03,Same Day,CUS-6688,Customer CUS-6688,Home Office,United States,City_35,Georgia,West,PROD-74013,Technology,Tables,Tables Product PROD-74013,83.17,1,0.00,58.94,Low
ORD-10963,2024-11-21,2024-11-21,Second Class,CUS-1819,Customer CUS-1819,Consumer,United States,City_76,New York,West,PROD-92363,Furniture,Copiers,Copiers Product PROD-92363,1046.77,9,0.00,781.03,Low
ORD-10964,2022-05-11,2022-05-11,Same Day,CUS-1631,Customer CUS-1631,Consumer,United States,City_28,California,East,PROD-50601,Furniture,Accessories,Accessories Product PROD-50601,457.06,3,0.20,374.51,High
ORD-10965,2022-10-12,2022-10-12,Standard Class,CUS-3814,Customer CUS-3814,Corporate,United States,City_57,California,Central,PROD-13701,Office Supplies,Bookcases,Bookcases Product PROD-13701,91.52,2,0.00,54.01,Critical
ORD-10966,2022-02-04,2022-02-04,Second Class,CUS-6127,Customer CUS-6127,Home Office,United States,City_64,Ohio,East,PROD-68079,Furniture,Binders,Binders Product PROD-68079,1139.40,8,0.00,1003.08,Medium
ORD-10967,2023-04-01,2023-04-01,Same Day,CUS-1683,Customer CUS-1683,Consumer,United States,City_58,Texas,West,PROD-64912,Technology,Laptops,Laptops Product PROD-64912,1925.47,8,0.00,1757.72,Critical
ORD-10968,2024-08-15,2024-08-15,First Class,CUS-2319,Customer CUS-2319,Consumer,United States,City_42,Georgia,West,PROD-58182,Office Supplies,Paper,Paper Product PROD-58182,4367.77,10,0.10,3392.43,Critical
ORD-10969,2024-11-14,2024-11-14,Standard Class,CUS-1830,Customer CUS-1830,Corporate,United States,City_39,Ohio,South,PROD-74198,Office Supplies,Paper,Paper Product PROD-74198,987.07,6,0.00,648.17,Low
ORD-10970,2023-05-13,2023-05-13,Same Day,CUS-9887,Customer CUS-9887,Consumer,United States,City_66,Virginia,East,PROD-60641,Furniture,Storage,Storage Product PROD-60641,1095.05,6,0.00,921.49,High
ORD-10971,2023-03-27,2023-03-27,Standard Class,CUS-7058,Customer CUS-7058,Consumer,United States,City_5,Texas,West,PROD-45375,Furniture,Copiers,Copiers Product PROD-45375,3774.63,9,0.10,2446.15,High
ORD-10972,2024-04-12,2024-04-12,Second Class,CUS-9603,Customer CUS-9603,Consumer,United States,City_30,Florida,Central,PROD-75325,Technology,Laptops,Laptops Product PROD-75325,694.77,3,0.00,534.62,High
ORD-10973,2024-07-21,2024-07-21,Same Day,CUS-2105,Customer CUS-2105,Corporate,United States,City_25,New York,Central,PROD-16472,Technology,Accessories,Accessories Product PROD-16472,2566.26,9,0.00,2054.04,Critical
ORD-10974,2023-11-07,2023-11-07,First Class,CUS-9647,Customer CUS-9647,Corporate,United States,City_70,Texas,South,PROD-86449,Office Supplies,Chairs,Chairs Product PROD-86449,1106.50,7,0.00,944.37,Low
ORD-10975,2023-05-13,2023-05-13,Same Day,CUS-5781,Customer CUS-5781,Corporate,United States,City_23,Florida,East,PROD-92428,Technology,Phones,Phones Product PROD-92428,2775.48,6,0.00,2287.75,Medium
ORD-10976,2022-01-05,2022-01-05,Same Day,CUS-9951,Customer CUS-9951,Consumer,United States,City_34,Pennsylvania,Central,PROD-60188,Furniture,Binders,Binders Product PROD-60188,3645.18,9,0.00,2353.38,Critical
ORD-10977,2024-10-28,2024-10-28,Same Day,CUS-9126,Customer CUS-9126,Consumer,United States,City_6,Florida,East,PROD-44436,Technology,Tables,Tables Product PROD-44436,668.03,7,0.00,405.54,Low
ORD-10978,2024-05-11,2024-05-11,Same Day,CUS-9400,Customer CUS-9400,Home Office,United States,City_65,Georgia,Central,PROD-86801,Technology,Copiers,Copiers Product PROD-86801,2692.90,6,0.00,2260.55,Critical
ORD-10979,2022-11-27,2022-11-27,Same Day,CUS-3903,Customer CUS-3903,Home Office,United States,City_52,Virginia,South,PROD-28556,Technology,Phones,Phones Product PROD-28556,2271.80,9,0.00,1450.67,Medium
ORD-10980,2023-12-02,2023-12-02,First Class,CUS-9250,Customer CUS-9250,Consumer,United States,City_87,Washington,East,PROD-26526,Technology,Phones,Phones Product PROD-26526,205.44,4,0.20,118.34,Low
ORD-10981,2022-11-18,2022-11-18,Same Day,CUS-8550,Customer CUS-8550,Corporate,United States,City_90,Ohio,South,PROD-37482,Office Supplies,Accessories,Accessories Product PROD-37482,3240.33,7,0.00,2836.85,Medium
ORD-10982,2022-01-10,2022-01-10,Standard Class,CUS-5811,Customer CUS-5811,Consumer,United States,City_20,Virginia,East,PROD-24029,Office Supplies,Accessories,Accessories Product PROD-24029,1965.19,5,0.10,1624.47,High
ORD-10983,2024-01-19,2024-01-19,Same Day,CUS-9533,Customer CUS-9533,Corporate,United States,City_26,Washington,West,PROD-66506,Furniture,Binders,Binders Product PROD-66506,2324.72,10,0.00,1917.67,High
ORD-10984,2023-09-24,2023-09-24,Same Day,CUS-1079,Customer CUS-1079,Corporate,United States,City_5,Florida,West,PROD-92899,Technology,Laptops,Laptops Product PROD-92899,689.78,7,0.10,394.32,Low
ORD-10985,2024-06-13,2024-06-13,First Class,CUS-1649,Customer CUS-1649,Home Office,United States,City_49,Virginia,East,PROD-65127,Furniture,Paper,Paper Product PROD-65127,521.66,3,0.05,465.83,Low
ORD-10986,2024-06-07,2024-06-07,Same Day,CUS-2393,Customer CUS-2393,Consumer,United States,City_9,Ohio,Central,PROD-94232,Office Supplies,Binders,Binders Product PROD-94232,1069.13,8,0.00,633.71,Critical
ORD-10987,2022-11-14,2022-11-14,Standard Class,CUS-1728,Customer CUS-1728,Home Office,United States,City_3,Illinois,East,PROD-80881,Technology,Chairs,Chairs Product PROD-80881,1957.25,6,0.00,1659.32,High
ORD-10988,2024-01-18,2024-01-18,First Class,CUS-6184,Customer CUS-6184,Corporate,United States,City_33,Illinois,Central,PROD-54901,Furniture,Bookcases,Bookcases Product PROD-54901,1237.54,8,0.00,1150.56,Medium
ORD-10989,2022-10-14,2022-10-14,Standard Class,CUS-3422,Customer CUS-3422,Home Office,United States,City_48,Georgia,West,PROD-22847,Furniture,Storage,Storage Product PROD-22847,3188.65,10,0.00,2444.13,Low
ORD-10990,2022-12-17,2022-12-17,First Class,CUS-1753,Customer CUS-1753,Home Office,United States,City_31,Georgia,East,PROD-50617,Office Supplies,Bookcases,Bookcases Product PROD-50617,2105.22,7,0.00,1351.26,High
ORD-10991,2023-01-05,2023-01-05,Second Class,CUS-3692,Customer CUS-3692,Home Office,United States,City_39,Texas,West,PROD-99744,Office Supplies,Bookcases,Bookcases Product PROD-99744,761.54,2,0.00,621.16,Medium
ORD-10992,2022-07-21,2022-07-21,Same Day,CUS-2643,Customer CUS-2643,Home Office,United States,City_38,Georgia,West,PROD-55847,Technology,Laptops,Laptops Product PROD-55847,399.43,9,0.00,236.07,High
ORD-10993,2023-11-26,2023-11-26,Second Class,CUS-9015,Customer CUS-9015,Corporate,United States,City_91,New York,West,PROD-22931,Office Supplies,Paper,Paper Product PROD-22931,745.86,5,0.00,587.52,Low
ORD-10994,2024-06-13,2024-06-13,Same Day,CUS-9472,Customer CUS-9472,Home Office,United States,City_16,Georgia,South,PROD-53822,Office Supplies,Accessories,Accessories Product PROD-53822,810.45,2,0.00,764.26,Low
ORD-10995,2022-08-28,2022-08-28,Standard Class,CUS-2147,Customer CUS-2147,Home Office,United States,City_90,Washington,East,PROD-52738,Technology,Laptops,Laptops Product PROD-52738,1022.06,3,0.00,898.72,High
ORD-10996,2023-06-24,2023-06-24,Second Class,CUS-3925,Customer CUS-3925,Corporate,United States,City_51,Florida,East,PROD-69728,Furniture,Accessories,Accessories Product PROD-69728,293.94,8,0.00,257.92,Low
ORD-10997,2022-08-02,2022-08-02,Same Day,CUS-5650,Customer CUS-5650,Consumer,United States,City_98,Ohio,South,PROD-63970,Furniture,Chairs,Chairs Product PROD-63970,73.39,2,0.00,56.48,Medium
ORD-10998,2023-11-24,2023-11-24,Standard Class,CUS-5442,Customer CUS-5442,Corporate,United States,City_24,California,Central,PROD-50591,Technology,Bookcases,Bookcases Product PROD-50591,2612.38,8,0.05,2165.07,Medium
ORD-10999,2022-10-14,2022-10-14,First Class,CUS-1678,Customer CUS-1678,Corporate,United States,City_2,Texas,Central,PROD-38004,Office Supplies,Storage,Storage Product PROD-38004,3173.09,10,0.05,2981.22,High
ORD-11000,2022-06-27,2022-06-27,Same Day,CUS-4566,Customer CUS-4566,Corporate,United States,City_63,California,East,PROD-40652,Office Supplies,Bookcases,Bookcases Product PROD-40652,2015.60,6,0.00,1534.90,Low
ORD-11001,2022-01-08,2022-01-08,First Class,CUS-6158,Customer CUS-6158,Consumer,United States,City_56,Florida,South,PROD-37692,Furniture,Tables,Tables Product PROD-37692,2738.01,6,0.00,2577.62,Critical
ORD-11002,2024-06-15,2024-06-15,First Class,CUS-8704,Customer CUS-8704,Home Office,United States,City_19,Florida,Central,PROD-36896,Office Supplies,Paper,Paper Product PROD-36896,43.74,5,0.00,39.53,High
ORD-11003,2024-01-07,2024-01-07,Same Day,CUS-5807,Customer CUS-5807,Corporate,United States,City_47,New York,Central,PROD-96631,Technology,Chairs,Chairs Product PROD-96631,1774.95,9,0.20,1627.04,Low
ORD-11004,2024-11-08,2024-11-08,Second Class,CUS-5970,Customer CUS-5970,Consumer,United States,City_31,New York,East,PROD-47747,Office Supplies,Paper,Paper Product PROD-47747,985.56,2,0.00,653.44,Critical
ORD-11005,2023-12-11,2023-12-11,First Class,CUS-4067,Customer CUS-4067,Home Office,United States,City_94,California,East,PROD-91680,Technology,Accessories,Accessories Product PROD-91680,3858.76,8,0.00,3607.48,Medium
ORD-11006,2022-02-21,2022-02-21,Second Class,CUS-2411,Customer CUS-2411,Consumer,United States,City_19,Texas,East,PROD-34850,Furniture,Storage,Storage Product PROD-34850,2168.35,9,0.00,1698.70,Critical
ORD-11007,2023-04-26,2023-04-26,First Class,CUS-8473,Customer CUS-8473,Home Office,United States,City_86,Washington,South,PROD-46878,Furniture,Copiers,Copiers Product PROD-46878,2006.72,6,0.00,1615.83,Low
ORD-11008,2022-09-06,2022-09-06,First Class,CUS-5304,Customer CUS-5304,Consumer,United States,City_64,Illinois,Central,PROD-96370,Office Supplies,Chairs,Chairs Product PROD-96370,1022.44,7,0.00,751.47,Critical
ORD-11009,2022-06-21,2022-06-21,Second Class,CUS-2134,Customer CUS-2134,Consumer,United States,City_68,Pennsylvania,South,PROD-79523,Technology,Storage,Storage Product PROD-79523,477.26,1,0.00,360.91,High
ORD-11010,2024-07-09,2024-07-09,Standard Class,CUS-3409,Customer CUS-3409,Home Office,United States,City_57,Georgia,West,PROD-99091,Furniture,Laptops,Laptops Product PROD-99091,1034.48,3,0.10,586.66,Low
ORD-11011,2024-05-23,2024-05-23,Second Class,CUS-6065,Customer CUS-6065,Home Office,United States,City_34,Washington,South,PROD-58810,Technology,Tables,Tables Product PROD-58810,883.03,3,0.10,577.77,High
ORD-11012,2022-04-09,2022-04-09,First Class,CUS-3595,Customer CUS-3595,Consumer,United States,City_67,Washington,East,PROD-57335,Furniture,Laptops,Laptops Product PROD-57335,2243.92,6,0.20,1338.64,Medium
ORD-11013,2023-01-18,2023-01-18,Same Day,CUS-2571,Customer CUS-2571,Consumer,United States,City_34,Illinois,South,PROD-24169,Furniture,Tables,Tables Product PROD-24169,1229.28,3,0.10,773.63,Medium
ORD-11014,2022-07-04,2022-07-04,First Class,CUS-6841,Customer CUS-6841,Consumer,United States,City_75,California,East,PROD-74363,Technology,Chairs,Chairs Product PROD-74363,418.31,3,0.00,288.23,Low
ORD-11015,2022-07-13,2022-07-13,Second Class,CUS-6562,Customer CUS-6562,Consumer,United States,City_96,Georgia,East,PROD-85927,Technology,Bookcases,Bookcases Product PROD-85927,253.23,1,0.10,209.69,Low
ORD-11016,2023-12-25,2023-12-25,Standard Class,CUS-6403,Customer CUS-6403,Home Office,United States,City_62,Georgia,East,PROD-76476,Technology,Accessories,Accessories Product PROD-76476,350.96,1,0.05,291.73,Low
ORD-11017,2023-01-03,2023-01-03,Second Class,CUS-9494,Customer CUS-9494,Consumer,United States,City_96,Virginia,South,PROD-79621,Furniture,Storage,Storage Product PROD-79621,814.00,3,0.10,723.67,High
ORD-11018,2023-09-11,2023-09-11,Same Day,CUS-2005,Customer CUS-2005,Corporate,United States,City_15,California,East,PROD-89279,Office Supplies,Copiers,Copiers Product PROD-89279,1311.60,3,0.00,946.69,Low
ORD-11019,2023-09-04,2023-09-04,Second Class,CUS-8936,Customer CUS-8936,Home Office,United States,City_44,California,Central,PROD-34932,Office Supplies,Copiers,Copiers Product PROD-34932,2786.19,8,0.00,2631.69,High
ORD-11020,2024-06-21,2024-06-21,First Class,CUS-6489,Customer CUS-6489,Home Office,United States,City_98,Georgia,Central,PROD-48108,Technology,Binders,Binders Product PROD-48108,3640.27,9,0.15,2189.25,Medium
ORD-11021,2024-02-25,2024-02-25,First Class,CUS-2523,Customer CUS-2523,Home Office,United States,City_98,Georgia,Central,PROD-71221,Office Supplies,Laptops,Laptops Product PROD-71221,733.02,5,0.10,526.79,Critical
ORD-11022,2023-03-28,2023-03-28,Same Day,CUS-4494,Customer CUS-4494,Corporate,United States,City_65,California,Central,PROD-60192,Technology,Storage,Storage Product PROD-60192,763.97,4,0.10,496.82,Low
ORD-11023,2022-02-03,2022-02-03,First Class,CUS-7845,Customer CUS-7845,Home Office,United States,City_81,Texas,East,PROD-71881,Furniture,Phones,Phones Product PROD-71881,866.70,2,0.00,643.46,High
ORD-11024,2023-01-11,2023-01-11,First Class,CUS-9340,Customer CUS-9340,Home Office,United States,City_58,Texas,West,PROD-50906,Furniture,Chairs,Chairs Product PROD-50906,1615.61,5,0.00,1160.78,Medium
ORD-11025,2022-03-05,2022-03-05,Second Class,CUS-8476,Customer CUS-8476,Consumer,United States,City_40,Virginia,East,PROD-50389,Furniture,Binders,Binders Product PROD-50389,2455.57,9,0.00,1851.63,Low
ORD-11026,2022-06-21,2022-06-21,Same Day,CUS-2564,Customer CUS-2564,Home Office,United States,City_26,Pennsylvania,Central,PROD-82023,Technology,Paper,Paper Product PROD-82023,124.09,1,0.20,99.53,High
ORD-11027,2024-10-01,2024-10-01,Same Day,CUS-5238,Customer CUS-5238,Consumer,United States,City_68,Illinois,South,PROD-85274,Office Supplies,Storage,Storage Product PROD-85274,1629.83,10,0.00,1072.36,Low
ORD-11028,2024-02-12,2024-02-12,First Class,CUS-2817,Customer CUS-2817,Corporate,United States,City_50,Texas,South,PROD-54570,Office Supplies,Tables,Tables Product PROD-54570,1519.10,4,0.00,911.39,High
ORD-11029,2022-05-10,2022-05-10,Standard Class,CUS-2569,Customer CUS-2569,Consumer,United States,City_21,New York,Central,PROD-91532,Furniture,Binders,Binders Product PROD-91532,2050.35,8,0.00,1377.73,Low
ORD-11030,2022-12-20,2022-12-20,Same Day,CUS-2604,Customer CUS-2604,Corporate,United States,City_41,Florida,West,PROD-99447,Furniture,Storage,Storage Product PROD-99447,19.87,1,0.00,14.44,Medium
ORD-11031,2023-09-14,2023-09-14,Second Class,CUS-4584,Customer CUS-4584,Home Office,United States,City_1,California,West,PROD-22709,Furniture,Bookcases,Bookcases Product PROD-22709,1029.99,5,0.00,602.04,Medium
ORD-11032,2023-08-20,2023-08-20,Same Day,CUS-7155,Customer CUS-7155,Corporate,United States,City_89,Ohio,Central,PROD-27092,Technology,Paper,Paper Product PROD-27092,3071.10,7,0.00,1962.19,Low
ORD-11033,2024-02-06,2024-02-06,First Class,CUS-3995,Customer CUS-3995,Corporate,United States,City_17,Ohio,South,PROD-52005,Office Supplies,Phones,Phones Product PROD-52005,2480.40,10,0.05,2245.08,Medium
ORD-11034,2023-06-10,2023-06-10,Standard Class,CUS-5826,Customer CUS-5826,Corporate,United States,City_93,California,East,PROD-37497,Furniture,Copiers,Copiers Product PROD-37497,284.22,1,0.00,157.25,Low
ORD-11035,2024-05-09,2024-05-09,Standard Class,CUS-8070,Customer CUS-8070,Corporate,United States,City_31,Ohio,East,PROD-18111,Furniture,Tables,Tables Product PROD-18111,187.71,6,0.15,158.24,Low
ORD-11036,2023-01-02,2023-01-02,Second Class,CUS-4289,Customer CUS-4289,Consumer,United States,City_70,Florida,Central,PROD-36734,Furniture,Binders,Binders Product PROD-36734,1295.89,3,0.00,1201.48,Low
ORD-11037,2024-07-12,2024-07-12,First Class,CUS-5474,Customer CUS-5474,Consumer,United States,City_25,New York,West,PROD-25884,Office Supplies,Copiers,Copiers Product PROD-25884,3018.01,7,0.00,2014.08,Low
ORD-11038,2024-05-25,2024-05-25,Standard Class,CUS-2547,Customer CUS-2547,Home Office,United States,City_78,Illinois,Central,PROD-89846,Furniture,Bookcases,Bookcases Product PROD-89846,3547.27,8,0.00,2480.37,High
ORD-11039,2023-07-23,2023-07-23,Same Day,CUS-9910,Customer CUS-9910,Corporate,United States,City_24,Pennsylvania,West,PROD-73288,Office Supplies,Chairs,Chairs Product PROD-73288,889.20,6,0.00,767.78,Medium
ORD-11040,2023-06-03,2023-06-03,Standard Class,CUS-9771,Customer CUS-9771,Consumer,United States,City_71,Ohio,East,PROD-80852,Technology,Bookcases,Bookcases Product PROD-80852,1405.11,4,0.00,1314.51,High
ORD-11041,2023-05-23,2023-05-23,First Class,CUS-5525,Customer CUS-5525,Home Office,United States,City_2,New York,West,PROD-38813,Office Supplies,Tables,Tables Product PROD-38813,1229.62,8,0.00,993.93,Medium
ORD-11042,2023-11-03,2023-11-03,Same Day,CUS-8789,Customer CUS-8789,Corporate,United States,City_56,Texas,East,PROD-11406,Technology,Binders,Binders Product PROD-11406,1351.26,5,0.00,1030.30,Low
ORD-11043,2022-07-05,2022-07-05,Same Day,CUS-5384,Customer CUS-5384,Home Office,United States,City_38,Texas,East,PROD-14315,Office Supplies,Tables,Tables Product PROD-14315,2668.16,7,0.00,1548.63,High
ORD-11044,2023-07-07,2023-07-07,Same Day,CUS-3312,Customer CUS-3312,Home Office,United States,City_54,Ohio,West,PROD-19173,Technology,Tables,Tables Product PROD-19173,734.16,2,0.05,476.84,High
ORD-11045,2022-02-27,2022-02-27,Second Class,CUS-1022,Customer CUS-1022,Corporate,United States,City_90,Pennsylvania,East,PROD-58269,Office Supplies,Paper,Paper Product PROD-58269,178.02,1,0.00,151.70,Low
ORD-11046,2023-08-20,2023-08-20,Standard Class,CUS-8054,Customer CUS-8054,Consumer,United States,City_66,Virginia,East,PROD-47161,Technology,Bookcases,Bookcases Product PROD-47161,1215.85,7,0.00,741.63,High
ORD-11047,2023-07-17,2023-07-17,Same Day,CUS-2103,Customer CUS-2103,Consumer,United States,City_62,California,West,PROD-75905,Office Supplies,Tables,Tables Product PROD-75905,287.26,1,0.00,178.31,High
ORD-11048,2022-07-10,2022-07-10,First Class,CUS-7685,Customer CUS-7685,Consumer,United States,City_27,Illinois,Central,PROD-91476,Furniture,Accessories,Accessories Product PROD-91476,345.36,6,0.05,308.22,Critical
ORD-11049,2024-12-14,2024-12-14,Second Class,CUS-3073,Customer CUS-3073,Home Office,United States,City_95,Illinois,Central,PROD-29411,Furniture,Accessories,Accessories Product PROD-29411,28.49,3,0.00,18.44,High
ORD-11050,2022-06-25,2022-06-25,Same Day,CUS-8182,Customer CUS-8182,Consumer,United States,City_15,Illinois,West,PROD-95216,Technology,Accessories,Accessories Product PROD-95216,609.76,9,0.05,564.28,High
ORD-11051,2024-12-14,2024-12-14,Second Class,CUS-7221,Customer CUS-7221,Home Office,United States,City_71,Virginia,South,PROD-33764,Technology,Copiers,Copiers Product PROD-33764,1859.29,6,0.00,1201.83,High
ORD-11052,2022-06-21,2022-06-21,Same Day,CUS-6964,Customer CUS-6964,Corporate,United States,City_99,Washington,Central,PROD-72837,Furniture,Accessories,Accessories Product PROD-72837,1327.33,7,0.05,1202.58,Critical
ORD-11053,2023-08-17,2023-08-17,Second Class,CUS-8731,Customer CUS-8731,Corporate,United States,City_80,Florida,East,PROD-17962,Furniture,Binders,Binders Product PROD-17962,127.95,2,0.00,99.80,Critical
ORD-11054,2022-03-26,2022-03-26,Same Day,CUS-6445,Customer CUS-6445,Consumer,United States,City_15,Texas,West,PROD-89358,Technology,Copiers,Copiers Product PROD-89358,936.71,3,0.20,763.75,Low
ORD-11055,2024-03-01,2024-03-01,Second Class,CUS-1903,Customer CUS-1903,Home Office,United States,City_12,Texas,East,PROD-61897,Office Supplies,Storage,Storage Product PROD-61897,75.38,7,0.10,51.36,Critical
ORD-11056,2023-06-03,2023-06-03,Same Day,CUS-9626,Customer CUS-9626,Home Office,United States,City_30,Texas,Central,PROD-35115,Office Supplies,Binders,Binders Product PROD-35115,133.79,2,0.10,92.98,High
ORD-11057,2024-04-19,2024-04-19,Second Class,CUS-3112,Customer CUS-3112,Consumer,United States,City_24,Virginia,East,PROD-17827,Technology,Storage,Storage Product PROD-17827,2059.95,6,0.00,1319.29,High
ORD-11058,2024-01-26,2024-01-26,First Class,CUS-2750,Customer CUS-2750,Consumer,United States,City_42,Illinois,West,PROD-30854,Office Supplies,Paper,Paper Product PROD-30854,941.46,2,0.00,634.59,Low
ORD-11059,2024-04-14,2024-04-14,Second Class,CUS-6121,Customer CUS-6121,Home Office,United States,City_29,California,Central,PROD-38767,Furniture,Laptops,Laptops Product PROD-38767,759.39,4,0.00,581.96,Low
ORD-11060,2022-09-13,2022-09-13,Standard Class,CUS-6962,Customer CUS-6962,Consumer,United States,City_83,Georgia,East,PROD-38900,Technology,Chairs,Chairs Product PROD-38900,186.53,1,0.15,154.40,Critical
ORD-11061,2023-08-03,2023-08-03,Standard Class,CUS-4581,Customer CUS-4581,Home Office,United States,City_37,Pennsylvania,West,PROD-53742,Technology,Copiers,Copiers Product PROD-53742,3578.10,8,0.05,2543.72,Critical
ORD-11062,2023-09-22,2023-09-22,Same Day,CUS-1843,Customer CUS-1843,Corporate,United States,City_36,California,South,PROD-37961,Office Supplies,Tables,Tables Product PROD-37961,1956.94,9,0.00,1425.37,High
ORD-11063,2022-05-28,2022-05-28,First Class,CUS-5242,Customer CUS-5242,Home Office,United States,City_6,Texas,South,PROD-84500,Furniture,Paper,Paper Product PROD-84500,530.32,3,0.00,393.94,Medium
ORD-11064,2024-10-18,2024-10-18,First Class,CUS-9343,Customer CUS-9343,Home Office,United States,City_14,Ohio,East,PROD-79950,Technology,Binders,Binders Product PROD-79950,2575.82,9,0.05,1969.57,Medium
ORD-11065,2022-07-11,2022-07-11,Second Class,CUS-2974,Customer CUS-2974,Consumer,United States,City_26,Florida,West,PROD-90529,Office Supplies,Binders,Binders Product PROD-90529,2725.17,7,0.00,2012.36,Medium
ORD-11066,2022-02-15,2022-02-15,Second Class,CUS-3614,Customer CUS-3614,Consumer,United States,City_1,New York,South,PROD-75561,Furniture,Laptops,Laptops Product PROD-75561,747.41,10,0.00,520.06,High
ORD-11067,2024-06-24,2024-06-24,Same Day,CUS-7510,Customer CUS-7510,Consumer,United States,City_65,Illinois,South,PROD-98024,Office Supplies,Copiers,Copiers Product PROD-98024,1310.11,3,0.10,845.64,Medium
ORD-11068,2022-06-08,2022-06-08,Standard Class,CUS-9949,Customer CUS-9949,Home Office,United States,City_37,Virginia,South,PROD-90658,Technology,Tables,Tables Product PROD-90658,2642.75,7,0.00,2354.89,High
ORD-11069,2022-01-10,2022-01-10,Same Day,CUS-3883,Customer CUS-3883,Consumer,United States,City_28,Washington,East,PROD-20504,Office Supplies,Chairs,Chairs Product PROD-20504,344.15,3,0.05,251.72,Medium
ORD-11070,2024-04-24,2024-04-24,Second Class,CUS-7737,Customer CUS-7737,Home Office,United States,City_84,Illinois,Central,PROD-30517,Technology,Copiers,Copiers Product PROD-30517,513.26,4,0.05,440.53,Low
ORD-11071,2022-01-15,2022-01-15,Standard Class,CUS-6750,Customer CUS-6750,Corporate,United States,City_70,Georgia,Central,PROD-49885,Technology,Phones,Phones Product PROD-49885,541.92,2,0.15,474.63,Critical
ORD-11072,2024-09-22,2024-09-22,Second Class,CUS-1067,Customer CUS-1067,Consumer,United States,City_75,Illinois,Central,PROD-51162,Technology,Paper,Paper Product PROD-51162,340.76,5,0.00,194.82,Medium
ORD-11073,2024-06-02,2024-06-02,Standard Class,CUS-5620,Customer CUS-5620,Consumer,United States,City_9,Pennsylvania,South,PROD-12770,Furniture,Binders,Binders Product PROD-12770,955.89,8,0.00,822.34,High
ORD-11074,2023-01-11,2023-01-11,First Class,CUS-8569,Customer CUS-8569,Home Office,United States,City_44,Illinois,East,PROD-79497,Furniture,Chairs,Chairs Product PROD-79497,3190.33,8,0.00,2485.95,Critical
ORD-11075,2022-09-26,2022-09-26,First Class,CUS-9528,Customer CUS-9528,Consumer,United States,City_27,Pennsylvania,West,PROD-80611,Furniture,Phones,Phones Product PROD-80611,1036.77,4,0.00,637.22,Low
ORD-11076,2022-02-18,2022-02-18,Standard Class,CUS-4428,Customer CUS-4428,Consumer,United States,City_68,California,South,PROD-28885,Office Supplies,Bookcases,Bookcases Product PROD-28885,651.98,3,0.00,614.41,Critical
ORD-11077,2023-03-07,2023-03-07,First Class,CUS-1245,Customer CUS-1245,Corporate,United States,City_76,Illinois,East,PROD-31545,Furniture,Accessories,Accessories Product PROD-31545,1687.38,6,0.10,1056.49,Critical
ORD-11078,2022-03-15,2022-03-15,Standard Class,CUS-7620,Customer CUS-7620,Consumer,United States,City_62,Virginia,West,PROD-25182,Office Supplies,Chairs,Chairs Product PROD-25182,660.32,7,0.00,574.75,Critical
ORD-11079,2024-05-18,2024-05-18,Second Class,CUS-8738,Customer CUS-8738,Corporate,United States,City_72,Florida,East,PROD-62736,Furniture,Phones,Phones Product PROD-62736,3632.78,9,0.00,2269.15,Critical
ORD-11080,2022-03-13,2022-03-13,First Class,CUS-6485,Customer CUS-6485,Consumer,United States,City_15,Texas,West,PROD-86009,Technology,Accessories,Accessories Product PROD-86009,1219.53,6,0.10,967.03,Critical
ORD-11081,2024-02-18,2024-02-18,Second Class,CUS-3058,Customer CUS-3058,Home Office,United States,City_31,New York,Central,PROD-85912,Technology,Copiers,Copiers Product PROD-85912,434.34,2,0.10,302.07,Low
ORD-11082,2023-08-10,2023-08-10,Same Day,CUS-2690,Customer CUS-2690,Home Office,United States,City_24,Ohio,East,PROD-21155,Furniture,Laptops,Laptops Product PROD-21155,2169.62,9,0.05,1205.85,Critical
ORD-11083,2024-10-04,2024-10-04,Second Class,CUS-9696,Customer CUS-9696,Consumer,United States,City_70,New York,South,PROD-57147,Furniture,Storage,Storage Product PROD-57147,175.95,10,0.00,141.70,Low
ORD-11084,2023-05-08,2023-05-08,First Class,CUS-4449,Customer CUS-4449,Corporate,United States,City_71,Texas,East,PROD-53315,Technology,Storage,Storage Product PROD-53315,102.93,5,0.00,78.11,Medium
ORD-11085,2024-10-03,2024-10-03,First Class,CUS-6386,Customer CUS-6386,Corporate,United States,City_54,Washington,Central,PROD-85835,Technology,Tables,Tables Product PROD-85835,1051.92,4,0.10,817.42,Low
ORD-11086,2022-02-26,2022-02-26,Second Class,CUS-4390,Customer CUS-4390,Home Office,United States,City_15,Georgia,Central,PROD-26882,Furniture,Phones,Phones Product PROD-26882,195.29,2,0.00,127.07,Critical
ORD-11087,2024-10-09,2024-10-09,Second Class,CUS-2409,Customer CUS-2409,Corporate,United States,City_84,Florida,East,PROD-68881,Technology,Accessories,Accessories Product PROD-68881,1004.19,9,0.00,665.81,Medium
ORD-11088,2023-12-18,2023-12-18,First Class,CUS-8358,Customer CUS-8358,Home Office,United States,City_80,Virginia,South,PROD-97254,Technology,Binders,Binders Product PROD-97254,89.59,8,0.00,51.09,Medium
ORD-11089,2022-07-05,2022-07-05,First Class,CUS-8287,Customer CUS-8287,Home Office,United States,City_88,Pennsylvania,South,PROD-13559,Office Supplies,Chairs,Chairs Product PROD-13559,2754.12,6,0.00,2559.57,High
ORD-11090,2024-09-12,2024-09-12,First Class,CUS-4552,Customer CUS-4552,Consumer,United States,City_34,California,East,PROD-43732,Technology,Chairs,Chairs Product PROD-43732,2203.93,6,0.00,1410.75,Medium
ORD-11091,2023-12-07,2023-12-07,Same Day,CUS-3593,Customer CUS-3593,Home Office,United States,City_29,Georgia,South,PROD-40498,Office Supplies,Tables,Tables Product PROD-40498,408.50,2,0.20,233.31,Low
ORD-11092,2023-02-14,2023-02-14,Second Class,CUS-8826,Customer CUS-8826,Corporate,United States,City_70,Florida,West,PROD-36524,Furniture,Binders,Binders Product PROD-36524,2116.31,7,0.00,1790.31,Medium
ORD-11093,2022-09-23,2022-09-23,First Class,CUS-2150,Customer CUS-2150,Home Office,United States,City_16,Illinois,West,PROD-20737,Furniture,Bookcases,Bookcases Product PROD-20737,1354.49,5,0.00,1259.89,Critical
ORD-11094,2024-08-15,2024-08-15,Standard Class,CUS-8395,Customer CUS-8395,Consumer,United States,City_76,Washington,Central,PROD-79350,Technology,Laptops,Laptops Product PROD-79350,416.40,1,0.15,264.77,High
ORD-11095,2022-03-22,2022-03-22,First Class,CUS-9073,Customer CUS-9073,Home Office,United States,City_23,Illinois,West,PROD-40644,Technology,Laptops,Laptops Product PROD-40644,1861.76,4,0.00,1551.30,Critical
ORD-11096,2023-10-20,2023-10-20,Second Class,CUS-5270,Customer CUS-5270,Consumer,United States,City_54,Washington,East,PROD-52302,Office Supplies,Paper,Paper Product PROD-52302,2774.12,6,0.00,2529.48,High
ORD-11097,2023-08-23,2023-08-23,Same Day,CUS-2225,Customer CUS-2225,Consumer,United States,City_6,Florida,East,PROD-73249,Technology,Phones,Phones Product PROD-73249,866.80,2,0.05,522.88,Medium
ORD-11098,2022-05-25,2022-05-25,First Class,CUS-3957,Customer CUS-3957,Corporate,United States,City_37,Georgia,West,PROD-96818,Office Supplies,Storage,Storage Product PROD-96818,1009.22,5,0.05,680.64,Medium
ORD-11099,2024-06-13,2024-06-13,First Class,CUS-2269,Customer CUS-2269,Corporate,United States,City_62,Illinois,West,PROD-43761,Furniture,Binders,Binders Product PROD-43761,2380.70,6,0.00,1646.84,Medium
ORD-11100,2024-11-21,2024-11-21,Second Class,CUS-7159,Customer CUS-7159,Corporate,United States,City_29,California,South,PROD-17481,Furniture,Copiers,Copiers Product PROD-17481,444.05,1,0.05,311.58,High
ORD-11101,2024-11-05,2024-11-05,Second Class,CUS-5733,Customer CUS-5733,Corporate,United States,City_10,California,West,PROD-74246,Furniture,Paper,Paper Product PROD-74246,1220.71,7,0.00,891.88,High
ORD-11102,2022-01-27,2022-01-27,Same Day,CUS-1204,Customer CUS-1204,Home Office,United States,City_32,New York,Central,PROD-19927,Furniture,Accessories,Accessories Product PROD-19927,161.41,1,0.00,105.93,High
ORD-11103,2024-12-22,2024-12-22,Second Class,CUS-5283,Customer CUS-5283,Corporate,United States,City_19,California,South,PROD-74722,Furniture,Tables,Tables Product PROD-74722,2965.24,10,0.00,1959.24,High
ORD-11104,2023-01-26,2023-01-26,Same Day,CUS-1031,Customer CUS-1031,Home Office,United States,City_6,New York,East,PROD-52029,Technology,Paper,Paper Product PROD-52029,489.21,4,0.00,357.15,High
ORD-11105,2022-12-23,2022-12-23,Same Day,CUS-5851,Customer CUS-5851,Home Office,United States,City_36,Florida,West,PROD-83594,Office Supplies,Phones,Phones Product PROD-83594,1108.98,3,0.10,965.88,High
ORD-11106,2024-09-20,2024-09-20,Same Day,CUS-2409,Customer CUS-2409,Consumer,United States,City_84,Washington,West,PROD-55235,Technology,Laptops,Laptops Product PROD-55235,2924.08,7,0.15,2659.64,Critical
ORD-11107,2023-09-06,2023-09-06,Standard Class,CUS-1107,Customer CUS-1107,Home Office,United States,City_18,Illinois,West,PROD-17535,Technology,Laptops,Laptops Product PROD-17535,3736.17,10,0.10,3437.46,Critical
ORD-11108,2024-03-18,2024-03-18,First Class,CUS-2163,Customer CUS-2163,Corporate,United States,City_76,Ohio,Central,PROD-72270,Furniture,Copiers,Copiers Product PROD-72270,415.23,2,0.00,244.17,High
ORD-11109,2023-10-22,2023-10-22,Second Class,CUS-8757,Customer CUS-8757,Home Office,United States,City_40,Georgia,South,PROD-29602,Office Supplies,Tables,Tables Product PROD-29602,943.36,2,0.00,790.03,High
ORD-11110,2023-04-11,2023-04-11,Same Day,CUS-1468,Customer CUS-1468,Home Office,United States,City_11,Texas,East,PROD-68696,Technology,Binders,Binders Product PROD-68696,136.38,3,0.00,78.48,Medium
ORD-11111,2023-01-22,2023-01-22,Same Day,CUS-9774,Customer CUS-9774,Consumer,United States,City_40,California,South,PROD-65033,Office Supplies,Tables,Tables Product PROD-65033,613.01,10,0.15,347.67,Critical
ORD-11112,2024-10-01,2024-10-01,Same Day,CUS-6990,Customer CUS-6990,Corporate,United States,City_73,Georgia,Central,PROD-34861,Office Supplies,Storage,Storage Product PROD-34861,3382.53,7,0.00,3114.67,Critical
ORD-11113,2023-12-06,2023-12-06,Same Day,CUS-8328,Customer CUS-8328,Home Office,United States,City_47,Ohio,South,PROD-45143,Office Supplies,Binders,Binders Product PROD-45143,1159.08,4,0.05,891.06,High
ORD-11114,2023-01-09,2023-01-09,First Class,CUS-6331,Customer CUS-6331,Consumer,United States,City_53,Texas,East,PROD-30284,Technology,Storage,Storage Product PROD-30284,691.29,9,0.00,577.42,Low
ORD-11115,2022-06-15,2022-06-15,Second Class,CUS-9244,Customer CUS-9244,Corporate,United States,City_2,Texas,East,PROD-80433,Office Supplies,Binders,Binders Product PROD-80433,1297.56,3,0.00,977.20,Medium
ORD-11116,2024-09-01,2024-09-01,Same Day,CUS-3153,Customer CUS-3153,Consumer,United States,City_92,California,West,PROD-21295,Office Supplies,Copiers,Copiers Product PROD-21295,243.77,2,0.10,222.35,High
ORD-11117,2024-06-16,2024-06-16,First Class,CUS-4047,Customer CUS-4047,Home Office,United States,City_41,Washington,Central,PROD-53891,Technology,Accessories,Accessories Product PROD-53891,797.65,2,0.00,468.05,High
ORD-11118,2023-03-19,2023-03-19,First Class,CUS-8085,Customer CUS-8085,Corporate,United States,City_84,Virginia,Central,PROD-73438,Office Supplies,Accessories,Accessories Product PROD-73438,742.09,5,0.05,567.92,Critical
ORD-11119,2022-06-11,2022-06-11,Standard Class,CUS-8756,Customer CUS-8756,Home Office,United States,City_38,New York,Central,PROD-65729,Technology,Accessories,Accessories Product PROD-65729,145.43,1,0.15,120.16,Critical
ORD-11120,2024-02-20,2024-02-20,Same Day,CUS-4526,Customer CUS-4526,Corporate,United States,City_6,Georgia,South,PROD-87126,Furniture,Binders,Binders Product PROD-87126,4170.00,10,0.00,3406.33,Critical
ORD-11121,2024-05-11,2024-05-11,Same Day,CUS-1023,Customer CUS-1023,Consumer,United States,City_19,New York,West,PROD-21158,Office Supplies,Accessories,Accessories Product PROD-21158,3291.62,9,0.20,2432.40,High
ORD-11122,2023-12-23,2023-12-23,First Class,CUS-6975,Customer CUS-6975,Corporate,United States,City_43,Pennsylvania,West,PROD-58644,Technology,Chairs,Chairs Product PROD-58644,1956.74,6,0.10,1458.91,High
ORD-11123,2024-07-24,2024-07-24,Standard Class,CUS-9812,Customer CUS-9812,Home Office,United States,City_27,Georgia,Central,PROD-30810,Technology,Copiers,Copiers Product PROD-30810,697.37,6,0.00,607.15,Critical
ORD-11124,2024-06-11,2024-06-11,Same Day,CUS-9165,Customer CUS-9165,Home Office,United States,City_36,Florida,Central,PROD-29383,Office Supplies,Accessories,Accessories Product PROD-29383,243.72,1,0.00,135.16,Medium
ORD-11125,2022-09-22,2022-09-22,Second Class,CUS-9944,Customer CUS-9944,Consumer,United States,City_77,Washington,West,PROD-97011,Furniture,Copiers,Copiers Product PROD-97011,3657.23,9,0.00,2499.12,High
ORD-11126,2023-02-03,2023-02-03,First Class,CUS-3666,Customer CUS-3666,Home Office,United States,City_91,Illinois,West,PROD-98128,Furniture,Paper,Paper Product PROD-98128,62.40,1,0.00,56.21,High
ORD-11127,2023-01-08,2023-01-08,Second Class,CUS-3184,Customer CUS-3184,Corporate,United States,City_69,New York,West,PROD-42316,Furniture,Phones,Phones Product PROD-42316,2829.62,10,0.00,2599.51,Medium
ORD-11128,2023-10-06,2023-10-06,Standard Class,CUS-2523,Customer CUS-2523,Consumer,United States,City_4,California,West,PROD-70381,Technology,Paper,Paper Product PROD-70381,145.71,3,0.00,108.07,Medium
ORD-11129,2023-01-05,2023-01-05,Second Class,CUS-5775,Customer CUS-5775,Home Office,United States,City_51,Florida,West,PROD-71400,Furniture,Bookcases,Bookcases Product PROD-71400,185.90,2,0.10,175.04,Medium
ORD-11130,2022-03-13,2022-03-13,First Class,CUS-1924,Customer CUS-1924,Consumer,United States,City_32,Illinois,West,PROD-47859,Office Supplies,Paper,Paper Product PROD-47859,2931.69,8,0.20,1810.10,Medium
ORD-11131,2023-12-24,2023-12-24,Second Class,CUS-5771,Customer CUS-5771,Corporate,United States,City_98,Pennsylvania,Central,PROD-83752,Furniture,Storage,Storage Product PROD-83752,3789.70,9,0.00,2101.47,Medium
ORD-11132,2023-04-19,2023-04-19,First Class,CUS-1767,Customer CUS-1767,Home Office,United States,City_43,Georgia,Central,PROD-48985,Technology,Phones,Phones Product PROD-48985,4461.44,10,0.10,4149.81,Medium
ORD-11133,2023-04-10,2023-04-10,Same Day,CUS-2295,Customer CUS-2295,Home Office,United States,City_86,Virginia,Central,PROD-32751,Office Supplies,Storage,Storage Product PROD-32751,1006.52,8,0.00,808.23,Critical
ORD-11134,2023-05-09,2023-05-09,Standard Class,CUS-7545,Customer CUS-7545,Corporate,United States,City_6,Pennsylvania,Central,PROD-93091,Furniture,Paper,Paper Product PROD-93091,1929.14,4,0.00,1350.11,Critical
ORD-11135,2022-02-21,2022-02-21,First Class,CUS-9820,Customer CUS-9820,Consumer,United States,City_56,Ohio,West,PROD-22636,Furniture,Copiers,Copiers Product PROD-22636,3002.10,8,0.00,2010.65,Critical
ORD-11136,2023-10-25,2023-10-25,Second Class,CUS-8185,Customer CUS-8185,Home Office,United States,City_17,California,Central,PROD-40847,Furniture,Tables,Tables Product PROD-40847,2047.35,7,0.00,1893.05,Low
ORD-11137,2022-03-23,2022-03-23,First Class,CUS-9584,Customer CUS-9584,Consumer,United States,City_4,Ohio,East,PROD-72806,Technology,Paper,Paper Product PROD-72806,412.42,1,0.05,249.98,Low
ORD-11138,2023-11-11,2023-11-11,First Class,CUS-7371,Customer CUS-7371,Consumer,United States,City_4,Illinois,Central,PROD-37083,Technology,Storage,Storage Product PROD-37083,1421.52,6,0.05,1070.27,Low
ORD-11139,2024-11-07,2024-11-07,Same Day,CUS-9372,Customer CUS-9372,Corporate,United States,City_78,New York,West,PROD-59220,Technology,Tables,Tables Product PROD-59220,791.04,2,0.20,677.23,Medium
ORD-11140,2024-11-16,2024-11-16,First Class,CUS-8559,Customer CUS-8559,Corporate,United States,City_60,Illinois,South,PROD-45035,Office Supplies,Phones,Phones Product PROD-45035,724.10,2,0.00,576.04,High
ORD-11141,2022-02-12,2022-02-12,First Class,CUS-9692,Customer CUS-9692,Consumer,United States,City_15,New York,West,PROD-20378,Office Supplies,Paper,Paper Product PROD-20378,2985.96,8,0.00,2623.59,Medium
ORD-11142,2022-02-28,2022-02-28,Same Day,CUS-4379,Customer CUS-4379,Corporate,United States,City_0,Washington,East,PROD-32997,Technology,Paper,Paper Product PROD-32997,685.50,5,0.00,546.77,Critical
ORD-11143,2022-12-28,2022-12-28,Second Class,CUS-1813,Customer CUS-1813,Consumer,United States,City_8,Georgia,South,PROD-49839,Office Supplies,Accessories,Accessories Product PROD-49839,3004.84,7,0.00,1911.41,Critical
ORD-11144,2023-09-24,2023-09-24,Same Day,CUS-1991,Customer CUS-1991,Consumer,United States,City_67,Washington,West,PROD-92234,Technology,Accessories,Accessories Product PROD-92234,122.31,2,0.00,85.93,Medium
ORD-11145,2023-06-14,2023-06-14,Second Class,CUS-9207,Customer CUS-9207,Home Office,United States,City_55,Washington,South,PROD-78880,Office Supplies,Bookcases,Bookcases Product PROD-78880,902.22,4,0.00,655.67,Medium
ORD-11146,2023-08-28,2023-08-28,Standard Class,CUS-9139,Customer CUS-9139,Consumer,United States,City_41,New York,West,PROD-71340,Furniture,Paper,Paper Product PROD-71340,441.46,1,0.00,291.70,Low
ORD-11147,2022-03-22,2022-03-22,Standard Class,CUS-5758,Customer CUS-5758,Corporate,United States,City_63,Georgia,South,PROD-21951,Technology,Accessories,Accessories Product PROD-21951,3880.38,8,0.00,3505.76,Low
ORD-11148,2022-03-15,2022-03-15,First Class,CUS-2639,Customer CUS-2639,Corporate,United States,City_42,Texas,West,PROD-73360,Furniture,Bookcases,Bookcases Product PROD-73360,3211.35,9,0.00,2578.56,High
ORD-11149,2024-02-10,2024-02-10,Standard Class,CUS-5361,Customer CUS-5361,Consumer,United States,City_35,Texas,East,PROD-64310,Technology,Accessories,Accessories Product PROD-64310,1163.26,8,0.05,1074.93,Critical
ORD-11150,2024-07-10,2024-07-10,Same Day,CUS-1449,Customer CUS-1449,Corporate,United States,City_62,Virginia,West,PROD-15265,Furniture,Phones,Phones Product PROD-15265,357.97,1,0.00,319.23,Critical
ORD-11151,2024-01-05,2024-01-05,Standard Class,CUS-7808,Customer CUS-7808,Consumer,United States,City_36,Washington,Central,PROD-17901,Furniture,Chairs,Chairs Product PROD-17901,4566.82,10,0.05,2723.51,Critical
ORD-11152,2024-09-16,2024-09-16,Standard Class,CUS-6525,Customer CUS-6525,Corporate,United States,City_12,Pennsylvania,East,PROD-57474,Furniture,Paper,Paper Product PROD-57474,1263.62,5,0.00,956.87,High
ORD-11153,2024-09-01,2024-09-01,Standard Class,CUS-1931,Customer CUS-1931,Home Office,United States,City_66,New York,Central,PROD-49415,Technology,Bookcases,Bookcases Product PROD-49415,1427.95,3,0.00,801.17,Low
ORD-11154,2024-05-05,2024-05-05,Second Class,CUS-7159,Customer CUS-7159,Home Office,United States,City_28,New York,West,PROD-36073,Furniture,Phones,Phones Product PROD-36073,174.76,1,0.00,119.79,High
ORD-11155,2022-01-07,2022-01-07,Same Day,CUS-7138,Customer CUS-7138,Corporate,United States,City_39,Virginia,West,PROD-61151,Office Supplies,Chairs,Chairs Product PROD-61151,693.58,4,0.00,597.93,Critical
ORD-11156,2022-09-02,2022-09-02,Standard Class,CUS-4001,Customer CUS-4001,Consumer,United States,City_14,Illinois,West,PROD-29263,Office Supplies,Storage,Storage Product PROD-29263,1607.20,4,0.00,1304.28,High
ORD-11157,2024-02-27,2024-02-27,First Class,CUS-5778,Customer CUS-5778,Home Office,United States,City_1,Georgia,East,PROD-66768,Office Supplies,Paper,Paper Product PROD-66768,1539.60,10,0.15,1047.57,Medium
ORD-11158,2022-05-17,2022-05-17,First Class,CUS-8246,Customer CUS-8246,Corporate,United States,City_62,California,East,PROD-82281,Office Supplies,Binders,Binders Product PROD-82281,3247.11,7,0.05,2391.89,High
ORD-11159,2022-03-16,2022-03-16,Second Class,CUS-2631,Customer CUS-2631,Home Office,United States,City_23,California,East,PROD-24104,Furniture,Bookcases,Bookcases Product PROD-24104,1941.95,5,0.00,1112.90,Medium
ORD-11160,2024-06-03,2024-06-03,First Class,CUS-9047,Customer CUS-9047,Consumer,United States,City_35,Washington,East,PROD-15405,Technology,Tables,Tables Product PROD-15405,408.53,3,0.00,294.84,High
ORD-11161,2022-03-24,2022-03-24,Second Class,CUS-1108,Customer CUS-1108,Home Office,United States,City_98,Florida,Central,PROD-26417,Furniture,Phones,Phones Product PROD-26417,913.97,2,0.00,639.04,High
ORD-11162,2022-05-25,2022-05-25,Second Class,CUS-9371,Customer CUS-9371,Corporate,United States,City_97,Texas,South,PROD-16441,Furniture,Tables,Tables Product PROD-16441,1779.43,4,0.00,1507.73,Medium
ORD-11163,2023-07-08,2023-07-08,Standard Class,CUS-5007,Customer CUS-5007,Consumer,United States,City_24,Pennsylvania,East,PROD-46427,Office Supplies,Binders,Binders Product PROD-46427,1040.35,5,0.00,601.75,Critical
ORD-11164,2023-09-23,2023-09-23,First Class,CUS-8908,Customer CUS-8908,Corporate,United States,City_12,Texas,West,PROD-55523,Office Supplies,Tables,Tables Product PROD-55523,2229.16,9,0.10,1857.57,High
ORD-11165,2022-01-28,2022-01-28,Standard Class,CUS-4333,Customer CUS-4333,Home Office,United States,City_94,Georgia,West,PROD-58432,Office Supplies,Laptops,Laptops Product PROD-58432,244.51,1,0.20,215.02,Low
ORD-11166,2024-03-10,2024-03-10,First Class,CUS-8645,Customer CUS-8645,Consumer,United States,City_12,Ohio,Central,PROD-96995,Furniture,Copiers,Copiers Product PROD-96995,692.96,3,0.00,427.79,High
ORD-11167,2023-01-18,2023-01-18,Second Class,CUS-2333,Customer CUS-2333,Corporate,United States,City_56,Texas,South,PROD-57829,Technology,Accessories,Accessories Product PROD-57829,569.33,4,0.00,415.96,Critical
ORD-11168,2023-07-27,2023-07-27,Standard Class,CUS-9220,Customer CUS-9220,Corporate,United States,City_41,California,East,PROD-72453,Furniture,Binders,Binders Product PROD-72453,847.96,4,0.00,747.30,Critical
ORD-11169,2023-03-11,2023-03-11,Standard Class,CUS-9294,Customer CUS-9294,Home Office,United States,City_40,Texas,East,PROD-95850,Office Supplies,Paper,Paper Product PROD-95850,489.50,4,0.05,365.89,Medium
ORD-11170,2024-02-22,2024-02-22,Standard Class,CUS-5066,Customer CUS-5066,Consumer,United States,City_85,Ohio,Central,PROD-27116,Furniture,Chairs,Chairs Product PROD-27116,2642.33,7,0.10,1835.71,Low
ORD-11171,2024-02-13,2024-02-13,Standard Class,CUS-4577,Customer CUS-4577,Home Office,United States,City_93,Ohio,East,PROD-73675,Technology,Copiers,Copiers Product PROD-73675,675.37,4,0.00,440.61,Medium
ORD-11172,2023-06-10,2023-06-10,Standard Class,CUS-5679,Customer CUS-5679,Consumer,United States,City_49,California,South,PROD-39285,Furniture,Storage,Storage Product PROD-39285,323.25,1,0.00,193.37,High
ORD-11173,2024-11-19,2024-11-19,Same Day,CUS-4429,Customer CUS-4429,Home Office,United States,City_35,Ohio,East,PROD-55371,Technology,Tables,Tables Product PROD-55371,440.90,2,0.10,331.68,High
ORD-11174,2023-07-02,2023-07-02,Second Class,CUS-4332,Customer CUS-4332,Consumer,United States,City_29,Florida,South,PROD-67756,Furniture,Tables,Tables Product PROD-67756,972.58,4,0.00,875.78,Medium
ORD-11175,2023-08-23,2023-08-23,First Class,CUS-3716,Customer CUS-3716,Corporate,United States,City_21,Florida,South,PROD-17009,Office Supplies,Chairs,Chairs Product PROD-17009,1126.84,5,0.00,636.68,Critical
ORD-11176,2024-02-04,2024-02-04,Same Day,CUS-8009,Customer CUS-8009,Home Office,United States,City_44,California,West,PROD-66312,Technology,Binders,Binders Product PROD-66312,653.71,2,0.00,499.59,Medium
ORD-11177,2024-11-16,2024-11-16,Same Day,CUS-6553,Customer CUS-6553,Consumer,United States,City_18,New York,Central,PROD-68078,Technology,Chairs,Chairs Product PROD-68078,718.82,5,0.00,608.46,Low
ORD-11178,2023-07-19,2023-07-19,Same Day,CUS-3498,Customer CUS-3498,Corporate,United States,City_65,Florida,East,PROD-28753,Technology,Tables,Tables Product PROD-28753,460.08,1,0.00,314.49,High
ORD-11179,2024-07-25,2024-07-25,Standard Class,CUS-5803,Customer CUS-5803,Home Office,United States,City_60,New York,East,PROD-28641,Office Supplies,Chairs,Chairs Product PROD-28641,986.08,6,0.00,594.86,Low
ORD-11180,2023-09-25,2023-09-25,Same Day,CUS-1661,Customer CUS-1661,Home Office,United States,City_51,California,Central,PROD-65100,Furniture,Chairs,Chairs Product PROD-65100,1977.21,4,0.00,1187.78,Low
ORD-11181,2024-01-21,2024-01-21,Standard Class,CUS-9452,Customer CUS-9452,Corporate,United States,City_64,Washington,South,PROD-73218,Furniture,Laptops,Laptops Product PROD-73218,192.04,1,0.00,170.37,Medium
ORD-11182,2022-08-24,2022-08-24,Second Class,CUS-5080,Customer CUS-5080,Home Office,United States,City_80,Ohio,Central,PROD-20979,Office Supplies,Paper,Paper Product PROD-20979,4761.48,10,0.00,4189.22,Low
ORD-11183,2023-06-24,2023-06-24,Second Class,CUS-5826,Customer CUS-5826,Corporate,United States,City_48,Washington,East,PROD-53326,Furniture,Copiers,Copiers Product PROD-53326,235.30,6,0.00,201.89,Medium
ORD-11184,2023-06-08,2023-06-08,Standard Class,CUS-4401,Customer CUS-4401,Corporate,United States,City_94,Illinois,West,PROD-53162,Technology,Tables,Tables Product PROD-53162,3007.30,10,0.00,2808.80,Critical
ORD-11185,2024-08-12,2024-08-12,First Class,CUS-9148,Customer CUS-9148,Home Office,United States,City_3,Florida,South,PROD-32703,Technology,Copiers,Copiers Product PROD-32703,3465.37,10,0.00,2415.82,Critical
ORD-11186,2022-09-22,2022-09-22,Standard Class,CUS-3240,Customer CUS-3240,Corporate,United States,City_53,Texas,East,PROD-88456,Technology,Phones,Phones Product PROD-88456,3167.29,8,0.00,1979.31,Medium
ORD-11187,2023-01-14,2023-01-14,Same Day,CUS-7739,Customer CUS-7739,Consumer,United States,City_36,Pennsylvania,South,PROD-99880,Technology,Bookcases,Bookcases Product PROD-99880,382.15,1,0.00,267.72,Critical
ORD-11188,2023-11-10,2023-11-10,Standard Class,CUS-2876,Customer CUS-2876,Consumer,United States,City_12,Virginia,South,PROD-66266,Technology,Accessories,Accessories Product PROD-66266,93.06,1,0.05,84.65,Low
ORD-11189,2023-12-15,2023-12-15,Same Day,CUS-5769,Customer CUS-5769,Consumer,United States,City_40,Washington,South,PROD-80602,Office Supplies,Binders,Binders Product PROD-80602,2085.51,5,0.00,1360.65,Critical
ORD-11190,2022-04-01,2022-04-01,Standard Class,CUS-6658,Customer CUS-6658,Corporate,United States,City_30,Pennsylvania,Central,PROD-14400,Furniture,Binders,Binders Product PROD-14400,1683.20,6,0.00,1401.95,Medium
ORD-11191,2024-11-21,2024-11-21,Same Day,CUS-5736,Customer CUS-5736,Consumer,United States,City_62,Virginia,East,PROD-74880,Technology,Storage,Storage Product PROD-74880,185.91,1,0.20,123.12,High
ORD-11192,2023-09-23,2023-09-23,Second Class,CUS-8763,Customer CUS-8763,Home Office,United States,City_0,Florida,West,PROD-35794,Technology,Binders,Binders Product PROD-35794,14.76,1,0.00,10.79,Critical
ORD-11193,2022-09-15,2022-09-15,Same Day,CUS-3079,Customer CUS-3079,Consumer,United States,City_81,Texas,Central,PROD-82802,Furniture,Laptops,Laptops Product PROD-82802,464.95,5,0.15,387.09,Medium
ORD-11194,2024-07-14,2024-07-14,Same Day,CUS-7817,Customer CUS-7817,Consumer,United States,City_67,Georgia,West,PROD-24000,Technology,Accessories,Accessories Product PROD-24000,42.11,2,0.05,25.00,Critical
ORD-11195,2024-04-20,2024-04-20,Same Day,CUS-5463,Customer CUS-5463,Home Office,United States,City_98,Virginia,South,PROD-92814,Furniture,Chairs,Chairs Product PROD-92814,621.77,8,0.15,570.67,Low
ORD-11196,2023-03-23,2023-03-23,First Class,CUS-9524,Customer CUS-9524,Home Office,United States,City_79,California,South,PROD-57620,Technology,Binders,Binders Product PROD-57620,1201.18,5,0.00,1003.16,Medium
ORD-11197,2024-06-10,2024-06-10,Second Class,CUS-3237,Customer CUS-3237,Corporate,United States,City_87,Virginia,Central,PROD-79909,Office Supplies,Binders,Binders Product PROD-79909,325.71,5,0.00,303.83,High
ORD-11198,2023-10-14,2023-10-14,First Class,CUS-1190,Customer CUS-1190,Home Office,United States,City_37,Washington,West,PROD-80913,Technology,Bookcases,Bookcases Product PROD-80913,1959.70,7,0.20,1496.73,Low
ORD-11199,2022-12-01,2022-12-01,First Class,CUS-8052,Customer CUS-8052,Consumer,United States,City_39,Texas,East,PROD-94403,Technology,Paper,Paper Product PROD-94403,2408.37,5,0.00,1354.56,High
ORD-11200,2023-11-28,2023-11-28,Standard Class,CUS-7903,Customer CUS-7903,Consumer,United States,City_77,Florida,South,PROD-76471,Technology,Storage,Storage Product PROD-76471,3999.74,10,0.20,2402.88,High
ORD-11201,2024-03-01,2024-03-01,Second Class,CUS-9713,Customer CUS-9713,Consumer,United States,City_24,Illinois,East,PROD-65756,Furniture,Binders,Binders Product PROD-65756,135.67,1,0.05,124.37,Medium
ORD-11202,2023-01-06,2023-01-06,Same Day,CUS-9402,Customer CUS-9402,Home Office,United States,City_84,Georgia,South,PROD-83245,Technology,Tables,Tables Product PROD-83245,620.52,6,0.00,476.86,High
ORD-11203,2023-09-23,2023-09-23,Same Day,CUS-4944,Customer CUS-4944,Corporate,United States,City_55,Florida,Central,PROD-33192,Furniture,Laptops,Laptops Product PROD-33192,1684.59,8,0.00,1378.73,Medium
ORD-11204,2022-08-04,2022-08-04,First Class,CUS-9552,Customer CUS-9552,Consumer,United States,City_13,Washington,West,PROD-76711,Technology,Paper,Paper Product PROD-76711,1465.16,4,0.05,978.92,High
ORD-11205,2022-09-05,2022-09-05,Second Class,CUS-4617,Customer CUS-4617,Home Office,United States,City_49,California,West,PROD-81113,Office Supplies,Bookcases,Bookcases Product PROD-81113,189.89,1,0.10,115.06,Critical
ORD-11206,2024-04-03,2024-04-03,First Class,CUS-8578,Customer CUS-8578,Corporate,United States,City_48,California,East,PROD-28377,Furniture,Binders,Binders Product PROD-28377,299.44,4,0.10,279.63,High
ORD-11207,2022-12-01,2022-12-01,Second Class,CUS-8429,Customer CUS-8429,Consumer,United States,City_98,Georgia,Central,PROD-82323,Office Supplies,Tables,Tables Product PROD-82323,789.11,6,0.00,702.72,Critical
ORD-11208,2023-03-10,2023-03-10,Second Class,CUS-5885,Customer CUS-5885,Consumer,United States,City_2,Georgia,West,PROD-89366,Office Supplies,Paper,Paper Product PROD-89366,710.82,2,0.10,541.01,Low
ORD-11209,2024-09-03,2024-09-03,Second Class,CUS-9034,Customer CUS-9034,Corporate,United States,City_90,Florida,South,PROD-63052,Technology,Bookcases,Bookcases Product PROD-63052,413.37,2,0.20,358.55,Critical
ORD-11210,2023-12-24,2023-12-24,Standard Class,CUS-7643,Customer CUS-7643,Consumer,United States,City_6,Georgia,East,PROD-95151,Furniture,Laptops,Laptops Product PROD-95151,470.34,7,0.00,296.01,Medium
ORD-11211,2022-09-11,2022-09-11,First Class,CUS-9606,Customer CUS-9606,Home Office,United States,City_17,New York,West,PROD-24122,Office Supplies,Accessories,Accessories Product PROD-24122,2782.31,7,0.00,1649.02,Low
ORD-11212,2024-05-03,2024-05-03,Second Class,CUS-1336,Customer CUS-1336,Consumer,United States,City_63,Pennsylvania,West,PROD-90630,Office Supplies,Binders,Binders Product PROD-90630,312.32,1,0.00,254.70,Low
ORD-11213,2022-08-10,2022-08-10,Standard Class,CUS-5355,Customer CUS-5355,Home Office,United States,City_29,California,South,PROD-47680,Technology,Binders,Binders Product PROD-47680,900.50,3,0.10,501.82,Low
ORD-11214,2024-02-22,2024-02-22,Second Class,CUS-6921,Customer CUS-6921,Corporate,United States,City_15,Ohio,East,PROD-31989,Furniture,Accessories,Accessories Product PROD-31989,1442.44,3,0.00,1028.25,Critical
ORD-11215,2022-05-08,2022-05-08,Standard Class,CUS-7330,Customer CUS-7330,Corporate,United States,City_94,Virginia,East,PROD-84118,Technology,Copiers,Copiers Product PROD-84118,682.15,8,0.00,469.86,High
ORD-11216,2024-11-21,2024-11-21,Same Day,CUS-9887,Customer CUS-9887,Home Office,United States,City_20,Texas,South,PROD-81452,Office Supplies,Binders,Binders Product PROD-81452,355.57,9,0.00,210.42,Low
ORD-11217,2024-08-05,2024-08-05,Same Day,CUS-9882,Customer CUS-9882,Home Office,United States,City_9,Ohio,South,PROD-23883,Technology,Chairs,Chairs Product PROD-23883,4106.04,9,0.00,2757.94,Critical
ORD-11218,2022-02-02,2022-02-02,Same Day,CUS-8697,Customer CUS-8697,Consumer,United States,City_61,Ohio,East,PROD-68577,Office Supplies,Chairs,Chairs Product PROD-68577,893.54,4,0.00,531.43,Low
ORD-11219,2023-11-10,2023-11-10,First Class,CUS-5283,Customer CUS-5283,Corporate,United States,City_19,Illinois,West,PROD-47677,Furniture,Laptops,Laptops Product PROD-47677,2667.17,7,0.00,1587.29,High
ORD-11220,2022-04-07,2022-04-07,First Class,CUS-9020,Customer CUS-9020,Corporate,United States,City_99,Texas,East,PROD-66027,Furniture,Copiers,Copiers Product PROD-66027,354.39,3,0.00,277.41,Critical
ORD-11221,2022-01-05,2022-01-05,Second Class,CUS-6114,Customer CUS-6114,Consumer,United States,City_52,California,South,PROD-79554,Technology,Tables,Tables Product PROD-79554,2554.25,9,0.05,2123.92,Low
ORD-11222,2023-05-04,2023-05-04,Second Class,CUS-7661,Customer CUS-7661,Consumer,United States,City_77,Virginia,Central,PROD-47754,Furniture,Chairs,Chairs Product PROD-47754,1700.10,6,0.00,944.79,Critical
ORD-11223,2022-02-12,2022-02-12,Standard Class,CUS-2742,Customer CUS-2742,Home Office,United States,City_54,New York,West,PROD-36822,Office Supplies,Chairs,Chairs Product PROD-36822,698.71,10,0.00,626.90,High
ORD-11224,2022-03-10,2022-03-10,First Class,CUS-7963,Customer CUS-7963,Home Office,United States,City_22,Illinois,West,PROD-88906,Technology,Accessories,Accessories Product PROD-88906,226.86,1,0.05,170.27,High
ORD-11225,2024-03-02,2024-03-02,First Class,CUS-4117,Customer CUS-4117,Home Office,United States,City_96,Texas,South,PROD-56015,Technology,Chairs,Chairs Product PROD-56015,1416.13,9,0.10,818.73,Low
ORD-11226,2023-11-09,2023-11-09,Second Class,CUS-2639,Customer CUS-2639,Consumer,United States,City_57,Texas,Central,PROD-35632,Office Supplies,Accessories,Accessories Product PROD-35632,993.37,2,0.00,610.02,High
ORD-11227,2023-11-14,2023-11-14,Same Day,CUS-9936,Customer CUS-9936,Consumer,United States,City_24,Ohio,West,PROD-15570,Office Supplies,Chairs,Chairs Product PROD-15570,2546.90,7,0.05,1963.86,Low
ORD-11228,2024-10-18,2024-10-18,Second Class,CUS-9219,Customer CUS-9219,Consumer,United States,City_69,California,South,PROD-95880,Technology,Tables,Tables Product PROD-95880,531.75,6,0.00,388.02,Critical
ORD-11229,2024-06-06,2024-06-06,Same Day,CUS-3397,Customer CUS-3397,Corporate,United States,City_35,Virginia,West,PROD-21855,Furniture,Chairs,Chairs Product PROD-21855,130.62,1,0.00,88.38,High
ORD-11230,2022-04-13,2022-04-13,Second Class,CUS-4554,Customer CUS-4554,Corporate,United States,City_83,Virginia,Central,PROD-85599,Furniture,Chairs,Chairs Product PROD-85599,3851.25,9,0.05,3077.37,Critical
ORD-11231,2024-04-05,2024-04-05,First Class,CUS-3526,Customer CUS-3526,Corporate,United States,City_16,Illinois,Central,PROD-33652,Office Supplies,Copiers,Copiers Product PROD-33652,22.73,3,0.05,16.02,Medium
ORD-11232,2022-10-05,2022-10-05,Second Class,CUS-1044,Customer CUS-1044,Corporate,United States,City_79,Georgia,West,PROD-55039,Furniture,Accessories,Accessories Product PROD-55039,1851.94,5,0.00,1281.21,Medium
ORD-11233,2023-09-17,2023-09-17,Second Class,CUS-8738,Customer CUS-8738,Home Office,United States,City_66,California,Central,PROD-51335,Furniture,Phones,Phones Product PROD-51335,1002.84,7,0.00,866.38,High
ORD-11234,2022-04-11,2022-04-11,Same Day,CUS-8898,Customer CUS-8898,Corporate,United States,City_99,Illinois,West,PROD-43816,Office Supplies,Bookcases,Bookcases Product PROD-43816,208.03,1,0.00,119.79,High
ORD-11235,2022-10-12,2022-10-12,Second Class,CUS-8681,Customer CUS-8681,Home Office,United States,City_54,Florida,East,PROD-77548,Technology,Bookcases,Bookcases Product PROD-77548,3066.62,10,0.00,1709.09,Medium
ORD-11236,2024-07-11,2024-07-11,Same Day,CUS-7718,Customer CUS-7718,Home Office,United States,City_47,Ohio,West,PROD-77837,Office Supplies,Phones,Phones Product PROD-77837,2828.13,9,0.00,1750.99,Low
ORD-11237,2023-12-19,2023-12-19,Standard Class,CUS-4712,Customer CUS-4712,Consumer,United States,City_70,Illinois,Central,PROD-76228,Furniture,Laptops,Laptops Product PROD-76228,3253.16,7,0.00,2965.58,High
ORD-11238,2022-11-06,2022-11-06,Standard Class,CUS-9455,Customer CUS-9455,Home Office,United States,City_32,Georgia,West,PROD-83649,Technology,Bookcases,Bookcases Product PROD-83649,978.89,2,0.00,540.46,Low
ORD-11239,2024-02-21,2024-02-21,Same Day,CUS-5178,Customer CUS-5178,Corporate,United States,City_98,California,West,PROD-51744,Technology,Phones,Phones Product PROD-51744,3076.63,7,0.00,2558.70,Low
ORD-11240,2022-07-13,2022-07-13,Standard Class,CUS-3308,Customer CUS-3308,Consumer,United States,City_65,Florida,East,PROD-92563,Furniture,Phones,Phones Product PROD-92563,1599.29,6,0.05,1297.13,Medium
ORD-11241,2022-02-12,2022-02-12,Second Class,CUS-8846,Customer CUS-8846,Corporate,United States,City_58,Washington,West,PROD-87636,Technology,Copiers,Copiers Product PROD-87636,374.94,1,0.10,227.18,Critical
ORD-11242,2022-03-15,2022-03-15,Standard Class,CUS-5016,Customer CUS-5016,Home Office,United States,City_31,New York,West,PROD-20338,Office Supplies,Paper,Paper Product PROD-20338,1604.25,4,0.00,1363.23,Medium
ORD-11243,2022-02-25,2022-02-25,Second Class,CUS-7569,Customer CUS-7569,Consumer,United States,City_77,Georgia,South,PROD-63180,Office Supplies,Binders,Binders Product PROD-63180,581.73,7,0.00,354.76,Medium
ORD-11244,2024-01-21,2024-01-21,First Class,CUS-8542,Customer CUS-8542,Corporate,United States,City_42,Texas,East,PROD-75783,Office Supplies,Tables,Tables Product PROD-75783,550.46,10,0.00,445.09,High
ORD-11245,2022-08-08,2022-08-08,Second Class,CUS-8843,Customer CUS-8843,Home Office,United States,City_21,Washington,East,PROD-51421,Office Supplies,Chairs,Chairs Product PROD-51421,746.72,2,0.00,676.34,Medium
ORD-11246,2022-04-20,2022-04-20,First Class,CUS-4903,Customer CUS-4903,Consumer,United States,City_6,Illinois,West,PROD-50806,Office Supplies,Binders,Binders Product PROD-50806,1935.76,6,0.00,1448.62,Low
ORD-11247,2024-05-10,2024-05-10,Second Class,CUS-8292,Customer CUS-8292,Consumer,United States,City_86,Virginia,South,PROD-12581,Office Supplies,Laptops,Laptops Product PROD-12581,81.86,1,0.10,53.40,High
ORD-11248,2022-06-23,2022-06-23,First Class,CUS-3227,Customer CUS-3227,Corporate,United States,City_51,Georgia,West,PROD-62854,Technology,Chairs,Chairs Product PROD-62854,1970.62,6,0.05,1086.12,Low
ORD-11249,2023-02-28,2023-02-28,Standard Class,CUS-9941,Customer CUS-9941,Corporate,United States,City_23,New York,Central,PROD-20205,Technology,Accessories,Accessories Product PROD-20205,1820.24,5,0.00,1057.84,Medium
ORD-11250,2023-09-28,2023-09-28,Same Day,CUS-6015,Customer CUS-6015,Corporate,United States,City_41,New York,East,PROD-26412,Technology,Accessories,Accessories Product PROD-26412,1022.22,8,0.00,685.64,Medium
ORD-11251,2022-09-16,2022-09-16,Second Class,CUS-6899,Customer CUS-6899,Corporate,United States,City_55,New York,West,PROD-68226,Technology,Binders,Binders Product PROD-68226,4384.81,10,0.00,2645.69,Critical
ORD-11252,2022-08-09,2022-08-09,First Class,CUS-5233,Customer CUS-5233,Corporate,United States,City_0,Texas,Central,PROD-29885,Furniture,Storage,Storage Product PROD-29885,592.06,5,0.00,485.59,Medium
ORD-11253,2022-03-02,2022-03-02,Second Class,CUS-7302,Customer CUS-7302,Corporate,United States,City_15,Pennsylvania,West,PROD-84671,Office Supplies,Laptops,Laptops Product PROD-84671,208.95,1,0.00,146.54,Low
ORD-11254,2024-10-05,2024-10-05,Second Class,CUS-4427,Customer CUS-4427,Home Office,United States,City_40,Georgia,South,PROD-91434,Furniture,Copiers,Copiers Product PROD-91434,347.18,1,0.00,233.21,Low
ORD-11255,2022-09-09,2022-09-09,Same Day,CUS-2158,Customer CUS-2158,Corporate,United States,City_12,California,East,PROD-60597,Furniture,Accessories,Accessories Product PROD-60597,898.02,5,0.00,711.38,Critical
ORD-11256,2024-04-06,2024-04-06,Standard Class,CUS-1881,Customer CUS-1881,Consumer,United States,City_56,California,South,PROD-11076,Furniture,Paper,Paper Product PROD-11076,177.98,2,0.00,168.19,Low
ORD-11257,2022-08-08,2022-08-08,First Class,CUS-8526,Customer CUS-8526,Consumer,United States,City_90,Illinois,West,PROD-35397,Office Supplies,Accessories,Accessories Product PROD-35397,96.57,1,0.00,76.68,Medium
ORD-11258,2023-09-26,2023-09-26,Second Class,CUS-9423,Customer CUS-9423,Consumer,United States,City_32,New York,West,PROD-56477,Technology,Chairs,Chairs Product PROD-56477,3068.19,9,0.05,2121.96,Medium
ORD-11259,2023-06-09,2023-06-09,Same Day,CUS-6344,Customer CUS-6344,Home Office,United States,City_9,Pennsylvania,South,PROD-56406,Technology,Copiers,Copiers Product PROD-56406,457.86,1,0.00,382.34,Medium
ORD-11260,2022-11-19,2022-11-19,Standard Class,CUS-2596,Customer CUS-2596,Corporate,United States,City_63,New York,East,PROD-43729,Furniture,Chairs,Chairs Product PROD-43729,3843.89,10,0.05,3386.14,High
ORD-11261,2023-08-22,2023-08-22,First Class,CUS-3599,Customer CUS-3599,Consumer,United States,City_92,Illinois,East,PROD-26041,Technology,Tables,Tables Product PROD-26041,1788.19,4,0.00,1452.98,Low
ORD-11262,2023-01-20,2023-01-20,Standard Class,CUS-1710,Customer CUS-1710,Home Office,United States,City_59,New York,Central,PROD-45588,Office Supplies,Accessories,Accessories Product PROD-45588,1905.56,8,0.00,1669.72,Low
ORD-11263,2022-02-28,2022-02-28,Second Class,CUS-2455,Customer CUS-2455,Corporate,United States,City_79,Washington,Central,PROD-98039,Technology,Bookcases,Bookcases Product PROD-98039,441.16,4,0.00,369.84,Medium
ORD-11264,2023-06-26,2023-06-26,Standard Class,CUS-3799,Customer CUS-3799,Consumer,United States,City_26,California,South,PROD-35046,Office Supplies,Paper,Paper Product PROD-35046,30.52,6,0.05,19.19,Medium
ORD-11265,2024-11-02,2024-11-02,Second Class,CUS-1371,Customer CUS-1371,Home Office,United States,City_1,Illinois,South,PROD-40109,Technology,Accessories,Accessories Product PROD-40109,2319.74,8,0.00,1422.86,High
ORD-11266,2023-06-25,2023-06-25,Standard Class,CUS-2393,Customer CUS-2393,Corporate,United States,City_0,Ohio,West,PROD-82014,Office Supplies,Binders,Binders Product PROD-82014,2976.72,8,0.05,1933.28,Low
ORD-11267,2024-12-06,2024-12-06,Same Day,CUS-5782,Customer CUS-5782,Consumer,United States,City_2,Texas,South,PROD-24082,Furniture,Chairs,Chairs Product PROD-24082,2588.82,6,0.00,1560.95,Low
ORD-11268,2023-08-02,2023-08-02,Standard Class,CUS-8704,Customer CUS-8704,Consumer,United States,City_76,Pennsylvania,South,PROD-59744,Office Supplies,Laptops,Laptops Product PROD-59744,1584.85,4,0.00,1247.09,High
ORD-11269,2024-11-18,2024-11-18,Same Day,CUS-8153,Customer CUS-8153,Corporate,United States,City_29,Illinois,West,PROD-69916,Furniture,Chairs,Chairs Product PROD-69916,116.68,2,0.00,85.39,Low
ORD-11270,2023-08-26,2023-08-26,First Class,CUS-5198,Customer CUS-5198,Home Office,United States,City_76,Georgia,Central,PROD-20278,Furniture,Accessories,Accessories Product PROD-20278,1497.91,10,0.15,906.81,Low
ORD-11271,2024-09-13,2024-09-13,Standard Class,CUS-1887,Customer CUS-1887,Corporate,United States,City_61,Texas,Central,PROD-23546,Office Supplies,Paper,Paper Product PROD-23546,1131.60,6,0.05,871.32,Low
ORD-11272,2022-06-22,2022-06-22,Standard Class,CUS-8960,Customer CUS-8960,Corporate,United States,City_34,Georgia,South,PROD-33152,Technology,Phones,Phones Product PROD-33152,3626.43,10,0.00,2068.41,Critical
ORD-11273,2023-08-14,2023-08-14,Second Class,CUS-6585,Customer CUS-6585,Corporate,United States,City_25,California,South,PROD-13307,Office Supplies,Storage,Storage Product PROD-13307,202.93,3,0.05,142.76,Low
ORD-11274,2023-12-16,2023-12-16,Same Day,CUS-8392,Customer CUS-8392,Corporate,United States,City_82,Ohio,West,PROD-35802,Office Supplies,Laptops,Laptops Product PROD-35802,2253.16,9,0.00,1862.31,Critical
ORD-11275,2022-04-04,2022-04-04,Second Class,CUS-2535,Customer CUS-2535,Consumer,United States,City_26,Florida,East,PROD-12583,Office Supplies,Chairs,Chairs Product PROD-12583,2675.54,7,0.00,1686.74,High
ORD-11276,2024-09-12,2024-09-12,Standard Class,CUS-7148,Customer CUS-7148,Corporate,United States,City_13,Washington,South,PROD-75012,Technology,Paper,Paper Product PROD-75012,2165.41,10,0.15,1459.87,Critical
ORD-11277,2022-05-02,2022-05-02,First Class,CUS-1668,Customer CUS-1668,Corporate,United States,City_6,Ohio,East,PROD-15612,Office Supplies,Binders,Binders Product PROD-15612,3140.48,9,0.00,2341.91,High
ORD-11278,2024-12-24,2024-12-24,Same Day,CUS-6016,Customer CUS-6016,Corporate,United States,City_66,Florida,East,PROD-65211,Office Supplies,Paper,Paper Product PROD-65211,756.90,8,0.10,507.93,Critical
ORD-11279,2024-09-25,2024-09-25,Same Day,CUS-9536,Customer CUS-9536,Home Office,United States,City_63,Georgia,West,PROD-79687,Technology,Phones,Phones Product PROD-79687,651.98,6,0.15,605.05,Low
ORD-11280,2023-07-22,2023-07-22,First Class,CUS-4474,Customer CUS-4474,Home Office,United States,City_42,California,South,PROD-39155,Furniture,Binders,Binders Product PROD-39155,215.02,3,0.00,119.26,Low
ORD-11281,2023-09-19,2023-09-19,Standard Class,CUS-4925,Customer CUS-4925,Home Office,United States,City_11,New York,East,PROD-11619,Office Supplies,Laptops,Laptops Product PROD-11619,1110.38,5,0.10,802.52,Low
ORD-11282,2022-03-14,2022-03-14,Standard Class,CUS-8397,Customer CUS-8397,Home Office,United States,City_92,California,South,PROD-63695,Technology,Storage,Storage Product PROD-63695,1214.56,3,0.00,991.30,Critical
ORD-11283,2022-06-28,2022-06-28,Second Class,CUS-9873,Customer CUS-9873,Consumer,United States,City_58,Florida,Central,PROD-54056,Office Supplies,Bookcases,Bookcases Product PROD-54056,372.03,8,0.00,230.91,Low
ORD-11284,2024-12-05,2024-12-05,Same Day,CUS-7774,Customer CUS-7774,Consumer,United States,City_93,Virginia,East,PROD-61769,Furniture,Paper,Paper Product PROD-61769,256.50,7,0.10,219.72,High
ORD-11285,2024-11-04,2024-11-04,Second Class,CUS-6525,Customer CUS-6525,Consumer,United States,City_8,Illinois,West,PROD-30481,Furniture,Chairs,Chairs Product PROD-30481,566.78,2,0.00,374.44,High
ORD-11286,2023-06-13,2023-06-13,First Class,CUS-1185,Customer CUS-1185,Consumer,United States,City_37,Pennsylvania,East,PROD-28789,Furniture,Bookcases,Bookcases Product PROD-28789,145.04,1,0.05,98.38,High
ORD-11287,2023-07-23,2023-07-23,Same Day,CUS-1391,Customer CUS-1391,Consumer,United States,City_27,Texas,South,PROD-93335,Furniture,Copiers,Copiers Product PROD-93335,1799.92,4,0.10,1497.69,High
ORD-11288,2024-09-25,2024-09-25,Same Day,CUS-1730,Customer CUS-1730,Home Office,United States,City_40,California,West,PROD-22290,Furniture,Storage,Storage Product PROD-22290,2116.70,5,0.10,1356.22,High
ORD-11289,2024-07-28,2024-07-28,Second Class,CUS-9220,Customer CUS-9220,Corporate,United States,City_78,Texas,Central,PROD-64791,Office Supplies,Laptops,Laptops Product PROD-64791,1329.33,5,0.20,1251.52,Medium
ORD-11290,2022-12-24,2022-12-24,Standard Class,CUS-9871,Customer CUS-9871,Corporate,United States,City_20,Florida,Central,PROD-11177,Office Supplies,Accessories,Accessories Product PROD-11177,1079.17,9,0.00,1008.93,High
ORD-11291,2022-07-12,2022-07-12,Standard Class,CUS-1212,Customer CUS-1212,Corporate,United States,City_28,Florida,East,PROD-34424,Furniture,Chairs,Chairs Product PROD-34424,814.35,4,0.00,614.55,High
ORD-11292,2022-02-23,2022-02-23,First Class,CUS-8385,Customer CUS-8385,Corporate,United States,City_94,Pennsylvania,Central,PROD-27476,Furniture,Copiers,Copiers Product PROD-27476,437.04,4,0.05,375.70,Medium
ORD-11293,2024-02-20,2024-02-20,Standard Class,CUS-9659,Customer CUS-9659,Home Office,United States,City_63,Texas,East,PROD-96374,Office Supplies,Binders,Binders Product PROD-96374,1398.00,3,0.00,797.10,High
ORD-11294,2023-07-16,2023-07-16,Standard Class,CUS-7659,Customer CUS-7659,Home Office,United States,City_59,California,South,PROD-41741,Office Supplies,Copiers,Copiers Product PROD-41741,22.95,2,0.00,16.31,Low
ORD-11295,2024-02-23,2024-02-23,Standard Class,CUS-7946,Customer CUS-7946,Consumer,United States,City_97,New York,East,PROD-56524,Technology,Bookcases,Bookcases Product PROD-56524,2819.24,9,0.00,2591.48,Critical
ORD-11296,2024-08-13,2024-08-13,First Class,CUS-8311,Customer CUS-8311,Home Office,United States,City_86,Virginia,South,PROD-89180,Furniture,Phones,Phones Product PROD-89180,1949.05,9,0.10,1171.92,High
ORD-11297,2023-03-20,2023-03-20,Standard Class,CUS-2985,Customer CUS-2985,Home Office,United States,City_83,New York,West,PROD-10306,Technology,Accessories,Accessories Product PROD-10306,3062.44,10,0.05,2801.30,Low
ORD-11298,2023-10-02,2023-10-02,First Class,CUS-9373,Customer CUS-9373,Home Office,United States,City_75,Ohio,West,PROD-67184,Office Supplies,Phones,Phones Product PROD-67184,188.50,3,0.05,177.69,Medium
ORD-11299,2024-10-06,2024-10-06,Standard Class,CUS-2697,Customer CUS-2697,Consumer,United States,City_44,New York,Central,PROD-26424,Technology,Storage,Storage Product PROD-26424,2564.75,8,0.20,1642.69,Medium
ORD-11300,2024-01-07,2024-01-07,Second Class,CUS-8871,Customer CUS-8871,Corporate,United States,City_44,California,Central,PROD-27966,Technology,Phones,Phones Product PROD-27966,911.15,2,0.00,589.30,Low
ORD-11301,2023-04-15,2023-04-15,Standard Class,CUS-7420,Customer CUS-7420,Corporate,United States,City_97,Florida,West,PROD-94405,Office Supplies,Paper,Paper Product PROD-94405,3356.79,9,0.00,2535.61,Low
ORD-11302,2024-02-17,2024-02-17,Same Day,CUS-8097,Customer CUS-8097,Consumer,United States,City_89,Virginia,East,PROD-22557,Technology,Accessories,Accessories Product PROD-22557,1533.51,6,0.05,911.15,High
ORD-11303,2023-08-16,2023-08-16,Same Day,CUS-5537,Customer CUS-5537,Corporate,United States,City_81,Illinois,West,PROD-89234,Office Supplies,Chairs,Chairs Product PROD-89234,4315.46,9,0.00,3963.45,Critical
ORD-11304,2024-03-19,2024-03-19,Second Class,CUS-8337,Customer CUS-8337,Consumer,United States,City_56,Illinois,Central,PROD-40024,Furniture,Laptops,Laptops Product PROD-40024,693.95,9,0.05,588.15,Low
ORD-11305,2022-05-27,2022-05-27,First Class,CUS-8573,Customer CUS-8573,Corporate,United States,City_15,Pennsylvania,West,PROD-30613,Furniture,Laptops,Laptops Product PROD-30613,338.24,1,0.10,308.76,Low
ORD-11306,2023-12-18,2023-12-18,Second Class,CUS-9727,Customer CUS-9727,Corporate,United States,City_63,Ohio,Central,PROD-41629,Furniture,Paper,Paper Product PROD-41629,2484.19,6,0.05,1493.57,High
ORD-11307,2023-07-20,2023-07-20,Same Day,CUS-9433,Customer CUS-9433,Home Office,United States,City_5,New York,Central,PROD-89038,Office Supplies,Binders,Binders Product PROD-89038,2589.25,6,0.00,1998.40,Medium
ORD-11308,2022-02-28,2022-02-28,Same Day,CUS-4017,Customer CUS-4017,Corporate,United States,City_61,Virginia,West,PROD-47452,Technology,Phones,Phones Product PROD-47452,272.71,1,0.05,188.63,Medium
ORD-11309,2024-03-15,2024-03-15,Same Day,CUS-4602,Customer CUS-4602,Corporate,United States,City_56,Virginia,Central,PROD-91790,Furniture,Paper,Paper Product PROD-91790,770.96,3,0.10,520.98,Medium
ORD-11310,2022-12-28,2022-12-28,Second Class,CUS-4462,Customer CUS-4462,Consumer,United States,City_48,Florida,Central,PROD-31609,Office Supplies,Laptops,Laptops Product PROD-31609,195.02,10,0.00,157.80,Critical
ORD-11311,2022-04-14,2022-04-14,Same Day,CUS-4359,Customer CUS-4359,Corporate,United States,City_66,Washington,East,PROD-55353,Office Supplies,Copiers,Copiers Product PROD-55353,2971.32,7,0.00,2542.40,Medium
ORD-11312,2024-11-22,2024-11-22,First Class,CUS-1111,Customer CUS-1111,Home Office,United States,City_72,Virginia,East,PROD-46844,Furniture,Storage,Storage Product PROD-46844,2221.29,5,0.00,1658.64,High
ORD-11313,2024-12-10,2024-12-10,Standard Class,CUS-8728,Customer CUS-8728,Consumer,United States,City_40,Washington,East,PROD-78885,Technology,Copiers,Copiers Product PROD-78885,581.93,6,0.00,482.32,Critical
ORD-11314,2022-09-14,2022-09-14,First Class,CUS-9047,Customer CUS-9047,Home Office,United States,City_58,Illinois,Central,PROD-96175,Office Supplies,Accessories,Accessories Product PROD-96175,2960.98,7,0.00,1666.92,Critical
ORD-11315,2023-04-08,2023-04-08,Second Class,CUS-1226,Customer CUS-1226,Consumer,United States,City_73,Washington,Central,PROD-88834,Technology,Accessories,Accessories Product PROD-88834,432.76,1,0.05,261.46,High
ORD-11316,2023-10-06,2023-10-06,Second Class,CUS-2276,Customer CUS-2276,Home Office,United States,City_68,Georgia,South,PROD-38056,Office Supplies,Bookcases,Bookcases Product PROD-38056,552.22,8,0.10,485.98,High
ORD-11317,2024-02-07,2024-02-07,First Class,CUS-1981,Customer CUS-1981,Home Office,United States,City_94,California,Central,PROD-72957,Technology,Laptops,Laptops Product PROD-72957,232.26,4,0.00,163.60,High
ORD-11318,2023-04-06,2023-04-06,Standard Class,CUS-5613,Customer CUS-5613,Consumer,United States,City_66,Illinois,West,PROD-58388,Technology,Paper,Paper Product PROD-58388,746.46,5,0.00,669.76,Critical
ORD-11319,2022-07-26,2022-07-26,Standard Class,CUS-6442,Customer CUS-6442,Corporate,United States,City_28,Virginia,Central,PROD-67847,Furniture,Accessories,Accessories Product PROD-67847,642.51,2,0.00,477.22,High
ORD-11320,2024-09-11,2024-09-11,Standard Class,CUS-9067,Customer CUS-9067,Corporate,United States,City_91,Illinois,Central,PROD-10820,Technology,Bookcases,Bookcases Product PROD-10820,1105.71,3,0.00,855.01,Critical
ORD-11321,2022-03-04,2022-03-04,Same Day,CUS-7981,Customer CUS-7981,Corporate,United States,City_16,Virginia,East,PROD-65020,Furniture,Paper,Paper Product PROD-65020,311.63,6,0.00,276.94,Low
ORD-11322,2022-04-02,2022-04-02,Same Day,CUS-1656,Customer CUS-1656,Corporate,United States,City_62,Texas,West,PROD-27115,Office Supplies,Laptops,Laptops Product PROD-27115,70.73,4,0.00,52.83,Critical
ORD-11323,2022-12-03,2022-12-03,Standard Class,CUS-7410,Customer CUS-7410,Corporate,United States,City_87,Texas,West,PROD-13014,Technology,Bookcases,Bookcases Product PROD-13014,187.56,1,0.05,139.04,Medium
ORD-11324,2024-01-28,2024-01-28,Second Class,CUS-2421,Customer CUS-2421,Home Office,United States,City_55,Washington,South,PROD-87146,Technology,Paper,Paper Product PROD-87146,3907.68,10,0.20,3602.15,Low
ORD-11325,2024-04-26,2024-04-26,Same Day,CUS-9590,Customer CUS-9590,Consumer,United States,City_45,New York,West,PROD-23709,Furniture,Paper,Paper Product PROD-23709,2666.33,10,0.10,2519.03,Critical
ORD-11326,2024-11-15,2024-11-15,Same Day,CUS-4489,Customer CUS-4489,Corporate,United States,City_68,Illinois,West,PROD-69043,Technology,Tables,Tables Product PROD-69043,1159.69,4,0.00,778.82,Medium
ORD-11327,2023-05-24,2023-05-24,Same Day,CUS-9921,Customer CUS-9921,Home Office,United States,City_72,Virginia,Central,PROD-57448,Office Supplies,Tables,Tables Product PROD-57448,1993.66,5,0.00,1869.09,High
ORD-11328,2023-06-09,2023-06-09,Same Day,CUS-9620,Customer CUS-9620,Consumer,United States,City_45,Texas,Central,PROD-90929,Furniture,Storage,Storage Product PROD-90929,16.15,3,0.10,13.64,Critical
ORD-11329,2024-09-18,2024-09-18,Second Class,CUS-2307,Customer CUS-2307,Corporate,United States,City_78,Pennsylvania,West,PROD-85489,Furniture,Phones,Phones Product PROD-85489,112.74,3,0.00,64.39,Low
ORD-11330,2022-01-13,2022-01-13,First Class,CUS-4238,Customer CUS-4238,Consumer,United States,City_65,Pennsylvania,East,PROD-52798,Furniture,Phones,Phones Product PROD-52798,143.80,3,0.05,80.39,Medium
ORD-11331,2024-08-04,2024-08-04,Standard Class,CUS-9678,Customer CUS-9678,Consumer,United States,City_14,Texas,East,PROD-54188,Technology,Laptops,Laptops Product PROD-54188,1523.21,8,0.00,1081.99,Low
ORD-11332,2024-08-20,2024-08-20,Same Day,CUS-2540,Customer CUS-2540,Consumer,United States,City_90,Florida,East,PROD-65443,Furniture,Chairs,Chairs Product PROD-65443,380.82,5,0.00,356.82,Low
ORD-11333,2023-01-11,2023-01-11,Standard Class,CUS-8826,Customer CUS-8826,Consumer,United States,City_38,Pennsylvania,West,PROD-10359,Technology,Tables,Tables Product PROD-10359,3371.84,10,0.00,2695.91,Medium
ORD-11334,2023-08-11,2023-08-11,Same Day,CUS-9950,Customer CUS-9950,Corporate,United States,City_23,Florida,West,PROD-84701,Furniture,Binders,Binders Product PROD-84701,1006.27,4,0.00,629.67,High
ORD-11335,2024-04-03,2024-04-03,Same Day,CUS-1928,Customer CUS-1928,Home Office,United States,City_29,New York,West,PROD-56615,Office Supplies,Paper,Paper Product PROD-56615,1861.96,10,0.00,1589.55,Low
ORD-11336,2022-02-11,2022-02-11,First Class,CUS-2876,Customer CUS-2876,Consumer,United States,City_28,Washington,Central,PROD-44401,Office Supplies,Copiers,Copiers Product PROD-44401,175.08,4,0.00,164.79,Critical
ORD-11337,2023-09-05,2023-09-05,Standard Class,CUS-7036,Customer CUS-7036,Corporate,United States,City_89,Washington,Central,PROD-21378,Furniture,Paper,Paper Product PROD-21378,875.22,4,0.00,495.13,Low
ORD-11338,2023-03-09,2023-03-09,Same Day,CUS-7069,Customer CUS-7069,Home Office,United States,City_14,New York,South,PROD-62555,Office Supplies,Binders,Binders Product PROD-62555,578.75,2,0.15,495.97,High
ORD-11339,2023-02-18,2023-02-18,Same Day,CUS-7790,Customer CUS-7790,Corporate,United States,City_68,California,South,PROD-93014,Technology,Storage,Storage Product PROD-93014,633.58,4,0.00,450.08,Low
ORD-11340,2024-03-07,2024-03-07,Standard Class,CUS-8463,Customer CUS-8463,Home Office,United States,City_86,Virginia,Central,PROD-79622,Office Supplies,Copiers,Copiers Product PROD-79622,1438.97,4,0.15,1080.56,High
ORD-11341,2024-12-11,2024-12-11,Same Day,CUS-3600,Customer CUS-3600,Home Office,United States,City_84,Pennsylvania,West,PROD-15932,Technology,Copiers,Copiers Product PROD-15932,1410.62,10,0.00,1269.72,Medium
ORD-11342,2023-10-08,2023-10-08,Second Class,CUS-1321,Customer CUS-1321,Consumer,United States,City_70,Illinois,South,PROD-68307,Office Supplies,Bookcases,Bookcases Product PROD-68307,1763.73,4,0.00,1079.25,Critical
ORD-11343,2022-02-19,2022-02-19,Second Class,CUS-7393,Customer CUS-7393,Consumer,United States,City_71,Pennsylvania,West,PROD-39265,Furniture,Bookcases,Bookcases Product PROD-39265,1161.22,8,0.15,711.64,High
ORD-11344,2024-04-12,2024-04-12,Standard Class,CUS-1566,Customer CUS-1566,Consumer,United States,City_89,Florida,East,PROD-91828,Furniture,Storage,Storage Product PROD-91828,1008.32,3,0.00,622.00,Low
ORD-11345,2022-03-21,2022-03-21,Second Class,CUS-1627,Customer CUS-1627,Corporate,United States,City_14,Georgia,South,PROD-17312,Office Supplies,Tables,Tables Product PROD-17312,110.40,1,0.20,79.14,High
ORD-11346,2022-08-12,2022-08-12,Same Day,CUS-3909,Customer CUS-3909,Consumer,United States,City_71,Washington,Central,PROD-35836,Office Supplies,Binders,Binders Product PROD-35836,2642.00,6,0.00,2001.58,Medium
ORD-11347,2023-01-14,2023-01-14,Same Day,CUS-6083,Customer CUS-6083,Corporate,United States,City_39,Pennsylvania,Central,PROD-42221,Technology,Laptops,Laptops Product PROD-42221,1411.45,4,0.00,1240.15,Medium
ORD-11348,2024-10-06,2024-10-06,First Class,CUS-5478,Customer CUS-5478,Consumer,United States,City_20,New York,South,PROD-68484,Furniture,Copiers,Copiers Product PROD-68484,544.12,2,0.10,410.65,Medium
ORD-11349,2023-11-24,2023-11-24,Second Class,CUS-2825,Customer CUS-2825,Consumer,United States,City_57,Washington,Central,PROD-19471,Furniture,Accessories,Accessories Product PROD-19471,1215.25,10,0.00,841.82,High
ORD-11350,2024-06-27,2024-06-27,Second Class,CUS-6329,Customer CUS-6329,Corporate,United States,City_74,Ohio,East,PROD-58895,Technology,Bookcases,Bookcases Product PROD-58895,620.93,10,0.00,563.92,High
ORD-11351,2024-12-04,2024-12-04,First Class,CUS-3157,Customer CUS-3157,Home Office,United States,City_87,Texas,South,PROD-37533,Furniture,Bookcases,Bookcases Product PROD-37533,32.63,3,0.00,20.98,Medium
ORD-11352,2022-10-06,2022-10-06,Same Day,CUS-7517,Customer CUS-7517,Consumer,United States,City_62,Pennsylvania,West,PROD-18834,Furniture,Paper,Paper Product PROD-18834,1820.27,8,0.00,1029.62,Low
ORD-11353,2022-09-28,2022-09-28,First Class,CUS-3508,Customer CUS-3508,Consumer,United States,City_26,Washington,East,PROD-86380,Office Supplies,Chairs,Chairs Product PROD-86380,282.51,1,0.00,264.41,High
ORD-11354,2023-03-05,2023-03-05,Second Class,CUS-3483,Customer CUS-3483,Corporate,United States,City_37,New York,South,PROD-45872,Technology,Phones,Phones Product PROD-45872,2809.92,7,0.00,1682.40,Medium
ORD-11355,2023-02-20,2023-02-20,Standard Class,CUS-5750,Customer CUS-5750,Corporate,United States,City_65,Washington,East,PROD-37731,Furniture,Binders,Binders Product PROD-37731,2188.15,7,0.10,1813.88,Low
ORD-11356,2022-03-16,2022-03-16,Standard Class,CUS-9648,Customer CUS-9648,Consumer,United States,City_31,Pennsylvania,East,PROD-43705,Office Supplies,Tables,Tables Product PROD-43705,3550.93,8,0.00,2761.91,Low
ORD-11357,2024-03-21,2024-03-21,Second Class,CUS-1263,Customer CUS-1263,Home Office,United States,City_5,Ohio,Central,PROD-95453,Furniture,Bookcases,Bookcases Product PROD-95453,653.04,2,0.00,449.04,Critical
ORD-11358,2022-08-06,2022-08-06,Same Day,CUS-6060,Customer CUS-6060,Corporate,United States,City_30,Texas,West,PROD-56391,Office Supplies,Tables,Tables Product PROD-56391,42.62,3,0.00,32.80,Medium
ORD-11359,2022-05-12,2022-05-12,Same Day,CUS-4222,Customer CUS-4222,Corporate,United States,City_56,Florida,East,PROD-83425,Office Supplies,Storage,Storage Product PROD-83425,242.94,1,0.00,217.55,Medium
ORD-11360,2024-06-16,2024-06-16,Same Day,CUS-1653,Customer CUS-1653,Home Office,United States,City_42,Illinois,South,PROD-71115,Office Supplies,Laptops,Laptops Product PROD-71115,1242.45,10,0.00,1157.20,Low
ORD-11361,2024-05-19,2024-05-19,Second Class,CUS-5417,Customer CUS-5417,Consumer,United States,City_35,Washington,Central,PROD-52462,Furniture,Storage,Storage Product PROD-52462,825.09,2,0.00,491.11,High
ORD-11362,2023-12-05,2023-12-05,First Class,CUS-8485,Customer CUS-8485,Home Office,United States,City_92,Ohio,East,PROD-55631,Office Supplies,Laptops,Laptops Product PROD-55631,257.07,5,0.10,231.44,High
ORD-11363,2022-02-25,2022-02-25,Same Day,CUS-4135,Customer CUS-4135,Consumer,United States,City_83,Washington,East,PROD-43132,Furniture,Binders,Binders Product PROD-43132,2288.22,10,0.15,2096.36,Medium
ORD-11364,2024-09-06,2024-09-06,Same Day,CUS-7324,Customer CUS-7324,Consumer,United States,City_94,California,West,PROD-81249,Technology,Storage,Storage Product PROD-81249,145.35,2,0.10,136.79,Low
ORD-11365,2022-03-24,2022-03-24,Second Class,CUS-2817,Customer CUS-2817,Consumer,United States,City_6,California,South,PROD-10010,Technology,Phones,Phones Product PROD-10010,3304.54,8,0.00,2252.40,High
ORD-11366,2024-08-16,2024-08-16,Standard Class,CUS-4141,Customer CUS-4141,Consumer,United States,City_97,Florida,West,PROD-80519,Furniture,Copiers,Copiers Product PROD-80519,3351.47,10,0.00,2651.22,Critical
ORD-11367,2023-11-01,2023-11-01,First Class,CUS-1061,Customer CUS-1061,Corporate,United States,City_77,Ohio,West,PROD-15079,Technology,Phones,Phones Product PROD-15079,370.06,1,0.00,230.11,Critical
ORD-11368,2024-05-22,2024-05-22,First Class,CUS-5816,Customer CUS-5816,Home Office,United States,City_99,Florida,Central,PROD-24042,Technology,Tables,Tables Product PROD-24042,2877.51,6,0.00,1650.38,High
ORD-11369,2023-09-12,2023-09-12,Standard Class,CUS-5314,Customer CUS-5314,Corporate,United States,City_22,Washington,East,PROD-86750,Office Supplies,Storage,Storage Product PROD-86750,260.93,9,0.00,172.40,High
ORD-11370,2022-03-21,2022-03-21,First Class,CUS-8850,Customer CUS-8850,Home Office,United States,City_25,Illinois,Central,PROD-79481,Furniture,Copiers,Copiers Product PROD-79481,218.07,3,0.05,172.07,Medium
ORD-11371,2022-01-15,2022-01-15,Standard Class,CUS-4430,Customer CUS-4430,Corporate,United States,City_6,Texas,Central,PROD-76895,Furniture,Accessories,Accessories Product PROD-76895,2664.14,10,0.20,2144.84,Medium
ORD-11372,2024-05-19,2024-05-19,Standard Class,CUS-4889,Customer CUS-4889,Home Office,United States,City_49,Ohio,South,PROD-36506,Technology,Laptops,Laptops Product PROD-36506,1011.62,6,0.00,703.54,Medium
ORD-11373,2022-11-16,2022-11-16,Second Class,CUS-3623,Customer CUS-3623,Home Office,United States,City_66,Texas,West,PROD-67740,Office Supplies,Paper,Paper Product PROD-67740,728.62,5,0.00,614.38,Medium
ORD-11374,2024-06-26,2024-06-26,Second Class,CUS-2849,Customer CUS-2849,Home Office,United States,City_39,Ohio,West,PROD-14948,Technology,Binders,Binders Product PROD-14948,498.05,1,0.00,344.51,Medium
ORD-11375,2023-02-02,2023-02-02,Second Class,CUS-7310,Customer CUS-7310,Home Office,United States,City_30,California,East,PROD-79834,Office Supplies,Chairs,Chairs Product PROD-79834,1243.61,7,0.00,836.86,High
ORD-11376,2023-04-28,2023-04-28,First Class,CUS-1455,Customer CUS-1455,Corporate,United States,City_31,California,West,PROD-66720,Furniture,Paper,Paper Product PROD-66720,769.57,3,0.15,449.23,Low
ORD-11377,2023-10-12,2023-10-12,Same Day,CUS-2621,Customer CUS-2621,Home Office,United States,City_25,Georgia,East,PROD-63215,Technology,Bookcases,Bookcases Product PROD-63215,434.28,2,0.00,317.06,Critical
ORD-11378,2024-11-09,2024-11-09,Second Class,CUS-9335,Customer CUS-9335,Corporate,United States,City_20,California,South,PROD-19973,Technology,Phones,Phones Product PROD-19973,279.21,8,0.00,211.79,Critical
ORD-11379,2023-04-05,2023-04-05,Second Class,CUS-7613,Customer CUS-7613,Home Office,United States,City_0,Georgia,East,PROD-71862,Technology,Phones,Phones Product PROD-71862,578.63,5,0.00,386.36,High
ORD-11380,2022-09-22,2022-09-22,First Class,CUS-9047,Customer CUS-9047,Home Office,United States,City_74,Pennsylvania,South,PROD-30373,Technology,Bookcases,Bookcases Product PROD-30373,1583.23,9,0.10,1132.69,High
ORD-11381,2023-02-21,2023-02-21,Standard Class,CUS-4686,Customer CUS-4686,Home Office,United States,City_31,Georgia,South,PROD-73194,Technology,Tables,Tables Product PROD-73194,399.65,1,0.00,299.46,Medium
ORD-11382,2022-03-06,2022-03-06,Standard Class,CUS-4836,Customer CUS-4836,Home Office,United States,City_68,Illinois,West,PROD-55084,Office Supplies,Phones,Phones Product PROD-55084,395.85,1,0.05,292.93,Low
ORD-11383,2022-03-11,2022-03-11,Standard Class,CUS-1550,Customer CUS-1550,Consumer,United States,City_72,New York,South,PROD-14325,Furniture,Copiers,Copiers Product PROD-14325,1205.83,3,0.00,712.72,Critical
ORD-11384,2022-01-14,2022-01-14,Second Class,CUS-9948,Customer CUS-9948,Consumer,United States,City_49,New York,South,PROD-35077,Furniture,Storage,Storage Product PROD-35077,1851.46,5,0.00,1387.91,Critical
ORD-11385,2023-08-18,2023-08-18,First Class,CUS-7173,Customer CUS-7173,Consumer,United States,City_97,Virginia,South,PROD-61850,Technology,Bookcases,Bookcases Product PROD-61850,480.31,7,0.00,445.05,High
ORD-11386,2022-01-02,2022-01-02,Same Day,CUS-3901,Customer CUS-3901,Home Office,United States,City_87,Ohio,West,PROD-26331,Technology,Copiers,Copiers Product PROD-26331,2255.10,6,0.20,1245.98,High
ORD-11387,2024-01-14,2024-01-14,Same Day,CUS-1668,Customer CUS-1668,Home Office,United States,City_51,Pennsylvania,South,PROD-68661,Furniture,Copiers,Copiers Product PROD-68661,2534.43,8,0.00,2369.98,High
ORD-11388,2024-08-12,2024-08-12,Standard Class,CUS-6401,Customer CUS-6401,Home Office,United States,City_46,California,South,PROD-51208,Technology,Accessories,Accessories Product PROD-51208,195.45,2,0.05,168.00,Low
ORD-11389,2024-06-17,2024-06-17,Second Class,CUS-3116,Customer CUS-3116,Consumer,United States,City_66,New York,South,PROD-17187,Office Supplies,Copiers,Copiers Product PROD-17187,2779.38,9,0.05,1928.21,Critical
ORD-11390,2023-03-07,2023-03-07,Same Day,CUS-7062,Customer CUS-7062,Home Office,United States,City_26,Georgia,South,PROD-15541,Furniture,Storage,Storage Product PROD-15541,310.60,10,0.00,229.50,Medium
ORD-11391,2024-08-01,2024-08-01,Second Class,CUS-1737,Customer CUS-1737,Home Office,United States,City_75,Virginia,West,PROD-55941,Technology,Laptops,Laptops Product PROD-55941,2084.57,9,0.00,1459.03,Medium
ORD-11392,2022-01-20,2022-01-20,Same Day,CUS-7833,Customer CUS-7833,Corporate,United States,City_84,Pennsylvania,West,PROD-42851,Technology,Paper,Paper Product PROD-42851,714.45,2,0.10,647.67,Low
ORD-11393,2024-08-28,2024-08-28,Standard Class,CUS-5286,Customer CUS-5286,Consumer,United States,City_19,Illinois,Central,PROD-60978,Office Supplies,Storage,Storage Product PROD-60978,2671.05,7,0.00,1963.97,High
ORD-11394,2023-11-15,2023-11-15,Second Class,CUS-8944,Customer CUS-8944,Consumer,United States,City_23,New York,East,PROD-15967,Office Supplies,Accessories,Accessories Product PROD-15967,2712.46,10,0.00,2363.52,High
ORD-11395,2024-11-22,2024-11-22,Second Class,CUS-4123,Customer CUS-4123,Home Office,United States,City_39,Virginia,Central,PROD-15326,Furniture,Accessories,Accessories Product PROD-15326,782.84,5,0.05,618.44,High
ORD-11396,2023-11-27,2023-11-27,Same Day,CUS-1154,Customer CUS-1154,Corporate,United States,City_22,New York,East,PROD-51991,Office Supplies,Bookcases,Bookcases Product PROD-51991,691.96,2,0.00,449.70,Low
ORD-11397,2024-01-15,2024-01-15,First Class,CUS-6077,Customer CUS-6077,Consumer,United States,City_78,New York,West,PROD-55954,Furniture,Laptops,Laptops Product PROD-55954,530.07,2,0.00,447.67,Medium
ORD-11398,2022-03-20,2022-03-20,Second Class,CUS-2423,Customer CUS-2423,Home Office,United States,City_91,Illinois,Central,PROD-39102,Furniture,Binders,Binders Product PROD-39102,314.01,1,0.00,271.87,Low
ORD-11399,2024-12-28,2024-12-28,Second Class,CUS-5370,Customer CUS-5370,Corporate,United States,City_54,Pennsylvania,East,PROD-70170,Furniture,Tables,Tables Product PROD-70170,2663.59,9,0.00,2478.12,Critical
ORD-11400,2023-11-23,2023-11-23,First Class,CUS-2027,Customer CUS-2027,Consumer,United States,City_27,California,South,PROD-57772,Office Supplies,Laptops,Laptops Product PROD-57772,1805.19,4,0.00,1146.32,Medium
ORD-11401,2023-09-23,2023-09-23,Same Day,CUS-5385,Customer CUS-5385,Corporate,United States,City_27,Texas,East,PROD-52969,Technology,Storage,Storage Product PROD-52969,653.37,9,0.05,500.67,High
ORD-11402,2024-11-27,2024-11-27,Same Day,CUS-5367,Customer CUS-5367,Consumer,United States,City_88,Georgia,South,PROD-97584,Technology,Accessories,Accessories Product PROD-97584,2323.37,6,0.00,1962.86,High
ORD-11403,2023-04-23,2023-04-23,Second Class,CUS-3641,Customer CUS-3641,Consumer,United States,City_38,California,East,PROD-24870,Office Supplies,Storage,Storage Product PROD-24870,232.01,1,0.10,142.09,Medium
ORD-11404,2023-03-05,2023-03-05,Standard Class,CUS-2154,Customer CUS-2154,Consumer,United States,City_45,Pennsylvania,East,PROD-57091,Furniture,Tables,Tables Product PROD-57091,343.67,1,0.00,316.92,Low
ORD-11405,2023-01-13,2023-01-13,Second Class,CUS-6544,Customer CUS-6544,Corporate,United States,City_19,Pennsylvania,South,PROD-16009,Office Supplies,Accessories,Accessories Product PROD-16009,189.73,5,0.00,151.23,Medium
ORD-11406,2023-11-21,2023-11-21,Same Day,CUS-3256,Customer CUS-3256,Corporate,United States,City_41,Illinois,West,PROD-79808,Technology,Copiers,Copiers Product PROD-79808,667.39,5,0.10,426.09,High
ORD-11407,2023-09-22,2023-09-22,First Class,CUS-8402,Customer CUS-8402,Home Office,United States,City_89,Texas,East,PROD-36119,Office Supplies,Accessories,Accessories Product PROD-36119,3255.22,9,0.00,1820.28,High
ORD-11408,2022-08-28,2022-08-28,Same Day,CUS-7936,Customer CUS-7936,Home Office,United States,City_32,Texas,East,PROD-24115,Furniture,Binders,Binders Product PROD-24115,397.90,7,0.00,334.21,Critical
ORD-11409,2022-09-19,2022-09-19,First Class,CUS-9417,Customer CUS-9417,Corporate,United States,City_1,Ohio,East,PROD-13511,Office Supplies,Binders,Binders Product PROD-13511,810.07,4,0.05,744.88,Medium
ORD-11410,2023-10-20,2023-10-20,Same Day,CUS-8725,Customer CUS-8725,Consumer,United States,City_66,Florida,East,PROD-22691,Technology,Storage,Storage Product PROD-22691,2176.64,5,0.00,2054.14,High
ORD-11411,2023-05-17,2023-05-17,First Class,CUS-6696,Customer CUS-6696,Consumer,United States,City_24,Virginia,West,PROD-96145,Office Supplies,Paper,Paper Product PROD-96145,1668.75,5,0.00,1001.73,High
ORD-11412,2023-03-08,2023-03-08,Second Class,CUS-4763,Customer CUS-4763,Consumer,United States,City_42,Georgia,South,PROD-13403,Office Supplies,Tables,Tables Product PROD-13403,734.95,6,0.00,665.79,Critical
ORD-11413,2024-12-01,2024-12-01,Second Class,CUS-9724,Customer CUS-9724,Corporate,United States,City_33,Florida,East,PROD-91625,Furniture,Paper,Paper Product PROD-91625,1548.23,4,0.00,991.82,Low
ORD-11414,2023-04-19,2023-04-19,Standard Class,CUS-7178,Customer CUS-7178,Consumer,United States,City_76,Texas,West,PROD-89684,Technology,Accessories,Accessories Product PROD-89684,488.65,7,0.00,334.81,High
ORD-11415,2022-11-27,2022-11-27,Standard Class,CUS-8539,Customer CUS-8539,Consumer,United States,City_0,California,South,PROD-21550,Furniture,Laptops,Laptops Product PROD-21550,2218.42,7,0.10,1287.05,Critical
ORD-11416,2023-04-20,2023-04-20,Same Day,CUS-6363,Customer CUS-6363,Home Office,United States,City_4,Texas,East,PROD-37338,Furniture,Bookcases,Bookcases Product PROD-37338,1465.49,6,0.00,905.18,High
ORD-11417,2023-05-18,2023-05-18,Second Class,CUS-7879,Customer CUS-7879,Consumer,United States,City_45,Florida,Central,PROD-34372,Furniture,Bookcases,Bookcases Product PROD-34372,3332.75,8,0.00,2570.61,High
ORD-11418,2024-06-19,2024-06-19,First Class,CUS-9805,Customer CUS-9805,Home Office,United States,City_23,Washington,West,PROD-85365,Office Supplies,Paper,Paper Product PROD-85365,45.24,3,0.00,40.94,Medium
ORD-11419,2022-11-22,2022-11-22,First Class,CUS-1257,Customer CUS-1257,Consumer,United States,City_27,Georgia,East,PROD-67972,Furniture,Bookcases,Bookcases Product PROD-67972,2988.69,7,0.00,2609.28,Medium
ORD-11420,2023-07-19,2023-07-19,Same Day,CUS-5467,Customer CUS-5467,Corporate,United States,City_71,Ohio,Central,PROD-31472,Furniture,Paper,Paper Product PROD-31472,1690.82,6,0.00,1099.90,Low
ORD-11421,2023-06-13,2023-06-13,First Class,CUS-1847,Customer CUS-1847,Home Office,United States,City_26,Ohio,Central,PROD-67112,Furniture,Phones,Phones Product PROD-67112,460.07,10,0.05,409.58,Critical
ORD-11422,2022-05-18,2022-05-18,Same Day,CUS-8835,Customer CUS-8835,Home Office,United States,City_82,Illinois,East,PROD-50500,Furniture,Chairs,Chairs Product PROD-50500,131.77,2,0.10,102.09,High
ORD-11423,2024-05-27,2024-05-27,Standard Class,CUS-6333,Customer CUS-6333,Consumer,United States,City_13,Washington,West,PROD-89104,Furniture,Laptops,Laptops Product PROD-89104,743.32,2,0.10,449.61,Critical
ORD-11424,2024-10-17,2024-10-17,Standard Class,CUS-1496,Customer CUS-1496,Home Office,United States,City_44,California,South,PROD-37627,Office Supplies,Tables,Tables Product PROD-37627,160.18,3,0.00,146.63,Low
ORD-11425,2022-01-08,2022-01-08,Second Class,CUS-2367,Customer CUS-2367,Consumer,United States,City_50,Texas,South,PROD-37623,Furniture,Binders,Binders Product PROD-37623,1147.45,10,0.00,653.88,Medium
ORD-11426,2023-10-20,2023-10-20,First Class,CUS-1185,Customer CUS-1185,Consumer,United States,City_17,Texas,West,PROD-71809,Technology,Chairs,Chairs Product PROD-71809,1062.98,8,0.05,786.44,High
ORD-11427,2024-08-04,2024-08-04,First Class,CUS-4759,Customer CUS-4759,Corporate,United States,City_24,Illinois,South,PROD-61514,Furniture,Phones,Phones Product PROD-61514,1000.53,10,0.10,747.10,Critical
ORD-11428,2024-10-01,2024-10-01,Standard Class,CUS-7291,Customer CUS-7291,Consumer,United States,City_61,Florida,Central,PROD-44488,Office Supplies,Laptops,Laptops Product PROD-44488,1116.10,4,0.00,840.11,Low
ORD-11429,2024-02-10,2024-02-10,Same Day,CUS-9114,Customer CUS-9114,Corporate,United States,City_4,Georgia,South,PROD-87022,Furniture,Bookcases,Bookcases Product PROD-87022,375.18,7,0.00,325.77,Low
ORD-11430,2022-02-23,2022-02-23,First Class,CUS-2825,Customer CUS-2825,Home Office,United States,City_85,Washington,West,PROD-23059,Technology,Chairs,Chairs Product PROD-23059,613.02,9,0.05,573.05,Low
ORD-11431,2023-07-04,2023-07-04,Second Class,CUS-9875,Customer CUS-9875,Home Office,United States,City_89,Pennsylvania,South,PROD-55933,Furniture,Laptops,Laptops Product PROD-55933,2053.18,9,0.20,1650.69,Low
ORD-11432,2022-05-03,2022-05-03,First Class,CUS-3130,Customer CUS-3130,Home Office,United States,City_13,New York,South,PROD-88666,Technology,Storage,Storage Product PROD-88666,1723.48,6,0.00,950.05,Critical
ORD-11433,2022-11-21,2022-11-21,Same Day,CUS-3327,Customer CUS-3327,Consumer,United States,City_92,New York,Central,PROD-89590,Office Supplies,Storage,Storage Product PROD-89590,68.20,1,0.00,57.39,Critical
ORD-11434,2022-06-28,2022-06-28,Second Class,CUS-8842,Customer CUS-8842,Corporate,United States,City_16,Illinois,East,PROD-29013,Furniture,Paper,Paper Product PROD-29013,351.24,3,0.00,325.88,Low
ORD-11435,2024-02-26,2024-02-26,Same Day,CUS-8261,Customer CUS-8261,Home Office,United States,City_82,Georgia,South,PROD-90515,Furniture,Bookcases,Bookcases Product PROD-90515,20.02,2,0.00,15.76,Medium
ORD-11436,2023-01-13,2023-01-13,Standard Class,CUS-6772,Customer CUS-6772,Consumer,United States,City_93,Georgia,Central,PROD-60310,Office Supplies,Tables,Tables Product PROD-60310,2358.82,5,0.00,1683.21,Critical
ORD-11437,2022-02-18,2022-02-18,Same Day,CUS-5658,Customer CUS-5658,Home Office,United States,City_59,Ohio,Central,PROD-33877,Technology,Storage,Storage Product PROD-33877,1610.81,9,0.00,1361.51,Medium
ORD-11438,2022-01-10,2022-01-10,First Class,CUS-9164,Customer CUS-9164,Home Office,United States,City_13,Illinois,Central,PROD-64001,Office Supplies,Tables,Tables Product PROD-64001,3855.30,9,0.00,2123.28,Critical
ORD-11439,2023-09-11,2023-09-11,Second Class,CUS-6650,Customer CUS-6650,Home Office,United States,City_43,Florida,East,PROD-86950,Technology,Chairs,Chairs Product PROD-86950,1120.61,10,0.05,1002.17,Critical
ORD-11440,2024-08-27,2024-08-27,Second Class,CUS-5999,Customer CUS-5999,Home Office,United States,City_85,Florida,Central,PROD-99195,Furniture,Chairs,Chairs Product PROD-99195,519.66,7,0.05,287.59,High
ORD-11441,2023-09-01,2023-09-01,First Class,CUS-8946,Customer CUS-8946,Consumer,United States,City_15,Ohio,West,PROD-94623,Furniture,Phones,Phones Product PROD-94623,1049.78,7,0.00,862.29,High
ORD-11442,2023-06-14,2023-06-14,Standard Class,CUS-5404,Customer CUS-5404,Corporate,United States,City_55,California,Central,PROD-41357,Technology,Laptops,Laptops Product PROD-41357,3305.26,8,0.00,2636.96,High
ORD-11443,2022-08-20,2022-08-20,Same Day,CUS-6664,Customer CUS-6664,Corporate,United States,City_98,Texas,South,PROD-12149,Office Supplies,Chairs,Chairs Product PROD-12149,1197.08,7,0.20,961.27,High
ORD-11444,2023-01-04,2023-01-04,First Class,CUS-5173,Customer CUS-5173,Home Office,United States,City_86,Texas,Central,PROD-17120,Office Supplies,Laptops,Laptops Product PROD-17120,453.11,2,0.10,263.07,Medium
ORD-11445,2023-08-12,2023-08-12,Second Class,CUS-4783,Customer CUS-4783,Corporate,United States,City_97,New York,East,PROD-97161,Office Supplies,Bookcases,Bookcases Product PROD-97161,1780.81,5,0.05,1021.50,Medium
ORD-11446,2022-10-08,2022-10-08,Second Class,CUS-4280,Customer CUS-4280,Consumer,United States,City_49,Washington,South,PROD-36882,Furniture,Laptops,Laptops Product PROD-36882,1046.24,8,0.00,753.20,High
ORD-11447,2024-01-21,2024-01-21,Standard Class,CUS-7184,Customer CUS-7184,Home Office,United States,City_73,California,West,PROD-52395,Technology,Paper,Paper Product PROD-52395,49.24,7,0.00,28.85,Medium
ORD-11448,2023-05-25,2023-05-25,Standard Class,CUS-2668,Customer CUS-2668,Home Office,United States,City_30,Virginia,South,PROD-89513,Furniture,Bookcases,Bookcases Product PROD-89513,1840.18,9,0.00,1680.35,High
ORD-11449,2022-08-08,2022-08-08,Standard Class,CUS-7640,Customer CUS-7640,Corporate,United States,City_91,Florida,West,PROD-16101,Furniture,Paper,Paper Product PROD-16101,2567.85,6,0.00,2073.12,Critical
ORD-11450,2024-04-09,2024-04-09,Second Class,CUS-2605,Customer CUS-2605,Consumer,United States,City_92,New York,Central,PROD-38620,Office Supplies,Phones,Phones Product PROD-38620,1147.39,4,0.00,911.22,High
ORD-11451,2022-01-15,2022-01-15,Second Class,CUS-6419,Customer CUS-6419,Home Office,United States,City_23,California,South,PROD-92841,Office Supplies,Binders,Binders Product PROD-92841,639.33,8,0.00,500.52,Medium
ORD-11452,2022-09-10,2022-09-10,Standard Class,CUS-6847,Customer CUS-6847,Consumer,United States,City_29,New York,South,PROD-66006,Furniture,Chairs,Chairs Product PROD-66006,2374.92,7,0.00,1448.90,Low
ORD-11453,2023-02-10,2023-02-10,Same Day,CUS-3329,Customer CUS-3329,Corporate,United States,City_72,New York,South,PROD-83515,Furniture,Laptops,Laptops Product PROD-83515,175.71,1,0.00,126.09,High
ORD-11454,2022-09-25,2022-09-25,First Class,CUS-5551,Customer CUS-5551,Home Office,United States,City_5,California,Central,PROD-16722,Furniture,Bookcases,Bookcases Product PROD-16722,1274.29,7,0.20,954.83,Medium
ORD-11455,2022-02-03,2022-02-03,Same Day,CUS-9207,Customer CUS-9207,Home Office,United States,City_11,New York,West,PROD-67031,Furniture,Paper,Paper Product PROD-67031,608.63,9,0.05,340.99,High
ORD-11456,2022-11-22,2022-11-22,Second Class,CUS-8588,Customer CUS-8588,Home Office,United States,City_11,Washington,East,PROD-19515,Technology,Bookcases,Bookcases Product PROD-19515,334.50,4,0.05,273.30,Low
ORD-11457,2023-08-06,2023-08-06,Same Day,CUS-8481,Customer CUS-8481,Consumer,United States,City_76,Pennsylvania,East,PROD-57314,Furniture,Paper,Paper Product PROD-57314,2277.38,8,0.00,1470.31,Low
ORD-11458,2023-01-04,2023-01-04,Second Class,CUS-3101,Customer CUS-3101,Consumer,United States,City_88,Washington,East,PROD-63620,Technology,Copiers,Copiers Product PROD-63620,1308.95,3,0.00,1159.45,Critical
ORD-11459,2023-11-16,2023-11-16,Standard Class,CUS-1575,Customer CUS-1575,Corporate,United States,City_94,Georgia,East,PROD-64212,Technology,Accessories,Accessories Product PROD-64212,130.15,2,0.00,78.67,Medium
ORD-11460,2023-03-08,2023-03-08,Second Class,CUS-8886,Customer CUS-8886,Corporate,United States,City_76,New York,West,PROD-36090,Office Supplies,Phones,Phones Product PROD-36090,2860.10,7,0.00,2298.79,Critical
ORD-11461,2024-04-24,2024-04-24,First Class,CUS-4817,Customer CUS-4817,Corporate,United States,City_74,Washington,South,PROD-19981,Furniture,Laptops,Laptops Product PROD-19981,3474.67,8,0.00,3164.64,Medium
ORD-11462,2022-05-03,2022-05-03,First Class,CUS-4316,Customer CUS-4316,Corporate,United States,City_77,New York,East,PROD-46579,Furniture,Phones,Phones Product PROD-46579,842.07,2,0.10,681.97,Medium
ORD-11463,2022-04-06,2022-04-06,Standard Class,CUS-3701,Customer CUS-3701,Corporate,United States,City_19,New York,West,PROD-66945,Office Supplies,Bookcases,Bookcases Product PROD-66945,1304.82,10,0.05,897.75,Critical
ORD-11464,2022-09-21,2022-09-21,Same Day,CUS-2162,Customer CUS-2162,Home Office,United States,City_85,Texas,Central,PROD-73377,Office Supplies,Laptops,Laptops Product PROD-73377,884.51,10,0.00,759.96,Low
ORD-11465,2023-03-12,2023-03-12,First Class,CUS-1423,Customer CUS-1423,Corporate,United States,City_19,Virginia,South,PROD-91800,Furniture,Binders,Binders Product PROD-91800,123.79,10,0.00,72.42,Critical
ORD-11466,2023-10-20,2023-10-20,First Class,CUS-4660,Customer CUS-4660,Home Office,United States,City_62,Illinois,South,PROD-94058,Technology,Phones,Phones Product PROD-94058,1179.89,6,0.00,725.44,Critical
ORD-11467,2023-09-04,2023-09-04,Second Class,CUS-1424,Customer CUS-1424,Home Office,United States,City_23,New York,South,PROD-73505,Technology,Binders,Binders Product PROD-73505,1913.23,4,0.00,1154.31,Medium
ORD-11468,2024-11-03,2024-11-03,First Class,CUS-1183,Customer CUS-1183,Corporate,United States,City_81,Washington,South,PROD-39421,Office Supplies,Binders,Binders Product PROD-39421,1717.45,9,0.10,1238.79,Critical
ORD-11469,2024-04-05,2024-04-05,Standard Class,CUS-8660,Customer CUS-8660,Consumer,United States,City_94,California,East,PROD-44833,Technology,Chairs,Chairs Product PROD-44833,211.52,3,0.00,156.10,Critical
ORD-11470,2023-11-19,2023-11-19,First Class,CUS-1008,Customer CUS-1008,Home Office,United States,City_35,Georgia,West,PROD-29140,Technology,Accessories,Accessories Product PROD-29140,623.96,2,0.00,358.98,Critical
ORD-11471,2022-02-22,2022-02-22,Standard Class,CUS-2385,Customer CUS-2385,Corporate,United States,City_65,Illinois,South,PROD-30732,Office Supplies,Bookcases,Bookcases Product PROD-30732,3250.20,9,0.00,3070.93,Medium
ORD-11472,2022-11-20,2022-11-20,Standard Class,CUS-9285,Customer CUS-9285,Corporate,United States,City_38,New York,East,PROD-77315,Technology,Storage,Storage Product PROD-77315,1165.37,10,0.05,790.95,Medium
ORD-11473,2024-12-02,2024-12-02,Same Day,CUS-3577,Customer CUS-3577,Consumer,United States,City_39,California,South,PROD-74323,Technology,Accessories,Accessories Product PROD-74323,413.76,1,0.15,265.63,Low
ORD-11474,2024-09-16,2024-09-16,Same Day,CUS-3589,Customer CUS-3589,Home Office,United States,City_82,Texas,East,PROD-59479,Furniture,Bookcases,Bookcases Product PROD-59479,1364.36,5,0.00,1128.14,Medium
ORD-11475,2024-10-20,2024-10-20,First Class,CUS-4733,Customer CUS-4733,Consumer,United States,City_86,Florida,East,PROD-79886,Office Supplies,Accessories,Accessories Product PROD-79886,1331.21,7,0.10,984.44,Medium
ORD-11476,2022-06-04,2022-06-04,First Class,CUS-7009,Customer CUS-7009,Home Office,United States,City_26,New York,West,PROD-93427,Office Supplies,Binders,Binders Product PROD-93427,2741.23,9,0.00,2543.10,Medium
ORD-11477,2024-02-04,2024-02-04,Standard Class,CUS-9249,Customer CUS-9249,Consumer,United States,City_53,Washington,West,PROD-43037,Office Supplies,Binders,Binders Product PROD-43037,1002.52,5,0.10,890.35,Low
ORD-11478,2023-10-10,2023-10-10,Standard Class,CUS-3518,Customer CUS-3518,Corporate,United States,City_1,California,South,PROD-53529,Technology,Accessories,Accessories Product PROD-53529,442.19,4,0.00,366.83,Medium
ORD-11479,2022-09-01,2022-09-01,Standard Class,CUS-4308,Customer CUS-4308,Home Office,United States,City_83,Georgia,West,PROD-70251,Office Supplies,Copiers,Copiers Product PROD-70251,451.91,2,0.05,385.71,High
ORD-11480,2024-02-21,2024-02-21,Standard Class,CUS-2900,Customer CUS-2900,Consumer,United States,City_37,Washington,West,PROD-78897,Technology,Storage,Storage Product PROD-78897,417.94,1,0.15,381.90,Low
ORD-11481,2022-09-27,2022-09-27,Standard Class,CUS-6568,Customer CUS-6568,Home Office,United States,City_36,Ohio,West,PROD-17424,Furniture,Phones,Phones Product PROD-17424,324.72,1,0.05,208.29,Critical
ORD-11482,2024-06-05,2024-06-05,Same Day,CUS-9410,Customer CUS-9410,Home Office,United States,City_88,New York,South,PROD-83445,Office Supplies,Storage,Storage Product PROD-83445,596.17,2,0.10,391.33,High
ORD-11483,2023-02-01,2023-02-01,Second Class,CUS-2063,Customer CUS-2063,Home Office,United States,City_46,California,Central,PROD-29915,Furniture,Accessories,Accessories Product PROD-29915,908.08,2,0.00,768.75,Critical
ORD-11484,2023-07-21,2023-07-21,Second Class,CUS-6046,Customer CUS-6046,Corporate,United States,City_30,Pennsylvania,South,PROD-25767,Office Supplies,Bookcases,Bookcases Product PROD-25767,226.65,7,0.00,209.98,Medium
ORD-11485,2024-10-27,2024-10-27,Second Class,CUS-2526,Customer CUS-2526,Corporate,United States,City_56,Illinois,West,PROD-12790,Technology,Laptops,Laptops Product PROD-12790,1436.26,5,0.15,1276.71,Low
ORD-11486,2023-03-11,2023-03-11,Standard Class,CUS-5804,Customer CUS-5804,Consumer,United States,City_83,California,East,PROD-57636,Technology,Bookcases,Bookcases Product PROD-57636,1806.38,4,0.00,1247.09,Low
ORD-11487,2024-10-21,2024-10-21,Standard Class,CUS-7837,Customer CUS-7837,Consumer,United States,City_31,California,South,PROD-33497,Technology,Storage,Storage Product PROD-33497,918.71,8,0.00,852.33,Medium
ORD-11488,2024-01-07,2024-01-07,Standard Class,CUS-7831,Customer CUS-7831,Consumer,United States,City_90,California,East,PROD-56615,Furniture,Accessories,Accessories Product PROD-56615,363.60,3,0.00,264.15,Medium
ORD-11489,2024-09-19,2024-09-19,First Class,CUS-9404,Customer CUS-9404,Home Office,United States,City_57,Pennsylvania,East,PROD-91508,Furniture,Bookcases,Bookcases Product PROD-91508,2563.02,8,0.10,2264.02,Critical
ORD-11490,2023-01-25,2023-01-25,Standard Class,CUS-4390,Customer CUS-4390,Consumer,United States,City_41,Pennsylvania,West,PROD-47237,Technology,Binders,Binders Product PROD-47237,804.85,2,0.00,483.52,Medium
ORD-11491,2023-02-28,2023-02-28,Second Class,CUS-8980,Customer CUS-8980,Home Office,United States,City_94,Pennsylvania,West,PROD-81124,Furniture,Copiers,Copiers Product PROD-81124,1063.13,4,0.00,624.42,High
ORD-11492,2023-03-03,2023-03-03,First Class,CUS-5467,Customer CUS-5467,Corporate,United States,City_38,Pennsylvania,East,PROD-82124,Office Supplies,Tables,Tables Product PROD-82124,918.64,2,0.00,579.75,Medium
ORD-11493,2023-11-06,2023-11-06,Second Class,CUS-9943,Customer CUS-9943,Corporate,United States,City_65,Illinois,East,PROD-87810,Furniture,Paper,Paper Product PROD-87810,1641.21,5,0.10,1375.10,Medium
ORD-11494,2023-02-21,2023-02-21,Second Class,CUS-5958,Customer CUS-5958,Home Office,United States,City_87,Ohio,South,PROD-50601,Office Supplies,Phones,Phones Product PROD-50601,4019.91,10,0.00,2253.39,Low
ORD-11495,2022-08-22,2022-08-22,Same Day,CUS-6540,Customer CUS-6540,Consumer,United States,City_56,New York,South,PROD-50720,Office Supplies,Laptops,Laptops Product PROD-50720,3414.19,9,0.15,3086.03,Low
ORD-11496,2023-09-02,2023-09-02,Second Class,CUS-5577,Customer CUS-5577,Consumer,United States,City_51,Florida,South,PROD-76871,Furniture,Storage,Storage Product PROD-76871,414.25,10,0.05,321.09,Critical
ORD-11497,2023-08-12,2023-08-12,Second Class,CUS-8774,Customer CUS-8774,Consumer,United States,City_62,Pennsylvania,East,PROD-58956,Furniture,Accessories,Accessories Product PROD-58956,160.84,1,0.00,100.90,Critical
ORD-11498,2024-04-10,2024-04-10,Standard Class,CUS-1679,Customer CUS-1679,Home Office,United States,City_14,New York,South,PROD-89302,Furniture,Bookcases,Bookcases Product PROD-89302,374.02,3,0.00,303.41,High
ORD-11499,2024-11-09,2024-11-09,Same Day,CUS-8715,Customer CUS-8715,Consumer,United States,City_24,Georgia,Central,PROD-62562,Technology,Copiers,Copiers Product PROD-62562,875.80,5,0.00,725.78,High
ORD-11500,2024-05-19,2024-05-19,Standard Class,CUS-5786,Customer CUS-5786,Corporate,United States,City_83,Ohio,Central,PROD-88689,Furniture,Accessories,Accessories Product PROD-88689,1150.40,8,0.00,811.17,Low
ORD-11501,2023-07-14,2023-07-14,Standard Class,CUS-1678,Customer CUS-1678,Corporate,United States,City_39,Washington,Central,PROD-13749,Technology,Accessories,Accessories Product PROD-13749,2090.73,8,0.15,1589.04,Critical
ORD-11502,2023-11-18,2023-11-18,Second Class,CUS-5614,Customer CUS-5614,Corporate,United States,City_77,Texas,South,PROD-44314,Office Supplies,Laptops,Laptops Product PROD-44314,1195.17,9,0.00,743.56,Medium
ORD-11503,2024-08-21,2024-08-21,Second Class,CUS-7939,Customer CUS-7939,Corporate,United States,City_58,Washington,East,PROD-53975,Technology,Paper,Paper Product PROD-53975,4728.98,10,0.00,2834.78,Medium
ORD-11504,2024-09-06,2024-09-06,First Class,CUS-6282,Customer CUS-6282,Home Office,United States,City_77,Florida,East,PROD-47234,Furniture,Tables,Tables Product PROD-47234,203.44,2,0.00,139.46,High
ORD-11505,2022-10-04,2022-10-04,Same Day,CUS-6411,Customer CUS-6411,Corporate,United States,City_62,Washington,Central,PROD-19122,Furniture,Phones,Phones Product PROD-19122,197.64,1,0.00,138.30,Low
ORD-11506,2024-05-23,2024-05-23,First Class,CUS-2979,Customer CUS-2979,Home Office,United States,City_12,Illinois,East,PROD-47575,Office Supplies,Tables,Tables Product PROD-47575,1056.02,5,0.05,613.08,Low
ORD-11507,2022-09-24,2022-09-24,Second Class,CUS-9572,Customer CUS-9572,Corporate,United States,City_37,New York,South,PROD-65168,Furniture,Paper,Paper Product PROD-65168,1807.25,5,0.05,1497.41,Medium
ORD-11508,2024-07-13,2024-07-13,First Class,CUS-8826,Customer CUS-8826,Home Office,United States,City_21,Illinois,West,PROD-93030,Furniture,Bookcases,Bookcases Product PROD-93030,252.81,3,0.00,144.87,Medium
ORD-11509,2023-07-25,2023-07-25,Second Class,CUS-5377,Customer CUS-5377,Home Office,United States,City_29,Virginia,Central,PROD-10064,Furniture,Storage,Storage Product PROD-10064,973.43,10,0.00,607.53,Critical
ORD-11510,2022-02-01,2022-02-01,First Class,CUS-9603,Customer CUS-9603,Consumer,United States,City_12,California,East,PROD-62862,Technology,Binders,Binders Product PROD-62862,390.00,1,0.00,286.06,Low
ORD-11511,2022-04-14,2022-04-14,Same Day,CUS-5350,Customer CUS-5350,Corporate,United States,City_92,Florida,South,PROD-40019,Furniture,Bookcases,Bookcases Product PROD-40019,2532.85,7,0.00,1636.88,Low
ORD-11512,2023-04-11,2023-04-11,First Class,CUS-9540,Customer CUS-9540,Consumer,United States,City_21,Virginia,South,PROD-82350,Furniture,Storage,Storage Product PROD-82350,3352.28,9,0.00,3015.63,High
ORD-11513,2024-06-18,2024-06-18,Second Class,CUS-9691,Customer CUS-9691,Home Office,United States,City_92,Washington,Central,PROD-61824,Office Supplies,Storage,Storage Product PROD-61824,121.21,2,0.00,114.16,High
ORD-11514,2022-01-24,2022-01-24,Same Day,CUS-6759,Customer CUS-6759,Corporate,United States,City_82,Washington,West,PROD-36982,Furniture,Phones,Phones Product PROD-36982,1327.64,3,0.00,1063.46,Low
ORD-11515,2023-08-03,2023-08-03,Second Class,CUS-7135,Customer CUS-7135,Consumer,United States,City_17,Georgia,East,PROD-50499,Office Supplies,Binders,Binders Product PROD-50499,3020.85,7,0.00,2686.99,High
ORD-11516,2022-06-15,2022-06-15,Same Day,CUS-8289,Customer CUS-8289,Consumer,United States,City_79,New York,East,PROD-51437,Office Supplies,Accessories,Accessories Product PROD-51437,144.99,1,0.00,97.37,High
ORD-11517,2024-05-21,2024-05-21,Second Class,CUS-2523,Customer CUS-2523,Home Office,United States,City_23,Georgia,Central,PROD-85081,Office Supplies,Accessories,Accessories Product PROD-85081,63.38,1,0.05,55.74,Critical
ORD-11518,2023-12-19,2023-12-19,Same Day,CUS-2238,Customer CUS-2238,Corporate,United States,City_20,Texas,Central,PROD-56912,Furniture,Laptops,Laptops Product PROD-56912,2218.59,6,0.15,1563.24,Medium
ORD-11519,2022-02-17,2022-02-17,First Class,CUS-4756,Customer CUS-4756,Corporate,United States,City_94,Florida,Central,PROD-74308,Technology,Bookcases,Bookcases Product PROD-74308,428.52,3,0.00,399.23,Medium
ORD-11520,2023-04-14,2023-04-14,Same Day,CUS-9973,Customer CUS-9973,Consumer,United States,City_12,Washington,East,PROD-12415,Office Supplies,Chairs,Chairs Product PROD-12415,5.64,1,0.20,3.13,High
ORD-11521,2023-08-18,2023-08-18,Second Class,CUS-4017,Customer CUS-4017,Consumer,United States,City_95,Pennsylvania,West,PROD-32400,Furniture,Binders,Binders Product PROD-32400,3140.71,7,0.00,2149.67,Critical
ORD-11522,2022-07-28,2022-07-28,First Class,CUS-9951,Customer CUS-9951,Corporate,United States,City_99,New York,Central,PROD-99107,Technology,Copiers,Copiers Product PROD-99107,1150.02,4,0.20,768.06,Low
ORD-11523,2022-07-01,2022-07-01,Same Day,CUS-3410,Customer CUS-3410,Corporate,United States,City_74,Virginia,West,PROD-98461,Technology,Accessories,Accessories Product PROD-98461,1218.84,3,0.00,1139.80,Medium
ORD-11524,2022-08-12,2022-08-12,Second Class,CUS-4524,Customer CUS-4524,Corporate,United States,City_60,Ohio,East,PROD-60885,Technology,Laptops,Laptops Product PROD-60885,2662.93,9,0.00,2300.55,High
ORD-11525,2023-04-10,2023-04-10,First Class,CUS-3782,Customer CUS-3782,Home Office,United States,City_96,Washington,Central,PROD-26516,Furniture,Storage,Storage Product PROD-26516,220.72,4,0.00,183.59,Medium
ORD-11526,2024-02-28,2024-02-28,Standard Class,CUS-5914,Customer CUS-5914,Corporate,United States,City_41,Florida,East,PROD-65856,Technology,Binders,Binders Product PROD-65856,246.80,1,0.00,185.73,Low
ORD-11527,2023-03-05,2023-03-05,First Class,CUS-4113,Customer CUS-4113,Corporate,United States,City_61,Ohio,West,PROD-93755,Furniture,Paper,Paper Product PROD-93755,1778.59,7,0.10,1067.67,Critical
ORD-11528,2023-09-06,2023-09-06,Same Day,CUS-8500,Customer CUS-8500,Home Office,United States,City_60,Virginia,West,PROD-71037,Furniture,Bookcases,Bookcases Product PROD-71037,286.78,1,0.10,267.51,Medium
ORD-11529,2022-05-27,2022-05-27,Same Day,CUS-9045,Customer CUS-9045,Corporate,United States,City_69,Washington,South,PROD-58363,Furniture,Binders,Binders Product PROD-58363,1538.92,10,0.15,1288.33,Low
ORD-11530,2024-09-24,2024-09-24,Standard Class,CUS-5597,Customer CUS-5597,Consumer,United States,City_83,Washington,South,PROD-70222,Furniture,Laptops,Laptops Product PROD-70222,3913.91,9,0.00,3355.47,High
ORD-11531,2024-02-12,2024-02-12,Standard Class,CUS-9410,Customer CUS-9410,Consumer,United States,City_79,Georgia,West,PROD-75985,Furniture,Binders,Binders Product PROD-75985,853.19,6,0.00,537.71,Medium
ORD-11532,2022-04-08,2022-04-08,Standard Class,CUS-9575,Customer CUS-9575,Consumer,United States,City_19,Ohio,East,PROD-33277,Furniture,Binders,Binders Product PROD-33277,1064.19,3,0.00,886.86,Critical
ORD-11533,2022-11-16,2022-11-16,Second Class,CUS-3738,Customer CUS-3738,Corporate,United States,City_6,Georgia,South,PROD-65780,Technology,Accessories,Accessories Product PROD-65780,1201.92,7,0.00,811.86,Medium
ORD-11534,2023-06-18,2023-06-18,Second Class,CUS-8867,Customer CUS-8867,Home Office,United States,City_21,New York,Central,PROD-40301,Office Supplies,Copiers,Copiers Product PROD-40301,1180.45,4,0.10,795.35,Critical
ORD-11535,2022-10-02,2022-10-02,First Class,CUS-7174,Customer CUS-7174,Home Office,United States,City_79,Illinois,West,PROD-36515,Office Supplies,Binders,Binders Product PROD-36515,637.75,8,0.00,351.40,High
ORD-11536,2022-10-24,2022-10-24,Second Class,CUS-2736,Customer CUS-2736,Consumer,United States,City_65,Washington,South,PROD-57772,Office Supplies,Binders,Binders Product PROD-57772,2528.21,8,0.10,2097.02,Medium
ORD-11537,2023-09-02,2023-09-02,Standard Class,CUS-4264,Customer CUS-4264,Corporate,United States,City_79,California,South,PROD-24828,Technology,Copiers,Copiers Product PROD-24828,2346.34,5,0.00,1999.98,Medium
ORD-11538,2023-11-27,2023-11-27,First Class,CUS-5285,Customer CUS-5285,Home Office,United States,City_49,California,Central,PROD-42239,Office Supplies,Paper,Paper Product PROD-42239,2343.15,10,0.20,2062.87,High
ORD-11539,2022-06-12,2022-06-12,Standard Class,CUS-6112,Customer CUS-6112,Corporate,United States,City_57,Virginia,West,PROD-84220,Office Supplies,Binders,Binders Product PROD-84220,914.94,3,0.05,611.87,Medium
ORD-11540,2022-03-24,2022-03-24,Same Day,CUS-2713,Customer CUS-2713,Consumer,United States,City_74,New York,South,PROD-73916,Office Supplies,Chairs,Chairs Product PROD-73916,161.03,1,0.10,119.51,High
ORD-11541,2023-01-03,2023-01-03,First Class,CUS-9377,Customer CUS-9377,Consumer,United States,City_31,California,South,PROD-13494,Furniture,Laptops,Laptops Product PROD-13494,863.67,3,0.20,693.78,High
ORD-11542,2022-11-09,2022-11-09,Same Day,CUS-1140,Customer CUS-1140,Consumer,United States,City_23,New York,Central,PROD-19799,Furniture,Phones,Phones Product PROD-19799,1726.18,6,0.00,1621.32,Low
ORD-11543,2022-02-12,2022-02-12,Same Day,CUS-5043,Customer CUS-5043,Home Office,United States,City_6,Pennsylvania,Central,PROD-13183,Technology,Phones,Phones Product PROD-13183,241.63,2,0.00,176.31,Critical
ORD-11544,2023-08-07,2023-08-07,Standard Class,CUS-4096,Customer CUS-4096,Home Office,United States,City_22,Georgia,Central,PROD-45150,Office Supplies,Bookcases,Bookcases Product PROD-45150,27.04,5,0.00,23.40,Critical
ORD-11545,2023-07-01,2023-07-01,Standard Class,CUS-1322,Customer CUS-1322,Corporate,United States,City_16,Texas,South,PROD-58939,Office Supplies,Binders,Binders Product PROD-58939,1569.98,10,0.00,1106.05,Medium
ORD-11546,2023-05-20,2023-05-20,Same Day,CUS-1709,Customer CUS-1709,Consumer,United States,City_58,Washington,East,PROD-68206,Furniture,Phones,Phones Product PROD-68206,940.26,2,0.00,655.66,Low
ORD-11547,2022-11-06,2022-11-06,First Class,CUS-7679,Customer CUS-7679,Home Office,United States,City_43,Pennsylvania,West,PROD-48990,Technology,Binders,Binders Product PROD-48990,1768.87,8,0.00,985.15,Medium
ORD-11548,2023-02-27,2023-02-27,Standard Class,CUS-6317,Customer CUS-6317,Corporate,United States,City_27,Ohio,West,PROD-38145,Technology,Chairs,Chairs Product PROD-38145,61.67,4,0.00,51.07,High
ORD-11549,2023-09-04,2023-09-04,Same Day,CUS-5979,Customer CUS-5979,Consumer,United States,City_72,Illinois,Central,PROD-25813,Furniture,Storage,Storage Product PROD-25813,1720.92,8,0.10,1493.48,High
ORD-11550,2023-03-28,2023-03-28,First Class,CUS-3599,Customer CUS-3599,Consumer,United States,City_6,Pennsylvania,West,PROD-71422,Furniture,Phones,Phones Product PROD-71422,31.61,1,0.00,18.53,Low
ORD-11551,2024-03-22,2024-03-22,First Class,CUS-9374,Customer CUS-9374,Corporate,United States,City_65,Pennsylvania,South,PROD-55841,Furniture,Tables,Tables Product PROD-55841,3374.88,10,0.00,2058.41,Medium
ORD-11552,2024-06-11,2024-06-11,Same Day,CUS-1462,Customer CUS-1462,Home Office,United States,City_83,New York,South,PROD-97845,Technology,Storage,Storage Product PROD-97845,1314.38,7,0.05,1093.80,Low
ORD-11553,2023-02-23,2023-02-23,Same Day,CUS-3713,Customer CUS-3713,Home Office,United States,City_49,Texas,West,PROD-12250,Furniture,Bookcases,Bookcases Product PROD-12250,3927.21,9,0.00,2703.05,High
ORD-11554,2022-03-15,2022-03-15,Standard Class,CUS-5342,Customer CUS-5342,Corporate,United States,City_9,California,South,PROD-82512,Office Supplies,Storage,Storage Product PROD-82512,2370.38,5,0.00,1979.23,Critical
ORD-11555,2022-05-11,2022-05-11,Same Day,CUS-4616,Customer CUS-4616,Corporate,United States,City_44,Texas,Central,PROD-54340,Furniture,Accessories,Accessories Product PROD-54340,2321.74,6,0.05,2002.43,Critical
ORD-11556,2022-02-02,2022-02-02,Same Day,CUS-8767,Customer CUS-8767,Consumer,United States,City_84,Illinois,East,PROD-58698,Technology,Phones,Phones Product PROD-58698,1295.94,6,0.00,1126.27,Low
ORD-11557,2024-06-19,2024-06-19,Same Day,CUS-2273,Customer CUS-2273,Home Office,United States,City_19,Ohio,West,PROD-92122,Furniture,Chairs,Chairs Product PROD-92122,677.06,2,0.00,498.07,High
ORD-11558,2023-09-13,2023-09-13,Same Day,CUS-9919,Customer CUS-9919,Home Office,United States,City_89,Washington,East,PROD-39030,Technology,Copiers,Copiers Product PROD-39030,632.73,2,0.20,405.36,Critical
ORD-11559,2022-11-28,2022-11-28,Second Class,CUS-9003,Customer CUS-9003,Corporate,United States,City_82,Virginia,East,PROD-38729,Furniture,Bookcases,Bookcases Product PROD-38729,535.86,7,0.00,369.60,Critical
ORD-11560,2022-01-25,2022-01-25,Standard Class,CUS-2894,Customer CUS-2894,Home Office,United States,City_46,Illinois,Central,PROD-48340,Furniture,Chairs,Chairs Product PROD-48340,1467.82,6,0.00,1020.61,Critical
ORD-11561,2023-09-20,2023-09-20,First Class,CUS-1025,Customer CUS-1025,Home Office,United States,City_35,Pennsylvania,South,PROD-48423,Technology,Storage,Storage Product PROD-48423,177.74,5,0.10,104.43,Low
ORD-11562,2022-01-20,2022-01-20,First Class,CUS-1984,Customer CUS-1984,Consumer,United States,City_24,Pennsylvania,West,PROD-74538,Technology,Copiers,Copiers Product PROD-74538,356.38,1,0.00,259.36,Medium
ORD-11563,2022-04-23,2022-04-23,Standard Class,CUS-2915,Customer CUS-2915,Home Office,United States,City_20,Ohio,South,PROD-14722,Office Supplies,Phones,Phones Product PROD-14722,785.40,2,0.05,599.74,High
ORD-11564,2024-07-23,2024-07-23,Standard Class,CUS-5752,Customer CUS-5752,Corporate,United States,City_39,Pennsylvania,East,PROD-48888,Technology,Bookcases,Bookcases Product PROD-48888,827.13,5,0.00,521.45,High
ORD-11565,2023-12-22,2023-12-22,Same Day,CUS-8379,Customer CUS-8379,Consumer,United States,City_83,Virginia,South,PROD-61395,Furniture,Tables,Tables Product PROD-61395,49.00,5,0.00,44.47,Low
ORD-11566,2024-05-13,2024-05-13,First Class,CUS-8831,Customer CUS-8831,Corporate,United States,City_19,Illinois,South,PROD-65179,Furniture,Chairs,Chairs Product PROD-65179,767.21,3,0.00,598.03,Medium
ORD-11567,2022-09-04,2022-09-04,First Class,CUS-7355,Customer CUS-7355,Corporate,United States,City_19,California,West,PROD-58062,Technology,Chairs,Chairs Product PROD-58062,890.68,5,0.10,802.47,Critical
ORD-11568,2024-05-05,2024-05-05,Second Class,CUS-7952,Customer CUS-7952,Corporate,United States,City_68,New York,East,PROD-88074,Furniture,Chairs,Chairs Product PROD-88074,1355.40,9,0.00,1186.27,Critical
ORD-11569,2022-03-05,2022-03-05,First Class,CUS-7212,Customer CUS-7212,Corporate,United States,City_9,New York,South,PROD-99546,Office Supplies,Binders,Binders Product PROD-99546,1300.71,8,0.15,1172.74,High
ORD-11570,2024-07-09,2024-07-09,First Class,CUS-2680,Customer CUS-2680,Consumer,United States,City_16,New York,Central,PROD-79136,Office Supplies,Tables,Tables Product PROD-79136,48.24,1,0.05,36.10,High
ORD-11571,2023-12-24,2023-12-24,Same Day,CUS-8355,Customer CUS-8355,Corporate,United States,City_54,Washington,South,PROD-54044,Furniture,Chairs,Chairs Product PROD-54044,14.04,3,0.10,12.98,High
ORD-11572,2024-04-25,2024-04-25,Same Day,CUS-6803,Customer CUS-6803,Home Office,United States,City_43,Ohio,East,PROD-24909,Technology,Binders,Binders Product PROD-24909,463.10,6,0.00,272.16,Critical
ORD-11573,2023-07-13,2023-07-13,Second Class,CUS-9432,Customer CUS-9432,Corporate,United States,City_92,California,West,PROD-76015,Technology,Laptops,Laptops Product PROD-76015,1372.40,8,0.00,1189.74,Low
ORD-11574,2023-09-18,2023-09-18,Same Day,CUS-8242,Customer CUS-8242,Corporate,United States,City_50,Illinois,Central,PROD-17108,Furniture,Bookcases,Bookcases Product PROD-17108,164.03,5,0.00,119.44,Medium
ORD-11575,2022-11-12,2022-11-12,Second Class,CUS-2248,Customer CUS-2248,Consumer,United States,City_45,Georgia,Central,PROD-52953,Furniture,Binders,Binders Product PROD-52953,395.26,2,0.00,299.99,Low
ORD-11576,2022-02-19,2022-02-19,Same Day,CUS-7512,Customer CUS-7512,Consumer,United States,City_50,California,East,PROD-63540,Furniture,Bookcases,Bookcases Product PROD-63540,1839.38,7,0.00,1598.18,Critical
ORD-11577,2022-01-09,2022-01-09,First Class,CUS-7950,Customer CUS-7950,Home Office,United States,City_43,Virginia,East,PROD-88325,Furniture,Accessories,Accessories Product PROD-88325,473.94,2,0.15,399.82,Medium
ORD-11578,2023-11-26,2023-11-26,Standard Class,CUS-5582,Customer CUS-5582,Corporate,United States,City_65,California,South,PROD-74316,Office Supplies,Paper,Paper Product PROD-74316,4914.12,10,0.00,4616.54,High
ORD-11579,2024-09-02,2024-09-02,Same Day,CUS-9413,Customer CUS-9413,Consumer,United States,City_7,New York,South,PROD-98342,Office Supplies,Laptops,Laptops Product PROD-98342,2184.14,7,0.00,1576.67,High
ORD-11580,2023-11-09,2023-11-09,Same Day,CUS-1035,Customer CUS-1035,Home Office,United States,City_69,Virginia,Central,PROD-82653,Office Supplies,Accessories,Accessories Product PROD-82653,2073.52,7,0.00,1549.71,Medium
ORD-11581,2022-09-14,2022-09-14,First Class,CUS-5217,Customer CUS-5217,Consumer,United States,City_71,New York,Central,PROD-84833,Furniture,Copiers,Copiers Product PROD-84833,1009.75,5,0.00,640.61,Medium
ORD-11582,2023-11-28,2023-11-28,First Class,CUS-7949,Customer CUS-7949,Corporate,United States,City_86,Florida,East,PROD-30087,Office Supplies,Chairs,Chairs Product PROD-30087,1762.76,6,0.15,1573.28,Low
ORD-11583,2023-12-26,2023-12-26,First Class,CUS-7789,Customer CUS-7789,Home Office,United States,City_6,Texas,West,PROD-75077,Furniture,Bookcases,Bookcases Product PROD-75077,649.14,4,0.00,603.88,Critical
ORD-11584,2023-05-21,2023-05-21,Second Class,CUS-9733,Customer CUS-9733,Home Office,United States,City_90,Florida,Central,PROD-85934,Furniture,Binders,Binders Product PROD-85934,483.79,3,0.00,408.75,Low
ORD-11585,2023-09-03,2023-09-03,Standard Class,CUS-8319,Customer CUS-8319,Consumer,United States,City_77,California,West,PROD-46516,Technology,Accessories,Accessories Product PROD-46516,2001.20,9,0.20,1635.43,Low
ORD-11586,2024-06-26,2024-06-26,Standard Class,CUS-7751,Customer CUS-7751,Home Office,United States,City_72,New York,East,PROD-42401,Office Supplies,Laptops,Laptops Product PROD-42401,1894.50,8,0.00,1313.18,High
ORD-11587,2022-05-11,2022-05-11,First Class,CUS-7947,Customer CUS-7947,Corporate,United States,City_94,Washington,South,PROD-92974,Technology,Storage,Storage Product PROD-92974,2989.37,9,0.10,1999.90,High
ORD-11588,2023-01-13,2023-01-13,Standard Class,CUS-8366,Customer CUS-8366,Consumer,United States,City_28,Washington,South,PROD-53704,Office Supplies,Copiers,Copiers Product PROD-53704,909.63,6,0.05,760.12,Low
ORD-11589,2023-01-28,2023-01-28,Same Day,CUS-9155,Customer CUS-9155,Consumer,United States,City_88,Ohio,East,PROD-73294,Technology,Binders,Binders Product PROD-73294,228.52,3,0.00,202.31,Medium
ORD-11590,2022-02-17,2022-02-17,Same Day,CUS-1709,Customer CUS-1709,Corporate,United States,City_28,Washington,South,PROD-11342,Technology,Storage,Storage Product PROD-11342,948.94,6,0.15,747.17,Medium
ORD-11591,2024-11-07,2024-11-07,Same Day,CUS-9400,Customer CUS-9400,Corporate,United States,City_76,Texas,South,PROD-11822,Technology,Laptops,Laptops Product PROD-11822,92.93,1,0.05,78.52,Low
ORD-11592,2024-04-12,2024-04-12,Standard Class,CUS-4696,Customer CUS-4696,Corporate,United States,City_12,Virginia,East,PROD-12850,Furniture,Copiers,Copiers Product PROD-12850,1983.01,9,0.00,1431.97,Medium
ORD-11593,2023-02-05,2023-02-05,Same Day,CUS-2739,Customer CUS-2739,Home Office,United States,City_99,Texas,South,PROD-72469,Technology,Phones,Phones Product PROD-72469,856.51,5,0.00,758.49,High
ORD-11594,2024-06-19,2024-06-19,First Class,CUS-7234,Customer CUS-7234,Consumer,United States,City_89,Washington,South,PROD-53989,Office Supplies,Laptops,Laptops Product PROD-53989,31.05,1,0.00,26.45,Critical
ORD-11595,2023-07-26,2023-07-26,Second Class,CUS-6582,Customer CUS-6582,Home Office,United States,City_56,New York,East,PROD-13212,Office Supplies,Binders,Binders Product PROD-13212,2192.09,10,0.00,1838.94,Critical
ORD-11596,2022-01-24,2022-01-24,Same Day,CUS-4016,Customer CUS-4016,Corporate,United States,City_97,Illinois,Central,PROD-38937,Technology,Tables,Tables Product PROD-38937,2896.26,9,0.00,2377.38,Low
ORD-11597,2022-07-20,2022-07-20,First Class,CUS-7620,Customer CUS-7620,Consumer,United States,City_41,Pennsylvania,Central,PROD-81495,Furniture,Tables,Tables Product PROD-81495,1928.02,9,0.00,1425.33,Low
ORD-11598,2024-01-06,2024-01-06,First Class,CUS-5819,Customer CUS-5819,Consumer,United States,City_24,Illinois,South,PROD-76025,Technology,Storage,Storage Product PROD-76025,2672.58,9,0.00,1523.82,Medium
ORD-11599,2023-03-20,2023-03-20,Same Day,CUS-5511,Customer CUS-5511,Corporate,United States,City_29,Illinois,South,PROD-70357,Office Supplies,Phones,Phones Product PROD-70357,1780.65,4,0.00,1298.30,High
ORD-11600,2024-08-23,2024-08-23,Second Class,CUS-5910,Customer CUS-5910,Consumer,United States,City_38,Illinois,South,PROD-13474,Furniture,Laptops,Laptops Product PROD-13474,1429.39,5,0.10,1048.92,Medium
ORD-11601,2023-11-20,2023-11-20,First Class,CUS-4262,Customer CUS-4262,Corporate,United States,City_76,Ohio,West,PROD-14257,Technology,Phones,Phones Product PROD-14257,3310.96,9,0.10,1914.31,Medium
ORD-11602,2023-05-19,2023-05-19,Standard Class,CUS-7151,Customer CUS-7151,Consumer,United States,City_37,California,South,PROD-31014,Furniture,Accessories,Accessories Product PROD-31014,1125.09,6,0.15,766.95,Low
ORD-11603,2022-11-26,2022-11-26,Second Class,CUS-9560,Customer CUS-9560,Consumer,United States,City_38,Georgia,East,PROD-30393,Office Supplies,Copiers,Copiers Product PROD-30393,669.81,7,0.20,472.12,Medium
ORD-11604,2023-08-23,2023-08-23,Second Class,CUS-1436,Customer CUS-1436,Consumer,United States,City_69,Pennsylvania,Central,PROD-66558,Office Supplies,Paper,Paper Product PROD-66558,4164.03,10,0.05,3903.58,Low
ORD-11605,2024-03-18,2024-03-18,Second Class,CUS-8627,Customer CUS-8627,Corporate,United States,City_55,Florida,Central,PROD-55680,Office Supplies,Laptops,Laptops Product PROD-55680,386.32,2,0.15,348.75,Critical
ORD-11606,2024-03-17,2024-03-17,Same Day,CUS-2974,Customer CUS-2974,Corporate,United States,City_81,California,West,PROD-63511,Technology,Binders,Binders Product PROD-63511,647.79,4,0.00,583.66,High
ORD-11607,2022-04-04,2022-04-04,Same Day,CUS-6708,Customer CUS-6708,Corporate,United States,City_8,Ohio,South,PROD-10808,Furniture,Paper,Paper Product PROD-10808,4239.36,10,0.00,3352.34,Critical
ORD-11608,2023-03-17,2023-03-17,First Class,CUS-2656,Customer CUS-2656,Home Office,United States,City_37,Washington,East,PROD-73075,Furniture,Binders,Binders Product PROD-73075,2692.87,9,0.15,2028.15,High
ORD-11609,2023-12-22,2023-12-22,Same Day,CUS-7924,Customer CUS-7924,Home Office,United States,City_74,Ohio,South,PROD-24557,Furniture,Bookcases,Bookcases Product PROD-24557,2222.65,8,0.00,1740.02,Low
ORD-11610,2023-06-17,2023-06-17,First Class,CUS-3660,Customer CUS-3660,Consumer,United States,City_47,California,South,PROD-45012,Office Supplies,Bookcases,Bookcases Product PROD-45012,3346.57,10,0.00,2181.19,High
ORD-11611,2022-03-10,2022-03-10,Standard Class,CUS-5395,Customer CUS-5395,Consumer,United States,City_65,Texas,South,PROD-86511,Office Supplies,Phones,Phones Product PROD-86511,533.65,3,0.00,318.00,Low
ORD-11612,2024-05-15,2024-05-15,Second Class,CUS-9199,Customer CUS-9199,Home Office,United States,City_3,Georgia,West,PROD-50308,Technology,Phones,Phones Product PROD-50308,1183.92,7,0.00,921.99,Medium
ORD-11613,2024-11-02,2024-11-02,First Class,CUS-9066,Customer CUS-9066,Consumer,United States,City_76,California,West,PROD-48267,Technology,Chairs,Chairs Product PROD-48267,1079.18,4,0.15,809.94,Low
ORD-11614,2024-04-02,2024-04-02,Same Day,CUS-5361,Customer CUS-5361,Home Office,United States,City_81,California,East,PROD-27687,Office Supplies,Tables,Tables Product PROD-27687,279.07,1,0.00,177.37,Medium
ORD-11615,2023-03-01,2023-03-01,First Class,CUS-5068,Customer CUS-5068,Home Office,United States,City_2,Georgia,West,PROD-96279,Technology,Chairs,Chairs Product PROD-96279,2869.72,9,0.00,2151.65,Medium
ORD-11616,2024-04-07,2024-04-07,Second Class,CUS-4782,Customer CUS-4782,Home Office,United States,City_92,Florida,West,PROD-53675,Office Supplies,Tables,Tables Product PROD-53675,4661.29,10,0.00,3525.50,High
ORD-11617,2022-04-16,2022-04-16,Same Day,CUS-5671,Customer CUS-5671,Consumer,United States,City_22,Illinois,South,PROD-73967,Office Supplies,Accessories,Accessories Product PROD-73967,439.76,7,0.00,377.76,High
ORD-11618,2024-07-13,2024-07-13,Same Day,CUS-9507,Customer CUS-9507,Consumer,United States,City_48,Georgia,East,PROD-19188,Furniture,Tables,Tables Product PROD-19188,732.44,2,0.00,425.45,High
ORD-11619,2023-04-21,2023-04-21,Standard Class,CUS-4941,Customer CUS-4941,Home Office,United States,City_45,California,South,PROD-95260,Office Supplies,Chairs,Chairs Product PROD-95260,1728.17,9,0.15,1131.24,Medium
ORD-11620,2024-05-23,2024-05-23,Second Class,CUS-9262,Customer CUS-9262,Consumer,United States,City_94,New York,South,PROD-16176,Technology,Copiers,Copiers Product PROD-16176,1945.20,8,0.00,1599.57,High
ORD-11621,2023-06-04,2023-06-04,Second Class,CUS-1534,Customer CUS-1534,Corporate,United States,City_82,Virginia,South,PROD-75866,Technology,Copiers,Copiers Product PROD-75866,1632.43,6,0.00,1102.52,Critical
ORD-11622,2022-06-25,2022-06-25,Second Class,CUS-9397,Customer CUS-9397,Consumer,United States,City_67,Pennsylvania,South,PROD-79439,Technology,Chairs,Chairs Product PROD-79439,1604.91,4,0.00,1496.39,Low
ORD-11623,2023-07-01,2023-07-01,Second Class,CUS-7717,Customer CUS-7717,Home Office,United States,City_81,Illinois,West,PROD-96401,Furniture,Accessories,Accessories Product PROD-96401,48.21,1,0.00,29.84,Medium
ORD-11624,2024-06-03,2024-06-03,Second Class,CUS-8622,Customer CUS-8622,Home Office,United States,City_76,California,South,PROD-40432,Technology,Storage,Storage Product PROD-40432,2446.08,10,0.20,1865.72,Low
ORD-11625,2024-04-26,2024-04-26,First Class,CUS-8905,Customer CUS-8905,Home Office,United States,City_75,Georgia,South,PROD-84295,Technology,Laptops,Laptops Product PROD-84295,2563.38,9,0.00,1891.65,Critical
ORD-11626,2022-06-18,2022-06-18,Standard Class,CUS-9672,Customer CUS-9672,Corporate,United States,City_16,Virginia,South,PROD-22533,Furniture,Phones,Phones Product PROD-22533,2685.95,9,0.20,2445.35,Medium
ORD-11627,2024-08-02,2024-08-02,Second Class,CUS-8960,Customer CUS-8960,Home Office,United States,City_52,Ohio,West,PROD-79431,Technology,Accessories,Accessories Product PROD-79431,2526.22,9,0.10,1496.22,Critical
ORD-11628,2024-06-28,2024-06-28,Second Class,CUS-2246,Customer CUS-2246,Consumer,United States,City_46,Virginia,South,PROD-49833,Office Supplies,Accessories,Accessories Product PROD-49833,730.41,3,0.00,415.60,Critical
ORD-11629,2022-11-11,2022-11-11,Second Class,CUS-2230,Customer CUS-2230,Consumer,United States,City_50,New York,Central,PROD-44594,Technology,Tables,Tables Product PROD-44594,847.08,3,0.00,466.46,Critical
ORD-11630,2024-03-13,2024-03-13,Standard Class,CUS-8934,Customer CUS-8934,Corporate,United States,City_52,California,East,PROD-88921,Technology,Storage,Storage Product PROD-88921,103.75,2,0.00,59.30,Medium
ORD-11631,2023-03-25,2023-03-25,Same Day,CUS-3197,Customer CUS-3197,Corporate,United States,City_49,Florida,East,PROD-16046,Furniture,Phones,Phones Product PROD-16046,2884.45,8,0.00,2147.31,Critical
ORD-11632,2023-02-14,2023-02-14,Standard Class,CUS-4247,Customer CUS-4247,Home Office,United States,City_9,Florida,South,PROD-44933,Furniture,Accessories,Accessories Product PROD-44933,3172.55,9,0.00,2049.94,High
ORD-11633,2023-10-04,2023-10-04,Same Day,CUS-2644,Customer CUS-2644,Consumer,United States,City_92,Virginia,South,PROD-48764,Furniture,Storage,Storage Product PROD-48764,2439.39,9,0.00,1709.36,High
ORD-11634,2024-02-23,2024-02-23,Standard Class,CUS-2793,Customer CUS-2793,Home Office,United States,City_27,New York,West,PROD-43465,Technology,Laptops,Laptops Product PROD-43465,143.47,8,0.00,108.48,Critical
ORD-11635,2023-10-23,2023-10-23,Same Day,CUS-3244,Customer CUS-3244,Home Office,United States,City_73,New York,West,PROD-25444,Furniture,Phones,Phones Product PROD-25444,2739.95,10,0.10,1763.66,High
ORD-11636,2022-01-27,2022-01-27,First Class,CUS-3706,Customer CUS-3706,Corporate,United States,City_63,New York,West,PROD-88147,Furniture,Accessories,Accessories Product PROD-88147,485.27,3,0.00,394.78,Low
ORD-11637,2023-06-24,2023-06-24,Same Day,CUS-1101,Customer CUS-1101,Home Office,United States,City_91,Virginia,West,PROD-82266,Technology,Phones,Phones Product PROD-82266,1110.51,9,0.00,1048.21,Critical
ORD-11638,2022-05-12,2022-05-12,First Class,CUS-3383,Customer CUS-3383,Home Office,United States,City_98,Washington,East,PROD-16217,Technology,Accessories,Accessories Product PROD-16217,1730.85,5,0.00,1510.09,High
ORD-11639,2022-08-13,2022-08-13,Standard Class,CUS-3291,Customer CUS-3291,Consumer,United States,City_19,California,Central,PROD-29616,Technology,Copiers,Copiers Product PROD-29616,1334.01,6,0.05,1203.86,Low
ORD-11640,2024-09-05,2024-09-05,Same Day,CUS-3050,Customer CUS-3050,Home Office,United States,City_20,Pennsylvania,West,PROD-39083,Furniture,Storage,Storage Product PROD-39083,241.55,5,0.00,187.55,Low
ORD-11641,2024-11-11,2024-11-11,Second Class,CUS-6332,Customer CUS-6332,Home Office,United States,City_77,California,West,PROD-54436,Technology,Tables,Tables Product PROD-54436,1812.74,5,0.05,1003.70,High
ORD-11642,2024-09-25,2024-09-25,Standard Class,CUS-2866,Customer CUS-2866,Consumer,United States,City_13,Pennsylvania,East,PROD-59260,Technology,Copiers,Copiers Product PROD-59260,190.70,3,0.00,106.63,High
ORD-11643,2022-12-10,2022-12-10,Second Class,CUS-8549,Customer CUS-8549,Corporate,United States,City_92,Illinois,East,PROD-69668,Technology,Paper,Paper Product PROD-69668,273.41,7,0.05,174.23,Low
ORD-11644,2024-04-11,2024-04-11,Second Class,CUS-9366,Customer CUS-9366,Home Office,United States,City_67,California,South,PROD-41899,Technology,Tables,Tables Product PROD-41899,419.90,7,0.10,236.40,Medium
ORD-11645,2024-06-12,2024-06-12,First Class,CUS-1656,Customer CUS-1656,Corporate,United States,City_51,Pennsylvania,West,PROD-33931,Office Supplies,Bookcases,Bookcases Product PROD-33931,262.60,3,0.00,233.59,High
ORD-11646,2024-09-07,2024-09-07,First Class,CUS-6133,Customer CUS-6133,Consumer,United States,City_21,California,West,PROD-18654,Technology,Storage,Storage Product PROD-18654,3101.16,9,0.00,2774.32,Medium
ORD-11647,2023-03-24,2023-03-24,First Class,CUS-1988,Customer CUS-1988,Consumer,United States,City_35,Illinois,East,PROD-48187,Technology,Binders,Binders Product PROD-48187,1882.90,5,0.15,1461.90,High
ORD-11648,2023-11-22,2023-11-22,Second Class,CUS-8757,Customer CUS-8757,Home Office,United States,City_22,Pennsylvania,Central,PROD-59306,Furniture,Storage,Storage Product PROD-59306,3679.46,10,0.05,2081.13,Medium
ORD-11649,2024-01-23,2024-01-23,Standard Class,CUS-2977,Customer CUS-2977,Corporate,United States,City_93,Pennsylvania,West,PROD-88338,Technology,Paper,Paper Product PROD-88338,187.23,4,0.00,108.15,Medium
ORD-11650,2023-12-18,2023-12-18,First Class,CUS-2490,Customer CUS-2490,Home Office,United States,City_54,California,West,PROD-39847,Technology,Storage,Storage Product PROD-39847,293.07,3,0.05,214.86,Medium
ORD-11651,2024-11-11,2024-11-11,Standard Class,CUS-3079,Customer CUS-3079,Home Office,United States,City_2,Pennsylvania,South,PROD-68577,Office Supplies,Accessories,Accessories Product PROD-68577,602.48,2,0.10,403.72,Medium
ORD-11652,2022-01-23,2022-01-23,Second Class,CUS-2337,Customer CUS-2337,Consumer,United States,City_41,Illinois,Central,PROD-22014,Office Supplies,Storage,Storage Product PROD-22014,354.79,1,0.00,287.68,Critical
ORD-11653,2023-06-26,2023-06-26,Second Class,CUS-6046,Customer CUS-6046,Home Office,United States,City_58,Pennsylvania,West,PROD-52301,Office Supplies,Binders,Binders Product PROD-52301,46.37,6,0.00,38.18,Medium
ORD-11654,2024-12-26,2024-12-26,First Class,CUS-1423,Customer CUS-1423,Home Office,United States,City_43,California,Central,PROD-75376,Office Supplies,Chairs,Chairs Product PROD-75376,330.14,3,0.00,231.02,High
ORD-11655,2024-03-04,2024-03-04,First Class,CUS-6240,Customer CUS-6240,Corporate,United States,City_37,California,Central,PROD-93016,Office Supplies,Laptops,Laptops Product PROD-93016,2745.95,7,0.00,2277.55,Medium
ORD-11656,2022-08-21,2022-08-21,Standard Class,CUS-5033,Customer CUS-5033,Consumer,United States,City_71,Pennsylvania,East,PROD-21315,Technology,Binders,Binders Product PROD-21315,113.04,1,0.10,96.28,Critical
ORD-11657,2023-05-08,2023-05-08,Standard Class,CUS-2555,Customer CUS-2555,Corporate,United States,City_23,Ohio,East,PROD-37754,Furniture,Chairs,Chairs Product PROD-37754,277.07,5,0.00,226.54,Medium
ORD-11658,2023-09-02,2023-09-02,Same Day,CUS-2536,Customer CUS-2536,Corporate,United States,City_65,Texas,Central,PROD-56274,Technology,Chairs,Chairs Product PROD-56274,2062.79,10,0.05,1553.51,High
ORD-11659,2024-11-21,2024-11-21,Same Day,CUS-1403,Customer CUS-1403,Consumer,United States,City_36,Florida,West,PROD-54465,Technology,Bookcases,Bookcases Product PROD-54465,412.12,1,0.00,282.90,High
ORD-11660,2024-09-11,2024-09-11,Second Class,CUS-9004,Customer CUS-9004,Consumer,United States,City_73,Georgia,Central,PROD-51026,Furniture,Phones,Phones Product PROD-51026,395.19,4,0.05,222.39,Low
ORD-11661,2024-03-15,2024-03-15,Second Class,CUS-1210,Customer CUS-1210,Corporate,United States,City_10,New York,West,PROD-77752,Furniture,Storage,Storage Product PROD-77752,381.01,6,0.00,310.41,Medium
ORD-11662,2022-10-04,2022-10-04,Second Class,CUS-6258,Customer CUS-6258,Corporate,United States,City_33,Virginia,Central,PROD-19187,Office Supplies,Paper,Paper Product PROD-19187,910.90,10,0.00,576.53,High
ORD-11663,2023-08-22,2023-08-22,Same Day,CUS-5688,Customer CUS-5688,Home Office,United States,City_87,New York,East,PROD-30722,Office Supplies,Copiers,Copiers Product PROD-30722,1320.85,5,0.00,1025.85,Critical
ORD-11664,2022-01-05,2022-01-05,First Class,CUS-3289,Customer CUS-3289,Consumer,United States,City_47,California,East,PROD-83335,Furniture,Paper,Paper Product PROD-83335,29.54,2,0.00,23.74,Critical
ORD-11665,2022-07-23,2022-07-23,First Class,CUS-1197,Customer CUS-1197,Home Office,United States,City_92,Florida,Central,PROD-50996,Technology,Copiers,Copiers Product PROD-50996,261.87,6,0.00,207.57,High
ORD-11666,2024-08-07,2024-08-07,Same Day,CUS-1284,Customer CUS-1284,Consumer,United States,City_63,Texas,West,PROD-31860,Office Supplies,Accessories,Accessories Product PROD-31860,749.09,4,0.00,593.67,Critical
ORD-11667,2022-08-24,2022-08-24,Standard Class,CUS-3564,Customer CUS-3564,Corporate,United States,City_43,Georgia,Central,PROD-93211,Furniture,Chairs,Chairs Product PROD-93211,266.56,7,0.00,207.95,Critical
ORD-11668,2024-11-14,2024-11-14,Standard Class,CUS-7537,Customer CUS-7537,Home Office,United States,City_40,California,East,PROD-47810,Office Supplies,Storage,Storage Product PROD-47810,699.07,5,0.10,662.94,Medium
ORD-11669,2022-08-24,2022-08-24,Second Class,CUS-7970,Customer CUS-7970,Corporate,United States,City_68,Florida,West,PROD-39293,Technology,Copiers,Copiers Product PROD-39293,3963.70,10,0.10,3558.64,Low
ORD-11670,2023-08-13,2023-08-13,First Class,CUS-8901,Customer CUS-8901,Corporate,United States,City_66,Illinois,Central,PROD-53966,Furniture,Phones,Phones Product PROD-53966,2368.60,6,0.15,1820.74,Low
ORD-11671,2024-12-25,2024-12-25,Second Class,CUS-2933,Customer CUS-2933,Consumer,United States,City_76,Texas,East,PROD-62593,Technology,Phones,Phones Product PROD-62593,670.98,2,0.00,575.80,Medium
ORD-11672,2023-02-01,2023-02-01,Same Day,CUS-5554,Customer CUS-5554,Consumer,United States,City_84,New York,East,PROD-78921,Furniture,Accessories,Accessories Product PROD-78921,1519.20,5,0.00,1193.03,Low
ORD-11673,2022-09-23,2022-09-23,Same Day,CUS-4551,Customer CUS-4551,Corporate,United States,City_83,Washington,West,PROD-43615,Technology,Bookcases,Bookcases Product PROD-43615,1682.21,8,0.00,1290.11,Low
ORD-11674,2022-08-02,2022-08-02,First Class,CUS-8286,Customer CUS-8286,Home Office,United States,City_85,Texas,West,PROD-96653,Office Supplies,Tables,Tables Product PROD-96653,888.51,3,0.00,775.69,Medium
ORD-11675,2024-05-06,2024-05-06,First Class,CUS-5988,Customer CUS-5988,Corporate,United States,City_29,Illinois,South,PROD-94202,Office Supplies,Laptops,Laptops Product PROD-94202,259.83,1,0.00,175.98,Low
ORD-11676,2022-03-01,2022-03-01,First Class,CUS-9829,Customer CUS-9829,Consumer,United States,City_22,Texas,Central,PROD-60762,Technology,Phones,Phones Product PROD-60762,728.56,3,0.00,562.41,Low
ORD-11677,2024-02-13,2024-02-13,Standard Class,CUS-4569,Customer CUS-4569,Consumer,United States,City_21,Florida,Central,PROD-47855,Office Supplies,Binders,Binders Product PROD-47855,2366.68,5,0.05,1972.67,High
ORD-11678,2024-11-26,2024-11-26,First Class,CUS-5293,Customer CUS-5293,Consumer,United States,City_63,Ohio,Central,PROD-88973,Technology,Bookcases,Bookcases Product PROD-88973,1534.13,7,0.00,1349.19,Medium
ORD-11679,2023-11-21,2023-11-21,Second Class,CUS-2224,Customer CUS-2224,Home Office,United States,City_10,Washington,South,PROD-84292,Technology,Chairs,Chairs Product PROD-84292,380.83,6,0.00,284.84,High
ORD-11680,2024-07-09,2024-07-09,Standard Class,CUS-2708,Customer CUS-2708,Home Office,United States,City_72,Georgia,West,PROD-87800,Office Supplies,Storage,Storage Product PROD-87800,1376.93,5,0.00,983.34,Critical
ORD-11681,2024-03-02,2024-03-02,Standard Class,CUS-8862,Customer CUS-8862,Corporate,United States,City_50,Florida,Central,PROD-91288,Office Supplies,Chairs,Chairs Product PROD-91288,1648.53,8,0.05,1195.08,Medium
ORD-11682,2024-06-06,2024-06-06,Same Day,CUS-1586,Customer CUS-1586,Corporate,United States,City_75,Florida,East,PROD-44832,Office Supplies,Storage,Storage Product PROD-44832,98.10,2,0.00,73.03,Low
ORD-11683,2024-02-17,2024-02-17,Same Day,CUS-5554,Customer CUS-5554,Consumer,United States,City_23,Texas,Central,PROD-95788,Office Supplies,Phones,Phones Product PROD-95788,709.34,9,0.00,573.11,Critical
ORD-11684,2023-02-21,2023-02-21,Standard Class,CUS-2221,Customer CUS-2221,Home Office,United States,City_10,Texas,South,PROD-20109,Office Supplies,Paper,Paper Product PROD-20109,4358.20,10,0.00,2895.47,High
ORD-11685,2024-06-26,2024-06-26,Standard Class,CUS-8898,Customer CUS-8898,Consumer,United States,City_17,Ohio,East,PROD-51676,Furniture,Laptops,Laptops Product PROD-51676,2063.73,9,0.10,1661.66,High
ORD-11686,2022-05-21,2022-05-21,Standard Class,CUS-8682,Customer CUS-8682,Consumer,United States,City_0,Georgia,South,PROD-54485,Technology,Bookcases,Bookcases Product PROD-54485,1531.64,5,0.00,1315.85,High
ORD-11687,2023-10-25,2023-10-25,Same Day,CUS-3970,Customer CUS-3970,Corporate,United States,City_8,California,East,PROD-98877,Office Supplies,Binders,Binders Product PROD-98877,64.21,1,0.00,44.16,Low
ORD-11688,2022-06-07,2022-06-07,Second Class,CUS-7639,Customer CUS-7639,Consumer,United States,City_7,Texas,South,PROD-69132,Office Supplies,Bookcases,Bookcases Product PROD-69132,783.81,2,0.00,533.08,High
ORD-11689,2024-12-23,2024-12-23,Standard Class,CUS-8181,Customer CUS-8181,Home Office,United States,City_75,Georgia,South,PROD-30865,Technology,Laptops,Laptops Product PROD-30865,1830.61,6,0.00,1555.48,Low
ORD-11690,2022-01-03,2022-01-03,Standard Class,CUS-7709,Customer CUS-7709,Consumer,United States,City_62,Georgia,East,PROD-20547,Technology,Paper,Paper Product PROD-20547,586.87,10,0.00,535.75,Low
ORD-11691,2023-08-25,2023-08-25,First Class,CUS-1967,Customer CUS-1967,Corporate,United States,City_64,Pennsylvania,East,PROD-10458,Furniture,Phones,Phones Product PROD-10458,248.90,1,0.00,178.73,Medium
ORD-11692,2024-09-04,2024-09-04,Same Day,CUS-3141,Customer CUS-3141,Home Office,United States,City_66,California,East,PROD-37215,Technology,Laptops,Laptops Product PROD-37215,2992.07,8,0.00,2826.62,Medium
ORD-11693,2022-05-27,2022-05-27,Second Class,CUS-9421,Customer CUS-9421,Consumer,United States,City_46,New York,Central,PROD-63216,Furniture,Accessories,Accessories Product PROD-63216,510.45,5,0.00,322.13,Low
ORD-11694,2023-02-20,2023-02-20,Standard Class,CUS-1094,Customer CUS-1094,Home Office,United States,City_33,Ohio,Central,PROD-43011,Office Supplies,Paper,Paper Product PROD-43011,387.05,6,0.10,263.46,High
ORD-11695,2024-07-01,2024-07-01,Second Class,CUS-6531,Customer CUS-6531,Consumer,United States,City_51,New York,West,PROD-87888,Technology,Chairs,Chairs Product PROD-87888,1048.28,5,0.00,664.32,High
ORD-11696,2022-01-26,2022-01-26,First Class,CUS-3522,Customer CUS-3522,Corporate,United States,City_51,Ohio,South,PROD-38285,Technology,Copiers,Copiers Product PROD-38285,342.59,1,0.00,301.27,Critical
ORD-11697,2024-01-14,2024-01-14,Second Class,CUS-4255,Customer CUS-4255,Corporate,United States,City_93,Georgia,South,PROD-19692,Technology,Copiers,Copiers Product PROD-19692,123.56,3,0.00,78.66,High
ORD-11698,2023-11-07,2023-11-07,First Class,CUS-5879,Customer CUS-5879,Corporate,United States,City_2,Washington,East,PROD-45918,Furniture,Laptops,Laptops Product PROD-45918,945.61,4,0.00,694.28,Critical
ORD-11699,2024-10-25,2024-10-25,First Class,CUS-9864,Customer CUS-9864,Home Office,United States,City_92,Texas,South,PROD-26846,Furniture,Tables,Tables Product PROD-26846,1341.34,8,0.10,771.03,Low
ORD-11700,2023-07-02,2023-07-02,First Class,CUS-5113,Customer CUS-5113,Corporate,United States,City_75,Georgia,South,PROD-42384,Technology,Binders,Binders Product PROD-42384,257.81,4,0.00,152.62,High
ORD-11701,2023-11-18,2023-11-18,Same Day,CUS-8290,Customer CUS-8290,Corporate,United States,City_36,Washington,South,PROD-25781,Furniture,Paper,Paper Product PROD-25781,331.55,6,0.10,246.29,Critical
ORD-11702,2022-11-15,2022-11-15,First Class,CUS-8860,Customer CUS-8860,Corporate,United States,City_46,Texas,Central,PROD-20172,Technology,Accessories,Accessories Product PROD-20172,735.89,8,0.15,599.98,Critical
ORD-11703,2024-01-10,2024-01-10,Same Day,CUS-5674,Customer CUS-5674,Home Office,United States,City_64,New York,South,PROD-55302,Furniture,Binders,Binders Product PROD-55302,1751.19,9,0.00,1656.88,Low
ORD-11704,2022-06-15,2022-06-15,Standard Class,CUS-6764,Customer CUS-6764,Corporate,United States,City_35,Illinois,South,PROD-34199,Technology,Paper,Paper Product PROD-34199,649.44,10,0.00,424.59,Critical
ORD-11705,2024-02-17,2024-02-17,Standard Class,CUS-1907,Customer CUS-1907,Consumer,United States,City_84,Virginia,Central,PROD-18803,Office Supplies,Binders,Binders Product PROD-18803,579.06,3,0.00,445.97,Medium
ORD-11706,2024-03-23,2024-03-23,Standard Class,CUS-1564,Customer CUS-1564,Corporate,United States,City_84,New York,West,PROD-11188,Technology,Chairs,Chairs Product PROD-11188,1791.71,8,0.00,1299.55,High
ORD-11707,2022-09-12,2022-09-12,Second Class,CUS-5418,Customer CUS-5418,Home Office,United States,City_8,Ohio,West,PROD-40246,Technology,Binders,Binders Product PROD-40246,679.50,3,0.00,511.63,Medium
ORD-11708,2023-11-09,2023-11-09,Second Class,CUS-3959,Customer CUS-3959,Consumer,United States,City_71,New York,West,PROD-75354,Furniture,Storage,Storage Product PROD-75354,834.20,9,0.00,750.71,High
ORD-11709,2024-10-18,2024-10-18,Standard Class,CUS-9679,Customer CUS-9679,Home Office,United States,City_92,California,West,PROD-54272,Office Supplies,Binders,Binders Product PROD-54272,545.85,2,0.00,475.89,Critical
ORD-11710,2023-10-16,2023-10-16,Second Class,CUS-3544,Customer CUS-3544,Home Office,United States,City_24,California,East,PROD-66511,Office Supplies,Bookcases,Bookcases Product PROD-66511,2469.62,6,0.00,1452.56,Critical
ORD-11711,2022-12-26,2022-12-26,Second Class,CUS-4566,Customer CUS-4566,Consumer,United States,City_2,Washington,Central,PROD-20753,Technology,Chairs,Chairs Product PROD-20753,406.71,6,0.00,383.98,Medium
ORD-11712,2023-11-18,2023-11-18,Same Day,CUS-3229,Customer CUS-3229,Corporate,United States,City_62,Ohio,West,PROD-89824,Office Supplies,Accessories,Accessories Product PROD-89824,801.32,2,0.00,610.57,Low
ORD-11713,2023-08-03,2023-08-03,Second Class,CUS-2842,Customer CUS-2842,Corporate,United States,City_79,Ohio,Central,PROD-86673,Office Supplies,Paper,Paper Product PROD-86673,631.57,2,0.00,510.77,High
ORD-11714,2024-02-07,2024-02-07,Second Class,CUS-2183,Customer CUS-2183,Corporate,United States,City_62,Texas,East,PROD-80759,Office Supplies,Accessories,Accessories Product PROD-80759,849.58,4,0.00,606.28,High
ORD-11715,2023-10-15,2023-10-15,Second Class,CUS-4318,Customer CUS-4318,Home Office,United States,City_20,Washington,Central,PROD-75103,Technology,Accessories,Accessories Product PROD-75103,780.42,5,0.00,740.83,High
ORD-11716,2023-05-09,2023-05-09,First Class,CUS-1870,Customer CUS-1870,Corporate,United States,City_73,Florida,East,PROD-13132,Office Supplies,Binders,Binders Product PROD-13132,1943.90,6,0.00,1681.85,Critical
ORD-11717,2023-10-05,2023-10-05,Second Class,CUS-9037,Customer CUS-9037,Corporate,United States,City_59,Illinois,Central,PROD-15271,Furniture,Copiers,Copiers Product PROD-15271,2452.73,7,0.05,1841.53,Medium
ORD-11718,2024-02-28,2024-02-28,Standard Class,CUS-1206,Customer CUS-1206,Consumer,United States,City_91,Washington,Central,PROD-26994,Furniture,Bookcases,Bookcases Product PROD-26994,501.17,9,0.10,281.90,Medium
ORD-11719,2024-06-03,2024-06-03,Standard Class,CUS-2186,Customer CUS-2186,Corporate,United States,City_53,Ohio,East,PROD-31402,Technology,Chairs,Chairs Product PROD-31402,209.16,1,0.00,137.70,High
ORD-11720,2023-05-14,2023-05-14,Standard Class,CUS-7073,Customer CUS-7073,Corporate,United States,City_76,Washington,Central,PROD-65320,Furniture,Phones,Phones Product PROD-65320,1946.40,4,0.00,1450.06,Low
ORD-11721,2022-12-19,2022-12-19,Standard Class,CUS-9029,Customer CUS-9029,Consumer,United States,City_71,Virginia,Central,PROD-27503,Technology,Accessories,Accessories Product PROD-27503,1844.06,7,0.05,1575.39,High
ORD-11722,2023-03-11,2023-03-11,First Class,CUS-1006,Customer CUS-1006,Corporate,United States,City_72,Illinois,West,PROD-82579,Office Supplies,Tables,Tables Product PROD-82579,420.43,1,0.00,236.67,Low
ORD-11723,2022-04-22,2022-04-22,Standard Class,CUS-9775,Customer CUS-9775,Consumer,United States,City_32,Pennsylvania,South,PROD-18589,Furniture,Chairs,Chairs Product PROD-18589,1653.25,6,0.10,1232.69,Medium
ORD-11724,2024-12-01,2024-12-01,Second Class,CUS-8578,Customer CUS-8578,Consumer,United States,City_1,Georgia,South,PROD-32247,Office Supplies,Storage,Storage Product PROD-32247,452.89,4,0.05,326.06,Medium
ORD-11725,2024-09-17,2024-09-17,Second Class,CUS-7267,Customer CUS-7267,Home Office,United States,City_90,Texas,West,PROD-74880,Office Supplies,Binders,Binders Product PROD-74880,2006.14,6,0.05,1675.44,Low
ORD-11726,2023-09-05,2023-09-05,First Class,CUS-4591,Customer CUS-4591,Corporate,United States,City_53,Ohio,Central,PROD-32632,Technology,Paper,Paper Product PROD-32632,4370.52,10,0.00,2923.48,Medium
ORD-11727,2022-02-08,2022-02-08,Second Class,CUS-9818,Customer CUS-9818,Consumer,United States,City_20,Washington,South,PROD-95562,Technology,Storage,Storage Product PROD-95562,2907.20,6,0.00,1600.50,High
ORD-11728,2023-05-04,2023-05-04,Same Day,CUS-4302,Customer CUS-4302,Corporate,United States,City_80,Illinois,West,PROD-34579,Furniture,Binders,Binders Product PROD-34579,1387.63,5,0.20,1223.19,Low
ORD-11729,2024-12-11,2024-12-11,Same Day,CUS-3957,Customer CUS-3957,Home Office,United States,City_72,Georgia,Central,PROD-85527,Office Supplies,Accessories,Accessories Product PROD-85527,478.32,4,0.00,383.47,Low
ORD-11730,2024-02-28,2024-02-28,Second Class,CUS-3349,Customer CUS-3349,Corporate,United States,City_15,Pennsylvania,West,PROD-20473,Furniture,Chairs,Chairs Product PROD-20473,214.77,1,0.10,162.07,Low
ORD-11731,2022-03-28,2022-03-28,Same Day,CUS-8291,Customer CUS-8291,Home Office,United States,City_7,California,East,PROD-47765,Office Supplies,Copiers,Copiers Product PROD-47765,895.01,2,0.00,545.01,Medium
ORD-11732,2023-10-15,2023-10-15,Standard Class,CUS-6594,Customer CUS-6594,Home Office,United States,City_56,Pennsylvania,West,PROD-48791,Technology,Tables,Tables Product PROD-48791,1367.23,7,0.00,1129.84,Low
ORD-11733,2022-08-09,2022-08-09,Same Day,CUS-7542,Customer CUS-7542,Consumer,United States,City_14,Georgia,East,PROD-53505,Technology,Chairs,Chairs Product PROD-53505,387.13,1,0.00,270.54,Critical
ORD-11734,2023-03-12,2023-03-12,Second Class,CUS-8614,Customer CUS-8614,Corporate,United States,City_0,Florida,South,PROD-55099,Technology,Laptops,Laptops Product PROD-55099,3571.07,9,0.00,2363.48,High
ORD-11735,2022-07-21,2022-07-21,First Class,CUS-2990,Customer CUS-2990,Consumer,United States,City_18,Illinois,South,PROD-27311,Office Supplies,Bookcases,Bookcases Product PROD-27311,3878.16,9,0.00,2324.70,Medium
ORD-11736,2024-08-10,2024-08-10,Second Class,CUS-8523,Customer CUS-8523,Corporate,United States,City_60,Pennsylvania,West,PROD-12149,Office Supplies,Storage,Storage Product PROD-12149,468.31,2,0.00,289.44,Low
ORD-11737,2024-03-10,2024-03-10,Same Day,CUS-5769,Customer CUS-5769,Home Office,United States,City_58,Illinois,Central,PROD-66438,Furniture,Phones,Phones Product PROD-66438,298.02,6,0.00,268.46,High
ORD-11738,2022-05-06,2022-05-06,First Class,CUS-2950,Customer CUS-2950,Home Office,United States,City_61,Illinois,East,PROD-33535,Furniture,Copiers,Copiers Product PROD-33535,697.95,2,0.05,465.00,High
ORD-11739,2022-02-08,2022-02-08,Same Day,CUS-9085,Customer CUS-9085,Consumer,United States,City_86,Florida,East,PROD-30755,Technology,Binders,Binders Product PROD-30755,1476.20,5,0.15,980.20,Medium
ORD-11740,2022-01-01,2022-01-01,Second Class,CUS-3575,Customer CUS-3575,Consumer,United States,City_69,Florida,South,PROD-47818,Office Supplies,Tables,Tables Product PROD-47818,2771.61,7,0.05,1840.41,High
ORD-11741,2024-05-15,2024-05-15,First Class,CUS-7794,Customer CUS-7794,Corporate,United States,City_29,California,East,PROD-31563,Furniture,Chairs,Chairs Product PROD-31563,1352.50,5,0.00,1261.23,Critical
ORD-11742,2024-01-15,2024-01-15,Same Day,CUS-9557,Customer CUS-9557,Home Office,United States,City_42,Pennsylvania,South,PROD-30045,Office Supplies,Chairs,Chairs Product PROD-30045,1214.51,10,0.15,681.64,Critical
ORD-11743,2024-06-03,2024-06-03,First Class,CUS-4086,Customer CUS-4086,Corporate,United States,City_2,Ohio,South,PROD-59195,Office Supplies,Binders,Binders Product PROD-59195,1538.70,4,0.00,1202.15,High
ORD-11744,2022-07-03,2022-07-03,Second Class,CUS-3843,Customer CUS-3843,Home Office,United States,City_67,Texas,East,PROD-65344,Technology,Paper,Paper Product PROD-65344,1112.29,4,0.20,699.19,Low
ORD-11745,2022-07-07,2022-07-07,Second Class,CUS-8064,Customer CUS-8064,Home Office,United States,City_18,California,Central,PROD-50682,Office Supplies,Laptops,Laptops Product PROD-50682,802.21,7,0.00,605.73,Medium
ORD-11746,2023-04-05,2023-04-05,Second Class,CUS-7903,Customer CUS-7903,Consumer,United States,City_15,New York,South,PROD-20130,Technology,Storage,Storage Product PROD-20130,2081.44,5,0.00,1522.85,Medium
ORD-11747,2022-03-14,2022-03-14,First Class,CUS-9301,Customer CUS-9301,Home Office,United States,City_90,Washington,East,PROD-26359,Technology,Tables,Tables Product PROD-26359,1446.43,8,0.05,1143.97,High
ORD-11748,2023-09-24,2023-09-24,Second Class,CUS-9592,Customer CUS-9592,Home Office,United States,City_46,Illinois,Central,PROD-73475,Office Supplies,Storage,Storage Product PROD-73475,125.81,8,0.00,113.85,High
ORD-11749,2023-10-19,2023-10-19,Same Day,CUS-8455,Customer CUS-8455,Consumer,United States,City_45,Pennsylvania,West,PROD-26831,Technology,Laptops,Laptops Product PROD-26831,2514.93,7,0.20,1650.91,Medium
ORD-11750,2024-02-24,2024-02-24,Same Day,CUS-5908,Customer CUS-5908,Consumer,United States,City_77,Texas,East,PROD-28759,Technology,Paper,Paper Product PROD-28759,2783.95,6,0.00,2108.92,Critical
ORD-11751,2022-07-08,2022-07-08,Same Day,CUS-4959,Customer CUS-4959,Consumer,United States,City_11,California,East,PROD-15708,Furniture,Chairs,Chairs Product PROD-15708,2588.56,10,0.00,1674.93,Medium
ORD-11752,2024-04-03,2024-04-03,Second Class,CUS-3657,Customer CUS-3657,Consumer,United States,City_29,Georgia,East,PROD-81659,Furniture,Storage,Storage Product PROD-81659,955.15,2,0.00,546.74,Critical
ORD-11753,2023-03-02,2023-03-02,Standard Class,CUS-2154,Customer CUS-2154,Consumer,United States,City_63,New York,Central,PROD-88908,Furniture,Storage,Storage Product PROD-88908,2370.65,7,0.00,1993.75,Low
ORD-11754,2023-12-12,2023-12-12,Standard Class,CUS-2888,Customer CUS-2888,Corporate,United States,City_3,Illinois,Central,PROD-31345,Furniture,Tables,Tables Product PROD-31345,2644.73,9,0.00,2133.42,Critical
ORD-11755,2024-10-13,2024-10-13,Second Class,CUS-3881,Customer CUS-3881,Consumer,United States,City_46,Virginia,South,PROD-58384,Office Supplies,Storage,Storage Product PROD-58384,3321.83,10,0.00,2016.82,Critical
ORD-11756,2023-10-23,2023-10-23,Second Class,CUS-1266,Customer CUS-1266,Consumer,United States,City_85,Virginia,South,PROD-50426,Furniture,Bookcases,Bookcases Product PROD-50426,354.73,2,0.00,335.19,Critical
ORD-11757,2023-02-08,2023-02-08,Same Day,CUS-8394,Customer CUS-8394,Consumer,United States,City_93,Ohio,South,PROD-37039,Office Supplies,Tables,Tables Product PROD-37039,2864.28,9,0.00,2475.48,Critical
ORD-11758,2023-02-24,2023-02-24,Same Day,CUS-3448,Customer CUS-3448,Home Office,United States,City_66,Florida,East,PROD-82194,Furniture,Phones,Phones Product PROD-82194,869.99,3,0.00,724.02,High
ORD-11759,2022-11-14,2022-11-14,First Class,CUS-8143,Customer CUS-8143,Home Office,United States,City_25,Pennsylvania,West,PROD-66400,Furniture,Copiers,Copiers Product PROD-66400,272.79,1,0.00,185.47,High
ORD-11760,2023-03-05,2023-03-05,Second Class,CUS-9787,Customer CUS-9787,Consumer,United States,City_38,Texas,South,PROD-72265,Office Supplies,Chairs,Chairs Product PROD-72265,3095.84,9,0.15,2533.14,Medium
ORD-11761,2024-05-22,2024-05-22,Same Day,CUS-4415,Customer CUS-4415,Home Office,United States,City_8,Florida,West,PROD-30703,Office Supplies,Paper,Paper Product PROD-30703,3156.31,7,0.00,2379.46,Medium
ORD-11762,2022-10-19,2022-10-19,First Class,CUS-4168,Customer CUS-4168,Consumer,United States,City_8,California,East,PROD-99888,Office Supplies,Tables,Tables Product PROD-99888,977.13,8,0.00,571.36,Critical
ORD-11763,2023-12-03,2023-12-03,Second Class,CUS-3762,Customer CUS-3762,Home Office,United States,City_18,Virginia,Central,PROD-31715,Furniture,Storage,Storage Product PROD-31715,406.72,3,0.00,313.21,Critical
ORD-11764,2024-10-01,2024-10-01,Same Day,CUS-1063,Customer CUS-1063,Home Office,United States,City_30,Ohio,East,PROD-61519,Office Supplies,Accessories,Accessories Product PROD-61519,1088.43,3,0.00,716.74,Low
ORD-11765,2023-01-06,2023-01-06,First Class,CUS-4977,Customer CUS-4977,Consumer,United States,City_67,Ohio,West,PROD-35969,Technology,Laptops,Laptops Product PROD-35969,66.94,3,0.00,47.03,Critical
ORD-11766,2022-05-04,2022-05-04,First Class,CUS-7295,Customer CUS-7295,Home Office,United States,City_75,Virginia,West,PROD-13145,Technology,Chairs,Chairs Product PROD-13145,868.86,7,0.00,533.57,Critical
ORD-11767,2022-03-19,2022-03-19,Second Class,CUS-9421,Customer CUS-9421,Consumer,United States,City_63,California,East,PROD-85453,Furniture,Storage,Storage Product PROD-85453,459.87,1,0.00,432.41,Medium
ORD-11768,2024-09-07,2024-09-07,Standard Class,CUS-3415,Customer CUS-3415,Home Office,United States,City_62,Georgia,East,PROD-36553,Technology,Laptops,Laptops Product PROD-36553,530.18,5,0.05,342.39,High
ORD-11769,2024-05-09,2024-05-09,Second Class,CUS-2136,Customer CUS-2136,Corporate,United States,City_43,California,West,PROD-57101,Technology,Paper,Paper Product PROD-57101,1713.50,4,0.00,953.02,Low
ORD-11770,2023-11-18,2023-11-18,Standard Class,CUS-9363,Customer CUS-9363,Consumer,United States,City_15,Illinois,West,PROD-92069,Furniture,Laptops,Laptops Product PROD-92069,3213.45,7,0.00,2382.22,Medium
ORD-11771,2023-12-24,2023-12-24,Second Class,CUS-4192,Customer CUS-4192,Home Office,United States,City_12,Pennsylvania,Central,PROD-27881,Office Supplies,Binders,Binders Product PROD-27881,1789.36,6,0.00,1534.50,High
ORD-11772,2022-01-23,2022-01-23,First Class,CUS-7415,Customer CUS-7415,Consumer,United States,City_68,Illinois,East,PROD-20649,Office Supplies,Tables,Tables Product PROD-20649,2515.38,7,0.00,1800.87,Low
ORD-11773,2024-04-04,2024-04-04,Standard Class,CUS-3940,Customer CUS-3940,Consumer,United States,City_79,Georgia,Central,PROD-26732,Furniture,Copiers,Copiers Product PROD-26732,2054.00,6,0.00,1257.79,Low
ORD-11774,2024-05-26,2024-05-26,First Class,CUS-1201,Customer CUS-1201,Home Office,United States,City_7,Ohio,Central,PROD-50297,Technology,Bookcases,Bookcases Product PROD-50297,403.12,2,0.05,313.21,Medium
ORD-11775,2022-08-08,2022-08-08,Second Class,CUS-5040,Customer CUS-5040,Corporate,United States,City_60,Virginia,West,PROD-74590,Technology,Tables,Tables Product PROD-74590,1494.24,6,0.00,1224.61,Low
ORD-11776,2023-08-03,2023-08-03,Standard Class,CUS-5935,Customer CUS-5935,Consumer,United States,City_89,Ohio,Central,PROD-70065,Technology,Laptops,Laptops Product PROD-70065,3723.46,8,0.00,3144.88,Low
ORD-11777,2024-05-24,2024-05-24,First Class,CUS-6042,Customer CUS-6042,Home Office,United States,City_12,New York,West,PROD-58461,Office Supplies,Chairs,Chairs Product PROD-58461,1905.47,10,0.00,1125.54,High
ORD-11778,2022-05-15,2022-05-15,Standard Class,CUS-2634,Customer CUS-2634,Consumer,United States,City_14,Virginia,East,PROD-58678,Office Supplies,Accessories,Accessories Product PROD-58678,72.99,4,0.00,45.33,High
ORD-11779,2023-01-22,2023-01-22,Second Class,CUS-3879,Customer CUS-3879,Corporate,United States,City_89,Texas,South,PROD-47272,Furniture,Tables,Tables Product PROD-47272,1858.89,5,0.00,1227.93,Critical
ORD-11780,2022-05-26,2022-05-26,Second Class,CUS-5006,Customer CUS-5006,Home Office,United States,City_62,Georgia,South,PROD-74150,Technology,Tables,Tables Product PROD-74150,188.60,4,0.00,112.17,High
ORD-11781,2023-08-13,2023-08-13,First Class,CUS-8791,Customer CUS-8791,Consumer,United States,City_4,Illinois,East,PROD-17116,Furniture,Paper,Paper Product PROD-17116,1405.67,3,0.05,1029.57,Medium
ORD-11782,2022-04-28,2022-04-28,Standard Class,CUS-7275,Customer CUS-7275,Home Office,United States,City_71,New York,East,PROD-12055,Technology,Bookcases,Bookcases Product PROD-12055,2825.89,7,0.00,2201.86,Medium
ORD-11783,2024-11-11,2024-11-11,Same Day,CUS-5152,Customer CUS-5152,Home Office,United States,City_74,Ohio,South,PROD-51289,Technology,Accessories,Accessories Product PROD-51289,1824.62,7,0.00,1445.15,High
ORD-11784,2024-08-12,2024-08-12,First Class,CUS-4918,Customer CUS-4918,Consumer,United States,City_31,New York,South,PROD-46357,Furniture,Copiers,Copiers Product PROD-46357,1044.99,4,0.05,851.46,Medium
ORD-11785,2022-08-07,2022-08-07,First Class,CUS-7168,Customer CUS-7168,Consumer,United States,City_78,Illinois,Central,PROD-14032,Office Supplies,Copiers,Copiers Product PROD-14032,243.15,1,0.05,135.94,Low
ORD-11786,2022-03-15,2022-03-15,Standard Class,CUS-9136,Customer CUS-9136,Home Office,United States,City_54,Texas,West,PROD-33069,Office Supplies,Storage,Storage Product PROD-33069,1300.90,5,0.00,903.50,Low
ORD-11787,2024-07-23,2024-07-23,Standard Class,CUS-8649,Customer CUS-8649,Consumer,United States,City_51,Georgia,Central,PROD-35322,Office Supplies,Binders,Binders Product PROD-35322,247.93,5,0.00,213.51,Medium
ORD-11788,2022-09-24,2022-09-24,Standard Class,CUS-1892,Customer CUS-1892,Corporate,United States,City_21,Washington,South,PROD-47763,Office Supplies,Storage,Storage Product PROD-47763,758.38,4,0.05,571.32,High
ORD-11789,2023-08-02,2023-08-02,Standard Class,CUS-4095,Customer CUS-4095,Consumer,United States,City_1,Georgia,West,PROD-38310,Furniture,Bookcases,Bookcases Product PROD-38310,1036.79,6,0.00,975.29,High
ORD-11790,2023-05-22,2023-05-22,Second Class,CUS-2817,Customer CUS-2817,Consumer,United States,City_19,Washington,West,PROD-92739,Technology,Phones,Phones Product PROD-92739,1596.63,5,0.00,1472.90,Critical
ORD-11791,2023-03-25,2023-03-25,First Class,CUS-2722,Customer CUS-2722,Home Office,United States,City_33,Ohio,East,PROD-89312,Office Supplies,Binders,Binders Product PROD-89312,166.66,6,0.00,138.02,Medium
ORD-11792,2024-10-15,2024-10-15,Standard Class,CUS-4791,Customer CUS-4791,Consumer,United States,City_22,Virginia,South,PROD-36638,Office Supplies,Binders,Binders Product PROD-36638,401.53,8,0.00,374.03,High
ORD-11793,2024-10-02,2024-10-02,Same Day,CUS-9555,Customer CUS-9555,Consumer,United States,City_75,Florida,West,PROD-36690,Technology,Tables,Tables Product PROD-36690,464.75,1,0.00,311.30,Low
ORD-11794,2023-07-11,2023-07-11,Second Class,CUS-7015,Customer CUS-7015,Consumer,United States,City_27,Illinois,West,PROD-93120,Technology,Laptops,Laptops Product PROD-93120,582.79,8,0.00,393.95,Low
ORD-11795,2022-07-25,2022-07-25,Same Day,CUS-2639,Customer CUS-2639,Home Office,United States,City_41,Texas,Central,PROD-55269,Furniture,Paper,Paper Product PROD-55269,56.30,1,0.00,41.03,High
ORD-11796,2024-09-25,2024-09-25,Standard Class,CUS-8172,Customer CUS-8172,Corporate,United States,City_20,Washington,Central,PROD-44541,Office Supplies,Paper,Paper Product PROD-44541,1225.54,6,0.05,726.55,Low
ORD-11797,2024-11-19,2024-11-19,First Class,CUS-2461,Customer CUS-2461,Home Office,United States,City_41,California,South,PROD-66494,Furniture,Copiers,Copiers Product PROD-66494,1084.50,6,0.00,931.96,Medium
ORD-11798,2022-05-19,2022-05-19,Standard Class,CUS-1476,Customer CUS-1476,Corporate,United States,City_96,Washington,South,PROD-74033,Office Supplies,Laptops,Laptops Product PROD-74033,1724.71,7,0.10,1497.79,Low
ORD-11799,2024-06-15,2024-06-15,Second Class,CUS-2380,Customer CUS-2380,Home Office,United States,City_63,Pennsylvania,East,PROD-89934,Furniture,Bookcases,Bookcases Product PROD-89934,4039.26,10,0.00,3117.36,Critical
ORD-11800,2022-01-25,2022-01-25,Same Day,CUS-6219,Customer CUS-6219,Corporate,United States,City_12,Texas,East,PROD-95801,Technology,Accessories,Accessories Product PROD-95801,2355.33,10,0.05,1393.36,High
ORD-11801,2024-11-11,2024-11-11,Standard Class,CUS-3384,Customer CUS-3384,Home Office,United States,City_64,Texas,South,PROD-92188,Office Supplies,Binders,Binders Product PROD-92188,1212.53,3,0.00,728.16,Critical
ORD-11802,2022-09-26,2022-09-26,Same Day,CUS-8683,Customer CUS-8683,Corporate,United States,City_99,Ohio,South,PROD-75843,Office Supplies,Bookcases,Bookcases Product PROD-75843,2773.72,7,0.00,1723.44,Critical
ORD-11803,2022-03-14,2022-03-14,Same Day,CUS-4427,Customer CUS-4427,Consumer,United States,City_67,Pennsylvania,East,PROD-32508,Office Supplies,Paper,Paper Product PROD-32508,1031.62,5,0.05,889.06,Low
ORD-11804,2023-03-06,2023-03-06,Standard Class,CUS-9421,Customer CUS-9421,Consumer,United States,City_68,Washington,East,PROD-72252,Office Supplies,Paper,Paper Product PROD-72252,4548.35,10,0.00,3294.74,Critical
ORD-11805,2024-09-16,2024-09-16,First Class,CUS-8260,Customer CUS-8260,Consumer,United States,City_52,Texas,Central,PROD-30832,Office Supplies,Binders,Binders Product PROD-30832,584.80,8,0.15,357.96,Low
ORD-11806,2024-05-26,2024-05-26,Second Class,CUS-6406,Customer CUS-6406,Consumer,United States,City_33,Washington,East,PROD-70607,Office Supplies,Storage,Storage Product PROD-70607,1341.90,4,0.00,1134.13,Medium
ORD-11807,2022-10-26,2022-10-26,Second Class,CUS-2155,Customer CUS-2155,Corporate,United States,City_7,Virginia,Central,PROD-10163,Technology,Storage,Storage Product PROD-10163,2011.97,9,0.10,1343.73,Critical
ORD-11808,2023-06-08,2023-06-08,First Class,CUS-9596,Customer CUS-9596,Home Office,United States,City_47,Illinois,Central,PROD-98909,Technology,Phones,Phones Product PROD-98909,1557.00,4,0.15,1371.88,Medium
ORD-11809,2022-05-10,2022-05-10,Standard Class,CUS-3973,Customer CUS-3973,Consumer,United States,City_92,California,Central,PROD-75937,Furniture,Chairs,Chairs Product PROD-75937,904.11,2,0.05,539.45,Medium
ORD-11810,2024-02-27,2024-02-27,First Class,CUS-9526,Customer CUS-9526,Consumer,United States,City_74,Texas,East,PROD-69023,Technology,Copiers,Copiers Product PROD-69023,1492.44,7,0.00,1216.82,Medium
ORD-11811,2024-09-11,2024-09-11,Standard Class,CUS-1876,Customer CUS-1876,Home Office,United States,City_73,Texas,Central,PROD-55501,Furniture,Laptops,Laptops Product PROD-55501,676.68,3,0.00,455.03,Low
ORD-11812,2022-06-26,2022-06-26,First Class,CUS-6143,Customer CUS-6143,Corporate,United States,City_88,Texas,South,PROD-59877,Office Supplies,Accessories,Accessories Product PROD-59877,1935.72,6,0.00,1642.84,Critical
ORD-11813,2024-06-18,2024-06-18,Standard Class,CUS-2179,Customer CUS-2179,Consumer,United States,City_19,Illinois,Central,PROD-35116,Office Supplies,Paper,Paper Product PROD-35116,264.20,4,0.10,207.09,High
ORD-11814,2023-12-17,2023-12-17,First Class,CUS-2174,Customer CUS-2174,Corporate,United States,City_93,Pennsylvania,East,PROD-56596,Furniture,Laptops,Laptops Product PROD-56596,822.79,2,0.05,491.82,Critical
ORD-11815,2024-05-04,2024-05-04,Standard Class,CUS-4783,Customer CUS-4783,Home Office,United States,City_1,Ohio,East,PROD-84891,Technology,Binders,Binders Product PROD-84891,389.26,3,0.00,349.42,Critical
ORD-11816,2023-06-26,2023-06-26,First Class,CUS-4787,Customer CUS-4787,Corporate,United States,City_79,Pennsylvania,West,PROD-58368,Office Supplies,Copiers,Copiers Product PROD-58368,362.55,5,0.00,292.78,Medium
ORD-11817,2024-07-08,2024-07-08,First Class,CUS-1993,Customer CUS-1993,Home Office,United States,City_31,Illinois,East,PROD-65551,Technology,Laptops,Laptops Product PROD-65551,326.54,1,0.00,201.56,Medium
ORD-11818,2023-09-04,2023-09-04,Standard Class,CUS-6967,Customer CUS-6967,Home Office,United States,City_47,New York,South,PROD-96898,Office Supplies,Accessories,Accessories Product PROD-96898,1213.10,9,0.00,919.18,Critical
ORD-11819,2023-06-05,2023-06-05,First Class,CUS-7995,Customer CUS-7995,Consumer,United States,City_84,Georgia,South,PROD-93210,Office Supplies,Laptops,Laptops Product PROD-93210,1781.79,5,0.00,1362.50,Critical
ORD-11820,2024-05-09,2024-05-09,Second Class,CUS-3423,Customer CUS-3423,Home Office,United States,City_62,California,South,PROD-24126,Office Supplies,Paper,Paper Product PROD-24126,472.19,8,0.20,403.02,Critical
ORD-11821,2024-12-19,2024-12-19,First Class,CUS-6294,Customer CUS-6294,Corporate,United States,City_86,New York,West,PROD-21950,Furniture,Laptops,Laptops Product PROD-21950,468.65,1,0.00,269.37,Medium
ORD-11822,2024-10-27,2024-10-27,Same Day,CUS-1936,Customer CUS-1936,Corporate,United States,City_58,Georgia,Central,PROD-61730,Furniture,Chairs,Chairs Product PROD-61730,1161.04,4,0.00,1072.10,Medium
ORD-11823,2024-07-05,2024-07-05,Same Day,CUS-3748,Customer CUS-3748,Consumer,United States,City_95,Illinois,East,PROD-45533,Furniture,Tables,Tables Product PROD-45533,216.02,2,0.00,201.20,Critical
ORD-11824,2023-06-16,2023-06-16,Standard Class,CUS-2173,Customer CUS-2173,Consumer,United States,City_60,Florida,Central,PROD-77194,Furniture,Phones,Phones Product PROD-77194,2322.69,5,0.00,1471.75,Critical
ORD-11825,2023-06-20,2023-06-20,First Class,CUS-1974,Customer CUS-1974,Consumer,United States,City_24,Texas,Central,PROD-75642,Technology,Chairs,Chairs Product PROD-75642,1279.39,4,0.00,1114.42,Critical
ORD-11826,2022-12-11,2022-12-11,First Class,CUS-2122,Customer CUS-2122,Consumer,United States,City_69,Washington,South,PROD-89835,Office Supplies,Binders,Binders Product PROD-89835,610.40,4,0.00,398.75,Low
ORD-11827,2023-07-08,2023-07-08,Standard Class,CUS-9852,Customer CUS-9852,Home Office,United States,City_53,Illinois,Central,PROD-60554,Technology,Copiers,Copiers Product PROD-60554,233.70,8,0.00,161.23,High
ORD-11828,2024-05-12,2024-05-12,Second Class,CUS-3624,Customer CUS-3624,Consumer,United States,City_5,Pennsylvania,Central,PROD-53804,Office Supplies,Tables,Tables Product PROD-53804,237.14,1,0.05,203.41,High
ORD-11829,2024-09-03,2024-09-03,Standard Class,CUS-6838,Customer CUS-6838,Consumer,United States,City_53,Illinois,East,PROD-30280,Office Supplies,Storage,Storage Product PROD-30280,55.10,1,0.00,40.35,Medium
ORD-11830,2023-09-15,2023-09-15,Standard Class,CUS-9895,Customer CUS-9895,Consumer,United States,City_72,New York,Central,PROD-55482,Office Supplies,Accessories,Accessories Product PROD-55482,696.00,3,0.00,476.41,High
ORD-11831,2022-07-06,2022-07-06,First Class,CUS-4943,Customer CUS-4943,Consumer,United States,City_65,Florida,East,PROD-99165,Office Supplies,Bookcases,Bookcases Product PROD-99165,2157.16,7,0.00,1987.34,Critical
ORD-11832,2022-03-15,2022-03-15,Same Day,CUS-1339,Customer CUS-1339,Home Office,United States,City_21,Illinois,West,PROD-63996,Furniture,Phones,Phones Product PROD-63996,552.62,7,0.00,311.60,Critical
ORD-11833,2024-02-15,2024-02-15,Second Class,CUS-5648,Customer CUS-5648,Consumer,United States,City_4,California,South,PROD-29170,Technology,Tables,Tables Product PROD-29170,495.81,4,0.00,379.38,Low
ORD-11834,2022-06-11,2022-06-11,Same Day,CUS-9782,Customer CUS-9782,Consumer,United States,City_98,Pennsylvania,East,PROD-35702,Furniture,Laptops,Laptops Product PROD-35702,400.52,1,0.00,259.27,Low
ORD-11835,2022-05-07,2022-05-07,Standard Class,CUS-4921,Customer CUS-4921,Corporate,United States,City_73,Georgia,Central,PROD-86296,Furniture,Binders,Binders Product PROD-86296,4164.16,10,0.00,3034.89,High
ORD-11836,2022-07-20,2022-07-20,Same Day,CUS-9986,Customer CUS-9986,Corporate,United States,City_91,New York,East,PROD-60211,Technology,Copiers,Copiers Product PROD-60211,2669.71,8,0.00,1486.22,Critical
ORD-11837,2024-05-16,2024-05-16,Same Day,CUS-4746,Customer CUS-4746,Consumer,United States,City_73,Florida,South,PROD-88825,Office Supplies,Binders,Binders Product PROD-88825,2039.56,10,0.00,1700.21,Low
ORD-11838,2023-01-04,2023-01-04,Standard Class,CUS-6992,Customer CUS-6992,Home Office,United States,City_57,Illinois,West,PROD-22532,Furniture,Laptops,Laptops Product PROD-22532,742.74,2,0.05,688.38,Critical
ORD-11839,2022-02-14,2022-02-14,Standard Class,CUS-4358,Customer CUS-4358,Corporate,United States,City_77,Illinois,South,PROD-27297,Technology,Phones,Phones Product PROD-27297,531.62,7,0.00,303.14,Medium
ORD-11840,2024-10-27,2024-10-27,Standard Class,CUS-1848,Customer CUS-1848,Corporate,United States,City_32,Texas,West,PROD-18707,Technology,Laptops,Laptops Product PROD-18707,405.97,3,0.00,365.38,Medium
ORD-11841,2022-04-03,2022-04-03,Standard Class,CUS-3659,Customer CUS-3659,Corporate,United States,City_22,Virginia,Central,PROD-44250,Office Supplies,Storage,Storage Product PROD-44250,913.41,3,0.15,651.59,Critical
ORD-11842,2022-01-05,2022-01-05,Second Class,CUS-3408,Customer CUS-3408,Corporate,United States,City_55,Washington,Central,PROD-27653,Furniture,Phones,Phones Product PROD-27653,1127.72,3,0.00,887.23,Critical
ORD-11843,2023-01-05,2023-01-05,First Class,CUS-5794,Customer CUS-5794,Consumer,United States,City_60,Ohio,South,PROD-57801,Technology,Paper,Paper Product PROD-57801,505.59,6,0.00,440.82,High
ORD-11844,2022-03-04,2022-03-04,Same Day,CUS-3827,Customer CUS-3827,Consumer,United States,City_94,Washington,South,PROD-16100,Technology,Storage,Storage Product PROD-16100,421.69,5,0.00,368.98,Critical
ORD-11845,2023-02-12,2023-02-12,Standard Class,CUS-9366,Customer CUS-9366,Corporate,United States,City_92,Florida,Central,PROD-93913,Technology,Accessories,Accessories Product PROD-93913,784.50,3,0.00,441.48,Medium
ORD-11846,2023-04-11,2023-04-11,Second Class,CUS-5070,Customer CUS-5070,Consumer,United States,City_20,Virginia,West,PROD-35042,Office Supplies,Accessories,Accessories Product PROD-35042,3812.69,9,0.00,2449.61,Critical
ORD-11847,2023-09-25,2023-09-25,Second Class,CUS-8115,Customer CUS-8115,Corporate,United States,City_57,Virginia,South,PROD-91699,Technology,Copiers,Copiers Product PROD-91699,951.23,6,0.00,798.95,High
ORD-11848,2022-01-23,2022-01-23,Second Class,CUS-1607,Customer CUS-1607,Home Office,United States,City_71,Virginia,Central,PROD-42180,Technology,Bookcases,Bookcases Product PROD-42180,4525.03,10,0.00,4273.23,Medium
ORD-11849,2022-04-24,2022-04-24,Standard Class,CUS-7782,Customer CUS-7782,Consumer,United States,City_48,Illinois,Central,PROD-25339,Technology,Laptops,Laptops Product PROD-25339,90.84,4,0.20,63.91,High
ORD-11850,2022-03-07,2022-03-07,Same Day,CUS-6279,Customer CUS-6279,Consumer,United States,City_49,Washington,East,PROD-96639,Furniture,Copiers,Copiers Product PROD-96639,1247.96,3,0.00,923.70,Low
ORD-11851,2024-10-15,2024-10-15,Second Class,CUS-7051,Customer CUS-7051,Consumer,United States,City_54,Virginia,West,PROD-56199,Furniture,Paper,Paper Product PROD-56199,1743.23,6,0.00,1341.37,Medium
ORD-11852,2024-09-27,2024-09-27,Same Day,CUS-9310,Customer CUS-9310,Home Office,United States,City_16,California,Central,PROD-43252,Furniture,Tables,Tables Product PROD-43252,772.04,4,0.00,604.57,High
ORD-11853,2024-11-08,2024-11-08,Standard Class,CUS-8118,Customer CUS-8118,Consumer,United States,City_6,Illinois,Central,PROD-23206,Office Supplies,Phones,Phones Product PROD-23206,2821.20,9,0.00,1553.92,Medium
ORD-11854,2024-09-18,2024-09-18,Standard Class,CUS-9798,Customer CUS-9798,Home Office,United States,City_74,Illinois,East,PROD-80818,Office Supplies,Paper,Paper Product PROD-80818,1897.88,5,0.00,1186.75,Critical
ORD-11855,2024-03-01,2024-03-01,Same Day,CUS-2612,Customer CUS-2612,Consumer,United States,City_96,Virginia,South,PROD-12361,Office Supplies,Accessories,Accessories Product PROD-12361,311.30,1,0.10,187.30,Critical
ORD-11856,2024-11-19,2024-11-19,Same Day,CUS-4925,Customer CUS-4925,Home Office,United States,City_85,Virginia,South,PROD-98822,Technology,Binders,Binders Product PROD-98822,1762.96,10,0.05,1100.24,Low
ORD-11857,2024-05-06,2024-05-06,Standard Class,CUS-3111,Customer CUS-3111,Home Office,United States,City_36,Texas,Central,PROD-27824,Furniture,Tables,Tables Product PROD-27824,124.19,1,0.00,74.41,Low
ORD-11858,2023-02-03,2023-02-03,Same Day,CUS-1638,Customer CUS-1638,Corporate,United States,City_59,Virginia,East,PROD-41143,Technology,Accessories,Accessories Product PROD-41143,786.77,3,0.00,497.42,High
ORD-11859,2024-02-01,2024-02-01,First Class,CUS-2968,Customer CUS-2968,Consumer,United States,City_25,Texas,Central,PROD-47618,Furniture,Binders,Binders Product PROD-47618,214.27,1,0.10,164.97,Medium
ORD-11860,2024-03-27,2024-03-27,Standard Class,CUS-3535,Customer CUS-3535,Consumer,United States,City_48,Washington,Central,PROD-95476,Office Supplies,Accessories,Accessories Product PROD-95476,3136.47,7,0.00,2469.59,High
ORD-11861,2023-11-25,2023-11-25,Second Class,CUS-3792,Customer CUS-3792,Consumer,United States,City_24,Illinois,Central,PROD-20320,Office Supplies,Storage,Storage Product PROD-20320,40.84,1,0.10,38.50,Medium
ORD-11862,2022-01-23,2022-01-23,First Class,CUS-7647,Customer CUS-7647,Corporate,United States,City_96,Illinois,West,PROD-33298,Office Supplies,Storage,Storage Product PROD-33298,3204.09,8,0.10,2417.85,Medium
ORD-11863,2022-08-17,2022-08-17,Standard Class,CUS-7359,Customer CUS-7359,Corporate,United States,City_7,Ohio,West,PROD-92400,Office Supplies,Binders,Binders Product PROD-92400,411.57,1,0.00,345.35,High
ORD-11864,2022-03-14,2022-03-14,First Class,CUS-7649,Customer CUS-7649,Home Office,United States,City_49,Washington,Central,PROD-43461,Technology,Storage,Storage Product PROD-43461,1886.94,6,0.00,1088.38,Critical
ORD-11865,2022-06-25,2022-06-25,Same Day,CUS-8037,Customer CUS-8037,Home Office,United States,City_70,Georgia,Central,PROD-33844,Furniture,Phones,Phones Product PROD-33844,2156.46,6,0.00,1411.45,Low
ORD-11866,2022-12-21,2022-12-21,First Class,CUS-1921,Customer CUS-1921,Home Office,United States,City_41,Pennsylvania,West,PROD-92862,Office Supplies,Accessories,Accessories Product PROD-92862,188.46,2,0.00,111.63,Low
ORD-11867,2024-10-23,2024-10-23,Second Class,CUS-1632,Customer CUS-1632,Consumer,United States,City_41,Pennsylvania,South,PROD-95438,Office Supplies,Laptops,Laptops Product PROD-95438,1069.88,3,0.15,589.92,Medium
ORD-11868,2022-10-22,2022-10-22,Standard Class,CUS-7095,Customer CUS-7095,Corporate,United States,City_45,Georgia,Central,PROD-58884,Office Supplies,Bookcases,Bookcases Product PROD-58884,1853.44,5,0.00,1095.52,Low
ORD-11869,2023-05-15,2023-05-15,Second Class,CUS-5199,Customer CUS-5199,Consumer,United States,City_46,Pennsylvania,South,PROD-44449,Office Supplies,Accessories,Accessories Product PROD-44449,1006.28,4,0.00,582.57,High
ORD-11870,2024-06-06,2024-06-06,Standard Class,CUS-7587,Customer CUS-7587,Corporate,United States,City_73,California,East,PROD-30225,Technology,Accessories,Accessories Product PROD-30225,2234.38,8,0.05,2107.38,Critical
ORD-11871,2022-01-10,2022-01-10,Standard Class,CUS-7506,Customer CUS-7506,Corporate,United States,City_29,California,East,PROD-39288,Technology,Paper,Paper Product PROD-39288,334.26,1,0.00,258.04,High
ORD-11872,2024-12-13,2024-12-13,Standard Class,CUS-7082,Customer CUS-7082,Consumer,United States,City_43,Florida,South,PROD-30673,Furniture,Bookcases,Bookcases Product PROD-30673,1057.99,5,0.20,765.97,High
ORD-11873,2024-01-24,2024-01-24,Standard Class,CUS-2429,Customer CUS-2429,Consumer,United States,City_7,California,Central,PROD-22343,Office Supplies,Copiers,Copiers Product PROD-22343,3336.03,10,0.10,2984.75,Critical
ORD-11874,2023-01-10,2023-01-10,Same Day,CUS-6122,Customer CUS-6122,Corporate,United States,City_44,New York,South,PROD-47888,Furniture,Chairs,Chairs Product PROD-47888,569.94,2,0.00,527.96,Critical
ORD-11875,2023-12-24,2023-12-24,First Class,CUS-9922,Customer CUS-9922,Corporate,United States,City_3,Virginia,East,PROD-88923,Office Supplies,Phones,Phones Product PROD-88923,1650.84,4,0.00,1160.23,High
ORD-11876,2024-10-03,2024-10-03,Same Day,CUS-5482,Customer CUS-5482,Corporate,United States,City_24,Pennsylvania,East,PROD-61631,Furniture,Paper,Paper Product PROD-61631,246.63,1,0.05,208.09,Low
ORD-11877,2024-02-06,2024-02-06,Second Class,CUS-1508,Customer CUS-1508,Corporate,United States,City_39,Florida,East,PROD-81969,Office Supplies,Paper,Paper Product PROD-81969,2207.94,8,0.15,1928.18,Medium
ORD-11878,2023-05-19,2023-05-19,Second Class,CUS-3044,Customer CUS-3044,Corporate,United States,City_29,Texas,East,PROD-10997,Technology,Accessories,Accessories Product PROD-10997,749.55,8,0.00,518.15,High
ORD-11879,2023-10-26,2023-10-26,Same Day,CUS-7284,Customer CUS-7284,Home Office,United States,City_86,Florida,West,PROD-82790,Technology,Paper,Paper Product PROD-82790,928.72,3,0.00,626.18,Low
ORD-11880,2024-12-10,2024-12-10,Standard Class,CUS-4074,Customer CUS-4074,Consumer,United States,City_34,New York,East,PROD-82737,Furniture,Binders,Binders Product PROD-82737,379.51,4,0.00,254.49,Low
ORD-11881,2022-02-02,2022-02-02,First Class,CUS-8683,Customer CUS-8683,Consumer,United States,City_43,California,Central,PROD-95499,Furniture,Binders,Binders Product PROD-95499,1229.06,7,0.00,1030.04,Medium
ORD-11882,2023-10-22,2023-10-22,Same Day,CUS-6057,Customer CUS-6057,Home Office,United States,City_72,Georgia,East,PROD-41389,Technology,Accessories,Accessories Product PROD-41389,1088.42,7,0.00,805.78,Critical
ORD-11883,2022-07-09,2022-07-09,Second Class,CUS-3339,Customer CUS-3339,Home Office,United States,City_99,Virginia,East,PROD-15380,Office Supplies,Chairs,Chairs Product PROD-15380,1111.14,5,0.00,1030.12,Medium
ORD-11884,2024-11-05,2024-11-05,Same Day,CUS-5482,Customer CUS-5482,Home Office,United States,City_15,California,East,PROD-51173,Furniture,Storage,Storage Product PROD-51173,753.01,7,0.00,674.59,Medium
ORD-11885,2023-07-13,2023-07-13,First Class,CUS-5627,Customer CUS-5627,Consumer,United States,City_97,Virginia,Central,PROD-23530,Office Supplies,Phones,Phones Product PROD-23530,3430.89,9,0.00,2596.35,High
ORD-11886,2024-05-24,2024-05-24,Second Class,CUS-3557,Customer CUS-3557,Corporate,United States,City_45,Georgia,Central,PROD-78652,Office Supplies,Accessories,Accessories Product PROD-78652,600.20,4,0.00,534.56,Critical
ORD-11887,2022-01-23,2022-01-23,First Class,CUS-9705,Customer CUS-9705,Consumer,United States,City_74,Georgia,South,PROD-95688,Furniture,Tables,Tables Product PROD-95688,2489.34,7,0.00,1911.44,Low
ORD-11888,2023-01-18,2023-01-18,Same Day,CUS-4447,Customer CUS-4447,Consumer,United States,City_1,Ohio,Central,PROD-70777,Furniture,Chairs,Chairs Product PROD-70777,2767.10,9,0.00,2628.58,Medium
ORD-11889,2022-01-01,2022-01-01,Same Day,CUS-9842,Customer CUS-9842,Corporate,United States,City_42,Pennsylvania,East,PROD-78403,Technology,Accessories,Accessories Product PROD-78403,464.38,4,0.15,420.50,Low
ORD-11890,2022-02-03,2022-02-03,First Class,CUS-7991,Customer CUS-7991,Corporate,United States,City_12,Pennsylvania,East,PROD-41205,Furniture,Chairs,Chairs Product PROD-41205,2116.06,6,0.00,1656.72,High
ORD-11891,2023-01-02,2023-01-02,Standard Class,CUS-8275,Customer CUS-8275,Consumer,United States,City_42,California,Central,PROD-40233,Technology,Bookcases,Bookcases Product PROD-40233,798.80,7,0.05,644.62,Critical
ORD-11892,2023-03-03,2023-03-03,Second Class,CUS-4807,Customer CUS-4807,Home Office,United States,City_88,Virginia,West,PROD-44848,Furniture,Laptops,Laptops Product PROD-44848,2465.86,9,0.00,1365.61,High
ORD-11893,2024-04-03,2024-04-03,Same Day,CUS-4882,Customer CUS-4882,Consumer,United States,City_58,New York,West,PROD-42528,Office Supplies,Chairs,Chairs Product PROD-42528,4624.63,10,0.00,2695.07,Medium
ORD-11894,2024-11-06,2024-11-06,Second Class,CUS-6367,Customer CUS-6367,Corporate,United States,City_49,Florida,South,PROD-69279,Furniture,Bookcases,Bookcases Product PROD-69279,2711.48,7,0.05,2354.59,High
ORD-11895,2022-01-10,2022-01-10,First Class,CUS-7152,Customer CUS-7152,Home Office,United States,City_92,Washington,South,PROD-47887,Office Supplies,Laptops,Laptops Product PROD-47887,1113.02,4,0.00,710.77,Critical
ORD-11896,2024-08-12,2024-08-12,First Class,CUS-1676,Customer CUS-1676,Home Office,United States,City_24,Ohio,South,PROD-98138,Furniture,Chairs,Chairs Product PROD-98138,488.45,2,0.10,341.46,Low
ORD-11897,2023-04-27,2023-04-27,Standard Class,CUS-4462,Customer CUS-4462,Home Office,United States,City_35,Ohio,West,PROD-77559,Office Supplies,Accessories,Accessories Product PROD-77559,2379.62,8,0.00,1508.30,Low
ORD-11898,2024-02-13,2024-02-13,Same Day,CUS-4817,Customer CUS-4817,Home Office,United States,City_41,Washington,West,PROD-30724,Office Supplies,Tables,Tables Product PROD-30724,1023.54,8,0.00,900.52,Medium
ORD-11899,2024-08-22,2024-08-22,Same Day,CUS-5674,Customer CUS-5674,Corporate,United States,City_16,Texas,East,PROD-84388,Furniture,Copiers,Copiers Product PROD-84388,1807.08,6,0.05,1003.44,High
ORD-11900,2022-12-27,2022-12-27,Second Class,CUS-2743,Customer CUS-2743,Home Office,United States,City_98,Virginia,South,PROD-53668,Office Supplies,Copiers,Copiers Product PROD-53668,699.23,4,0.00,656.36,Medium
ORD-11901,2024-07-12,2024-07-12,First Class,CUS-3240,Customer CUS-3240,Corporate,United States,City_1,Georgia,East,PROD-82284,Office Supplies,Tables,Tables Product PROD-82284,397.99,1,0.00,345.76,Medium
ORD-11902,2024-07-07,2024-07-07,Second Class,CUS-7541,Customer CUS-7541,Corporate,United States,City_87,New York,South,PROD-12514,Technology,Phones,Phones Product PROD-12514,2375.34,8,0.00,1911.93,Medium
ORD-11903,2024-01-08,2024-01-08,Standard Class,CUS-1703,Customer CUS-1703,Corporate,United States,City_67,New York,East,PROD-30425,Office Supplies,Copiers,Copiers Product PROD-30425,2078.80,10,0.00,1678.19,Critical
ORD-11904,2023-01-22,2023-01-22,Same Day,CUS-8209,Customer CUS-8209,Corporate,United States,City_84,Washington,East,PROD-36002,Technology,Copiers,Copiers Product PROD-36002,968.93,10,0.00,722.22,Medium
ORD-11905,2024-10-27,2024-10-27,Same Day,CUS-2553,Customer CUS-2553,Home Office,United States,City_33,California,East,PROD-95725,Office Supplies,Phones,Phones Product PROD-95725,1619.72,4,0.05,1371.47,High
ORD-11906,2023-03-15,2023-03-15,Second Class,CUS-8282,Customer CUS-8282,Consumer,United States,City_69,Ohio,West,PROD-39313,Technology,Bookcases,Bookcases Product PROD-39313,55.39,1,0.00,48.99,Low
ORD-11907,2024-07-11,2024-07-11,First Class,CUS-4022,Customer CUS-4022,Home Office,United States,City_63,Pennsylvania,Central,PROD-46874,Furniture,Accessories,Accessories Product PROD-46874,2987.82,10,0.05,1720.50,Critical
ORD-11908,2023-04-19,2023-04-19,First Class,CUS-9888,Customer CUS-9888,Corporate,United States,City_36,New York,South,PROD-98323,Office Supplies,Paper,Paper Product PROD-98323,1571.59,8,0.00,1312.82,Low
ORD-11909,2023-06-19,2023-06-19,Standard Class,CUS-1569,Customer CUS-1569,Corporate,United States,City_27,New York,East,PROD-14276,Technology,Laptops,Laptops Product PROD-14276,1338.50,7,0.05,738.55,Low
ORD-11910,2024-08-13,2024-08-13,Second Class,CUS-4824,Customer CUS-4824,Corporate,United States,City_21,California,East,PROD-46927,Office Supplies,Phones,Phones Product PROD-46927,1711.66,10,0.05,1010.20,Medium
ORD-11911,2024-08-19,2024-08-19,Same Day,CUS-7253,Customer CUS-7253,Home Office,United States,City_94,Illinois,West,PROD-76586,Technology,Chairs,Chairs Product PROD-76586,2665.98,6,0.10,1816.08,Medium
ORD-11912,2022-12-18,2022-12-18,Standard Class,CUS-1264,Customer CUS-1264,Corporate,United States,City_10,Virginia,South,PROD-84645,Technology,Laptops,Laptops Product PROD-84645,2368.97,7,0.05,1728.37,High
ORD-11913,2023-05-13,2023-05-13,First Class,CUS-2835,Customer CUS-2835,Consumer,United States,City_17,Ohio,East,PROD-13708,Technology,Tables,Tables Product PROD-13708,110.03,4,0.00,97.17,Low
ORD-11914,2022-03-06,2022-03-06,Standard Class,CUS-1196,Customer CUS-1196,Consumer,United States,City_13,Pennsylvania,South,PROD-93021,Technology,Chairs,Chairs Product PROD-93021,1097.81,5,0.10,693.31,Low
ORD-11915,2022-05-12,2022-05-12,Second Class,CUS-4927,Customer CUS-4927,Home Office,United States,City_97,Ohio,South,PROD-20505,Furniture,Phones,Phones Product PROD-20505,1273.75,3,0.00,914.52,Critical
ORD-11916,2022-08-28,2022-08-28,First Class,CUS-9214,Customer CUS-9214,Home Office,United States,City_96,Illinois,West,PROD-87281,Furniture,Bookcases,Bookcases Product PROD-87281,4277.94,10,0.00,3694.42,Medium
ORD-11917,2023-08-09,2023-08-09,First Class,CUS-4655,Customer CUS-4655,Home Office,United States,City_60,Pennsylvania,Central,PROD-82725,Technology,Tables,Tables Product PROD-82725,367.69,1,0.00,334.06,Medium
ORD-11918,2023-11-07,2023-11-07,Second Class,CUS-1787,Customer CUS-1787,Consumer,United States,City_92,New York,East,PROD-98257,Office Supplies,Chairs,Chairs Product PROD-98257,1186.67,5,0.05,998.52,Low
ORD-11919,2022-08-20,2022-08-20,Second Class,CUS-5489,Customer CUS-5489,Home Office,United States,City_87,Washington,Central,PROD-48980,Furniture,Storage,Storage Product PROD-48980,1402.53,10,0.00,1155.17,High
ORD-11920,2022-12-14,2022-12-14,Standard Class,CUS-5123,Customer CUS-5123,Consumer,United States,City_60,Virginia,Central,PROD-42014,Furniture,Binders,Binders Product PROD-42014,773.99,6,0.00,539.67,High
ORD-11921,2024-04-13,2024-04-13,Standard Class,CUS-8843,Customer CUS-8843,Home Office,United States,City_98,Ohio,East,PROD-26028,Furniture,Binders,Binders Product PROD-26028,1115.78,5,0.00,960.89,High
ORD-11922,2023-12-05,2023-12-05,First Class,CUS-5807,Customer CUS-5807,Consumer,United States,City_30,New York,West,PROD-75987,Furniture,Phones,Phones Product PROD-75987,2633.30,7,0.00,1565.72,Critical
ORD-11923,2023-12-22,2023-12-22,Standard Class,CUS-9490,Customer CUS-9490,Corporate,United States,City_85,Illinois,East,PROD-13881,Technology,Tables,Tables Product PROD-13881,383.75,7,0.05,249.71,High
ORD-11924,2022-06-28,2022-06-28,Same Day,CUS-7525,Customer CUS-7525,Home Office,United States,City_97,Illinois,Central,PROD-50684,Furniture,Copiers,Copiers Product PROD-50684,1975.06,8,0.00,1807.40,High
ORD-11925,2022-06-15,2022-06-15,First Class,CUS-5914,Customer CUS-5914,Corporate,United States,City_9,Texas,Central,PROD-87955,Furniture,Copiers,Copiers Product PROD-87955,956.47,2,0.00,727.50,Critical
ORD-11926,2022-04-25,2022-04-25,Same Day,CUS-4006,Customer CUS-4006,Home Office,United States,City_12,California,West,PROD-27207,Technology,Phones,Phones Product PROD-27207,801.98,3,0.00,636.46,Low
ORD-11927,2022-03-04,2022-03-04,Same Day,CUS-9948,Customer CUS-9948,Home Office,United States,City_25,California,South,PROD-66311,Office Supplies,Binders,Binders Product PROD-66311,3969.87,8,0.00,2482.89,Critical
ORD-11928,2024-02-27,2024-02-27,First Class,CUS-2196,Customer CUS-2196,Consumer,United States,City_70,Illinois,Central,PROD-37047,Office Supplies,Bookcases,Bookcases Product PROD-37047,345.20,5,0.05,303.17,Low
ORD-11929,2024-09-08,2024-09-08,Second Class,CUS-9169,Customer CUS-9169,Corporate,United States,City_20,Pennsylvania,Central,PROD-82483,Office Supplies,Chairs,Chairs Product PROD-82483,3864.99,8,0.00,3360.51,High
ORD-11930,2023-11-08,2023-11-08,First Class,CUS-6166,Customer CUS-6166,Home Office,United States,City_20,New York,South,PROD-99845,Office Supplies,Storage,Storage Product PROD-99845,2091.95,8,0.00,1771.47,Low
ORD-11931,2022-05-07,2022-05-07,Standard Class,CUS-1207,Customer CUS-1207,Corporate,United States,City_48,Ohio,Central,PROD-89219,Furniture,Laptops,Laptops Product PROD-89219,1167.45,5,0.00,770.09,Critical
ORD-11932,2024-01-06,2024-01-06,Standard Class,CUS-2799,Customer CUS-2799,Home Office,United States,City_98,Virginia,West,PROD-31283,Office Supplies,Copiers,Copiers Product PROD-31283,253.48,4,0.00,156.79,Low
ORD-11933,2023-10-18,2023-10-18,Second Class,CUS-5576,Customer CUS-5576,Home Office,United States,City_45,Virginia,West,PROD-87127,Technology,Copiers,Copiers Product PROD-87127,1263.23,9,0.00,1115.28,Medium
ORD-11934,2024-09-09,2024-09-09,Standard Class,CUS-5702,Customer CUS-5702,Corporate,United States,City_39,Virginia,Central,PROD-97608,Technology,Binders,Binders Product PROD-97608,2553.80,6,0.00,2370.90,Low
ORD-11935,2024-11-18,2024-11-18,Second Class,CUS-5342,Customer CUS-5342,Consumer,United States,City_64,Illinois,West,PROD-30699,Technology,Tables,Tables Product PROD-30699,369.41,1,0.10,320.04,Critical
ORD-11936,2023-04-07,2023-04-07,Same Day,CUS-2869,Customer CUS-2869,Corporate,United States,City_68,Ohio,East,PROD-16998,Office Supplies,Chairs,Chairs Product PROD-16998,3042.06,10,0.00,2651.43,Critical
ORD-11937,2023-10-15,2023-10-15,Standard Class,CUS-7621,Customer CUS-7621,Home Office,United States,City_69,Ohio,South,PROD-60983,Furniture,Bookcases,Bookcases Product PROD-60983,3777.09,10,0.10,2484.76,Critical
ORD-11938,2022-08-13,2022-08-13,Same Day,CUS-5625,Customer CUS-5625,Corporate,United States,City_32,Florida,East,PROD-43008,Technology,Phones,Phones Product PROD-43008,574.61,9,0.00,484.66,Low
ORD-11939,2022-09-26,2022-09-26,First Class,CUS-5395,Customer CUS-5395,Corporate,United States,City_19,Florida,West,PROD-17233,Office Supplies,Accessories,Accessories Product PROD-17233,389.06,2,0.00,223.52,Medium
ORD-11940,2022-09-18,2022-09-18,Same Day,CUS-9840,Customer CUS-9840,Home Office,United States,City_98,Georgia,East,PROD-61743,Furniture,Copiers,Copiers Product PROD-61743,1697.48,10,0.00,1598.39,Critical
ORD-11941,2024-08-02,2024-08-02,Standard Class,CUS-2267,Customer CUS-2267,Home Office,United States,City_27,Illinois,West,PROD-92995,Furniture,Tables,Tables Product PROD-92995,33.71,1,0.00,28.57,Critical
ORD-11942,2022-09-27,2022-09-27,Same Day,CUS-5664,Customer CUS-5664,Corporate,United States,City_8,Florida,South,PROD-37767,Furniture,Paper,Paper Product PROD-37767,449.45,1,0.10,280.73,Low
ORD-11943,2022-01-10,2022-01-10,Second Class,CUS-3286,Customer CUS-3286,Home Office,United States,City_89,Illinois,South,PROD-15670,Technology,Binders,Binders Product PROD-15670,1180.35,3,0.00,764.99,High
ORD-11944,2022-11-19,2022-11-19,Same Day,CUS-9587,Customer CUS-9587,Consumer,United States,City_68,Virginia,East,PROD-62563,Technology,Phones,Phones Product PROD-62563,841.63,7,0.00,792.55,High
ORD-11945,2024-09-13,2024-09-13,First Class,CUS-5693,Customer CUS-5693,Consumer,United States,City_26,Ohio,South,PROD-96137,Office Supplies,Chairs,Chairs Product PROD-96137,866.02,2,0.00,754.79,High
ORD-11946,2022-11-12,2022-11-12,Same Day,CUS-9854,Customer CUS-9854,Consumer,United States,City_95,Pennsylvania,West,PROD-43614,Furniture,Storage,Storage Product PROD-43614,153.87,1,0.00,88.43,Critical
ORD-11947,2024-02-02,2024-02-02,Standard Class,CUS-1254,Customer CUS-1254,Home Office,United States,City_48,California,Central,PROD-61784,Technology,Accessories,Accessories Product PROD-61784,2938.54,7,0.00,2370.42,High
ORD-11948,2023-10-19,2023-10-19,Standard Class,CUS-1261,Customer CUS-1261,Home Office,United States,City_23,New York,East,PROD-70718,Technology,Storage,Storage Product PROD-70718,1065.17,7,0.00,732.65,Medium
ORD-11949,2022-01-24,2022-01-24,First Class,CUS-4580,Customer CUS-4580,Consumer,United States,City_85,New York,East,PROD-56696,Furniture,Binders,Binders Product PROD-56696,491.59,2,0.00,354.05,High
ORD-11950,2023-04-27,2023-04-27,Second Class,CUS-6730,Customer CUS-6730,Home Office,United States,City_36,Texas,South,PROD-44850,Furniture,Copiers,Copiers Product PROD-44850,1644.92,5,0.00,1359.17,Low
ORD-11951,2023-12-03,2023-12-03,Standard Class,CUS-6506,Customer CUS-6506,Consumer,United States,City_83,Ohio,Central,PROD-35479,Technology,Chairs,Chairs Product PROD-35479,1917.31,8,0.00,1299.42,Critical
ORD-11952,2022-01-07,2022-01-07,Standard Class,CUS-6717,Customer CUS-6717,Home Office,United States,City_33,New York,Central,PROD-54109,Office Supplies,Paper,Paper Product PROD-54109,303.21,1,0.15,240.62,High
ORD-11953,2023-11-17,2023-11-17,First Class,CUS-8774,Customer CUS-8774,Corporate,United States,City_99,Pennsylvania,East,PROD-46417,Office Supplies,Paper,Paper Product PROD-46417,2402.35,5,0.00,2062.16,Critical
ORD-11954,2024-09-09,2024-09-09,Second Class,CUS-8158,Customer CUS-8158,Corporate,United States,City_15,Georgia,West,PROD-17336,Furniture,Phones,Phones Product PROD-17336,1010.79,7,0.00,939.51,Critical
ORD-11955,2023-06-24,2023-06-24,Second Class,CUS-3105,Customer CUS-3105,Consumer,United States,City_37,Pennsylvania,East,PROD-55891,Furniture,Phones,Phones Product PROD-55891,265.20,3,0.00,159.61,Medium
ORD-11956,2022-09-18,2022-09-18,Standard Class,CUS-7410,Customer CUS-7410,Corporate,United States,City_13,Illinois,Central,PROD-80970,Technology,Tables,Tables Product PROD-80970,1534.07,4,0.00,1117.92,Low
ORD-11957,2023-07-18,2023-07-18,First Class,CUS-2176,Customer CUS-2176,Home Office,United States,City_60,Florida,South,PROD-93039,Furniture,Copiers,Copiers Product PROD-93039,116.87,1,0.20,110.73,Medium
ORD-11958,2024-05-14,2024-05-14,Standard Class,CUS-3478,Customer CUS-3478,Consumer,United States,City_58,Washington,East,PROD-93376,Technology,Copiers,Copiers Product PROD-93376,1358.79,6,0.20,1161.17,Low
ORD-11959,2022-06-21,2022-06-21,Second Class,CUS-7021,Customer CUS-7021,Consumer,United States,City_71,Ohio,West,PROD-74088,Office Supplies,Bookcases,Bookcases Product PROD-74088,259.40,5,0.00,190.36,Low
ORD-11960,2023-10-22,2023-10-22,Same Day,CUS-7098,Customer CUS-7098,Consumer,United States,City_22,California,Central,PROD-26391,Office Supplies,Binders,Binders Product PROD-26391,632.85,3,0.00,545.51,Critical
ORD-11961,2022-10-14,2022-10-14,Standard Class,CUS-2834,Customer CUS-2834,Corporate,United States,City_84,Pennsylvania,Central,PROD-11431,Technology,Paper,Paper Product PROD-11431,2173.92,5,0.00,1619.70,High
ORD-11962,2022-07-28,2022-07-28,Standard Class,CUS-2357,Customer CUS-2357,Corporate,United States,City_91,Florida,South,PROD-47856,Technology,Tables,Tables Product PROD-47856,129.60,6,0.00,96.19,Low
ORD-11963,2022-01-02,2022-01-02,First Class,CUS-1508,Customer CUS-1508,Home Office,United States,City_59,Washington,South,PROD-27843,Technology,Bookcases,Bookcases Product PROD-27843,1376.62,5,0.00,1270.86,High
ORD-11964,2024-04-18,2024-04-18,Standard Class,CUS-1318,Customer CUS-1318,Corporate,United States,City_73,Pennsylvania,West,PROD-83122,Technology,Tables,Tables Product PROD-83122,93.94,1,0.00,89.24,Critical
ORD-11965,2024-12-15,2024-12-15,Same Day,CUS-7535,Customer CUS-7535,Consumer,United States,City_43,Texas,Central,PROD-10890,Technology,Chairs,Chairs Product PROD-10890,1886.24,8,0.00,1699.34,High
ORD-11966,2022-03-10,2022-03-10,First Class,CUS-2422,Customer CUS-2422,Home Office,United States,City_19,Texas,East,PROD-83364,Technology,Storage,Storage Product PROD-83364,614.34,5,0.00,507.02,Low
ORD-11967,2022-11-15,2022-11-15,First Class,CUS-5732,Customer CUS-5732,Corporate,United States,City_8,Texas,East,PROD-23427,Technology,Bookcases,Bookcases Product PROD-23427,443.21,3,0.20,417.03,Critical
ORD-11968,2022-10-05,2022-10-05,Same Day,CUS-9877,Customer CUS-9877,Corporate,United States,City_79,Florida,South,PROD-34271,Technology,Storage,Storage Product PROD-34271,166.53,5,0.00,150.29,High
ORD-11969,2024-06-22,2024-06-22,Second Class,CUS-9373,Customer CUS-9373,Corporate,United States,City_5,California,Central,PROD-11439,Technology,Binders,Binders Product PROD-11439,877.05,2,0.10,663.72,Critical
ORD-11970,2024-02-17,2024-02-17,Standard Class,CUS-8876,Customer CUS-8876,Corporate,United States,City_96,Illinois,Central,PROD-47975,Technology,Accessories,Accessories Product PROD-47975,1642.89,5,0.00,1332.32,Low
ORD-11971,2024-01-04,2024-01-04,Same Day,CUS-2355,Customer CUS-2355,Consumer,United States,City_48,Texas,West,PROD-43964,Office Supplies,Laptops,Laptops Product PROD-43964,1360.92,3,0.05,1078.73,Critical
ORD-11972,2023-02-27,2023-02-27,First Class,CUS-4182,Customer CUS-4182,Consumer,United States,City_97,Ohio,South,PROD-13093,Furniture,Storage,Storage Product PROD-13093,225.26,1,0.00,140.35,Low
ORD-11973,2022-07-20,2022-07-20,Same Day,CUS-1736,Customer CUS-1736,Consumer,United States,City_90,Illinois,East,PROD-65217,Office Supplies,Accessories,Accessories Product PROD-65217,117.22,3,0.00,70.97,Critical
ORD-11974,2023-04-22,2023-04-22,Standard Class,CUS-8102,Customer CUS-8102,Home Office,United States,City_3,Georgia,East,PROD-16843,Office Supplies,Copiers,Copiers Product PROD-16843,746.06,3,0.00,633.82,Medium
ORD-11975,2022-01-06,2022-01-06,Second Class,CUS-8204,Customer CUS-8204,Corporate,United States,City_49,New York,West,PROD-67643,Technology,Accessories,Accessories Product PROD-67643,362.42,2,0.20,257.52,High
ORD-11976,2024-01-18,2024-01-18,Standard Class,CUS-7191,Customer CUS-7191,Corporate,United States,City_53,Virginia,East,PROD-62059,Office Supplies,Copiers,Copiers Product PROD-62059,2977.48,8,0.00,1828.15,Low
ORD-11977,2023-07-15,2023-07-15,Standard Class,CUS-2422,Customer CUS-2422,Corporate,United States,City_26,Texas,South,PROD-34048,Office Supplies,Tables,Tables Product PROD-34048,389.65,1,0.00,315.50,Critical
ORD-11978,2024-03-15,2024-03-15,Second Class,CUS-1823,Customer CUS-1823,Corporate,United States,City_67,Ohio,East,PROD-30830,Office Supplies,Accessories,Accessories Product PROD-30830,1474.48,6,0.05,1364.23,High
ORD-11979,2024-06-23,2024-06-23,Second Class,CUS-1684,Customer CUS-1684,Home Office,United States,City_89,California,Central,PROD-12182,Office Supplies,Bookcases,Bookcases Product PROD-12182,111.94,9,0.00,89.17,Medium
ORD-11980,2022-02-01,2022-02-01,Second Class,CUS-3166,Customer CUS-3166,Consumer,United States,City_55,Georgia,Central,PROD-38477,Office Supplies,Phones,Phones Product PROD-38477,274.58,3,0.10,200.45,High
ORD-11981,2024-05-13,2024-05-13,Standard Class,CUS-5393,Customer CUS-5393,Home Office,United States,City_72,Illinois,South,PROD-91619,Office Supplies,Accessories,Accessories Product PROD-91619,51.35,2,0.00,33.31,Medium
ORD-11982,2023-04-26,2023-04-26,Same Day,CUS-3058,Customer CUS-3058,Consumer,United States,City_87,Florida,East,PROD-77661,Office Supplies,Paper,Paper Product PROD-77661,1141.72,8,0.00,991.11,Medium
ORD-11983,2024-08-02,2024-08-02,First Class,CUS-9707,Customer CUS-9707,Consumer,United States,City_75,California,East,PROD-97525,Furniture,Chairs,Chairs Product PROD-97525,1659.79,5,0.00,1389.67,Medium
ORD-11984,2023-10-10,2023-10-10,Standard Class,CUS-1744,Customer CUS-1744,Home Office,United States,City_82,Ohio,East,PROD-18948,Furniture,Tables,Tables Product PROD-18948,1147.74,9,0.00,1072.44,Critical
ORD-11985,2023-01-16,2023-01-16,Standard Class,CUS-5632,Customer CUS-5632,Consumer,United States,City_53,Virginia,South,PROD-89626,Furniture,Accessories,Accessories Product PROD-89626,1093.71,5,0.00,825.76,Medium
ORD-11986,2024-06-08,2024-06-08,First Class,CUS-4261,Customer CUS-4261,Consumer,United States,City_28,Texas,West,PROD-92150,Technology,Phones,Phones Product PROD-92150,602.28,6,0.00,393.97,Medium
ORD-11987,2022-05-23,2022-05-23,Standard Class,CUS-7286,Customer CUS-7286,Home Office,United States,City_46,California,East,PROD-15195,Office Supplies,Bookcases,Bookcases Product PROD-15195,568.21,8,0.10,357.84,Critical
ORD-11988,2022-04-04,2022-04-04,First Class,CUS-1452,Customer CUS-1452,Home Office,United States,City_64,Washington,South,PROD-34731,Office Supplies,Laptops,Laptops Product PROD-34731,465.94,5,0.20,352.52,Medium
ORD-11989,2023-04-26,2023-04-26,Second Class,CUS-9565,Customer CUS-9565,Corporate,United States,City_10,Pennsylvania,Central,PROD-99904,Office Supplies,Tables,Tables Product PROD-99904,217.36,3,0.00,184.15,High
ORD-11990,2024-06-10,2024-06-10,Second Class,CUS-6456,Customer CUS-6456,Consumer,United States,City_43,New York,West,PROD-45582,Furniture,Binders,Binders Product PROD-45582,411.69,1,0.00,371.98,Medium
ORD-11991,2023-05-12,2023-05-12,Standard Class,CUS-4536,Customer CUS-4536,Consumer,United States,City_55,Pennsylvania,West,PROD-28438,Furniture,Storage,Storage Product PROD-28438,4061.74,10,0.00,2506.32,Low
ORD-11992,2024-04-15,2024-04-15,First Class,CUS-9294,Customer CUS-9294,Corporate,United States,City_30,Virginia,West,PROD-94679,Office Supplies,Bookcases,Bookcases Product PROD-94679,621.01,6,0.20,539.72,Medium
ORD-11993,2023-12-24,2023-12-24,Standard Class,CUS-1495,Customer CUS-1495,Corporate,United States,City_22,Virginia,East,PROD-58141,Technology,Copiers,Copiers Product PROD-58141,872.37,5,0.10,618.81,Critical
ORD-11994,2024-11-08,2024-11-08,Standard Class,CUS-2752,Customer CUS-2752,Corporate,United States,City_80,Ohio,South,PROD-82037,Furniture,Laptops,Laptops Product PROD-82037,477.33,2,0.00,306.59,High
ORD-11995,2022-08-27,2022-08-27,Same Day,CUS-5265,Customer CUS-5265,Consumer,United States,City_24,Virginia,Central,PROD-20052,Technology,Chairs,Chairs Product PROD-20052,946.46,9,0.05,771.33,Medium
ORD-11996,2024-04-07,2024-04-07,Standard Class,CUS-1159,Customer CUS-1159,Consumer,United States,City_34,Texas,Central,PROD-42695,Furniture,Copiers,Copiers Product PROD-42695,281.20,5,0.00,208.57,Low
ORD-11997,2024-08-08,2024-08-08,Standard Class,CUS-4342,Customer CUS-4342,Consumer,United States,City_68,Texas,East,PROD-49030,Office Supplies,Bookcases,Bookcases Product PROD-49030,411.61,4,0.10,233.17,Medium
ORD-11998,2024-03-21,2024-03-21,Same Day,CUS-1825,Customer CUS-1825,Corporate,United States,City_25,Washington,Central,PROD-60785,Technology,Bookcases,Bookcases Product PROD-60785,1122.73,4,0.15,644.72,Critical
ORD-11999,2022-02-15,2022-02-15,Second Class,CUS-9708,Customer CUS-9708,Corporate,United States,City_1,Illinois,Central,PROD-90283,Furniture,Laptops,Laptops Product PROD-90283,2212.51,8,0.10,2011.61,Medium
ORD-12000,2024-06-21,2024-06-21,Standard Class,CUS-3789,Customer CUS-3789,Corporate,United States,City_75,Pennsylvania,East,PROD-70921,Office Supplies,Storage,Storage Product PROD-70921,4092.95,10,0.00,3122.71,Low
ORD-12001,2023-01-05,2023-01-05,First Class,CUS-1599,Customer CUS-1599,Consumer,United States,City_84,Georgia,South,PROD-70833,Office Supplies,Copiers,Copiers Product PROD-70833,622.43,6,0.00,356.16,Medium
ORD-12002,2023-07-02,2023-07-02,First Class,CUS-7523,Customer CUS-7523,Home Office,United States,City_62,Pennsylvania,Central,PROD-21918,Technology,Binders,Binders Product PROD-21918,822.53,7,0.10,593.15,Critical
ORD-12003,2024-08-24,2024-08-24,Second Class,CUS-5637,Customer CUS-5637,Corporate,United States,City_75,California,South,PROD-82943,Technology,Phones,Phones Product PROD-82943,697.42,2,0.00,438.55,Medium
ORD-12004,2024-12-28,2024-12-28,Second Class,CUS-1912,Customer CUS-1912,Home Office,United States,City_22,Ohio,East,PROD-20766,Technology,Phones,Phones Product PROD-20766,347.62,1,0.10,317.14,Low
ORD-12005,2023-06-28,2023-06-28,Second Class,CUS-8074,Customer CUS-8074,Corporate,United States,City_32,Virginia,West,PROD-50283,Technology,Bookcases,Bookcases Product PROD-50283,158.95,3,0.00,140.05,High
ORD-12006,2024-08-23,2024-08-23,First Class,CUS-9437,Customer CUS-9437,Corporate,United States,City_62,New York,West,PROD-52910,Office Supplies,Tables,Tables Product PROD-52910,1873.52,9,0.00,1275.56,High
ORD-12007,2023-12-01,2023-12-01,Second Class,CUS-5033,Customer CUS-5033,Corporate,United States,City_1,Ohio,Central,PROD-70998,Furniture,Laptops,Laptops Product PROD-70998,333.56,5,0.20,304.94,Critical
ORD-12008,2024-07-12,2024-07-12,Same Day,CUS-8830,Customer CUS-8830,Home Office,United States,City_49,Ohio,West,PROD-16101,Technology,Storage,Storage Product PROD-16101,62.16,5,0.20,52.74,Medium
ORD-12009,2023-03-11,2023-03-11,Same Day,CUS-1384,Customer CUS-1384,Home Office,United States,City_96,Florida,South,PROD-95832,Furniture,Bookcases,Bookcases Product PROD-95832,4105.61,9,0.00,3612.42,Critical
ORD-12010,2024-09-09,2024-09-09,Same Day,CUS-4342,Customer CUS-4342,Corporate,United States,City_93,Ohio,Central,PROD-90216,Furniture,Phones,Phones Product PROD-90216,1155.08,3,0.00,836.75,High
ORD-12011,2023-02-15,2023-02-15,Standard Class,CUS-5360,Customer CUS-5360,Consumer,United States,City_64,Illinois,East,PROD-70541,Technology,Phones,Phones Product PROD-70541,2660.68,6,0.00,1659.17,Critical
ORD-12012,2024-11-23,2024-11-23,First Class,CUS-7256,Customer CUS-7256,Consumer,United States,City_53,Virginia,South,PROD-93447,Furniture,Copiers,Copiers Product PROD-93447,974.90,4,0.15,642.30,High
ORD-12013,2023-07-07,2023-07-07,Same Day,CUS-9061,Customer CUS-9061,Home Office,United States,City_82,Florida,South,PROD-23719,Furniture,Bookcases,Bookcases Product PROD-23719,2225.32,9,0.00,1538.86,Low
ORD-12014,2022-05-16,2022-05-16,Standard Class,CUS-5231,Customer CUS-5231,Corporate,United States,City_58,Georgia,East,PROD-54536,Technology,Binders,Binders Product PROD-54536,2456.00,9,0.20,1981.59,Medium
ORD-12015,2024-08-09,2024-08-09,Second Class,CUS-5047,Customer CUS-5047,Home Office,United States,City_10,Illinois,West,PROD-64876,Furniture,Chairs,Chairs Product PROD-64876,293.33,9,0.00,277.46,Medium
ORD-12016,2023-08-24,2023-08-24,Same Day,CUS-4135,Customer CUS-4135,Corporate,United States,City_53,Texas,East,PROD-56714,Office Supplies,Tables,Tables Product PROD-56714,841.91,4,0.10,712.03,Critical
ORD-12017,2022-09-28,2022-09-28,Standard Class,CUS-6358,Customer CUS-6358,Consumer,United States,City_70,Florida,West,PROD-76188,Furniture,Bookcases,Bookcases Product PROD-76188,1485.30,3,0.00,1153.12,Critical
ORD-12018,2024-12-09,2024-12-09,Standard Class,CUS-8440,Customer CUS-8440,Home Office,United States,City_68,Texas,West,PROD-61419,Office Supplies,Accessories,Accessories Product PROD-61419,3492.15,10,0.00,2671.15,Critical
ORD-12019,2024-10-18,2024-10-18,Standard Class,CUS-4171,Customer CUS-4171,Corporate,United States,City_79,Washington,Central,PROD-33349,Technology,Copiers,Copiers Product PROD-33349,75.66,1,0.05,45.46,Medium
ORD-12020,2023-01-27,2023-01-27,Second Class,CUS-5658,Customer CUS-5658,Home Office,United States,City_71,Florida,West,PROD-97040,Office Supplies,Copiers,Copiers Product PROD-97040,3017.54,9,0.15,1736.33,Critical
ORD-12021,2022-09-22,2022-09-22,Second Class,CUS-1137,Customer CUS-1137,Consumer,United States,City_72,New York,East,PROD-49094,Technology,Chairs,Chairs Product PROD-49094,1406.05,10,0.00,1179.67,High
ORD-12022,2024-06-13,2024-06-13,Same Day,CUS-4624,Customer CUS-4624,Consumer,United States,City_17,Texas,East,PROD-20757,Technology,Phones,Phones Product PROD-20757,2335.58,5,0.05,1561.71,Medium
ORD-12023,2024-05-02,2024-05-02,First Class,CUS-5286,Customer CUS-5286,Consumer,United States,City_96,Florida,West,PROD-42206,Technology,Laptops,Laptops Product PROD-42206,914.55,3,0.00,720.60,Medium
ORD-12024,2024-11-18,2024-11-18,Same Day,CUS-7799,Customer CUS-7799,Corporate,United States,City_98,California,West,PROD-80436,Furniture,Binders,Binders Product PROD-80436,2285.85,6,0.05,1704.67,Medium
ORD-12025,2022-08-09,2022-08-09,Same Day,CUS-6824,Customer CUS-6824,Home Office,United States,City_10,Virginia,West,PROD-69064,Furniture,Storage,Storage Product PROD-69064,1382.85,7,0.00,1188.96,Medium
ORD-12026,2022-03-10,2022-03-10,First Class,CUS-2033,Customer CUS-2033,Home Office,United States,City_40,Ohio,South,PROD-27172,Technology,Phones,Phones Product PROD-27172,2007.23,5,0.00,1234.71,Critical
ORD-12027,2022-01-26,2022-01-26,First Class,CUS-6065,Customer CUS-6065,Corporate,United States,City_45,California,South,PROD-12455,Office Supplies,Laptops,Laptops Product PROD-12455,352.05,4,0.00,314.05,Critical
ORD-12028,2023-10-07,2023-10-07,First Class,CUS-4761,Customer CUS-4761,Corporate,United States,City_67,Georgia,West,PROD-14286,Technology,Laptops,Laptops Product PROD-14286,40.79,1,0.00,22.57,High
ORD-12029,2023-06-02,2023-06-02,Second Class,CUS-1620,Customer CUS-1620,Home Office,United States,City_46,Florida,South,PROD-97607,Technology,Bookcases,Bookcases Product PROD-97607,278.81,6,0.15,256.62,High
ORD-12030,2023-06-10,2023-06-10,Same Day,CUS-4632,Customer CUS-4632,Consumer,United States,City_89,Florida,West,PROD-93330,Furniture,Storage,Storage Product PROD-93330,2249.27,6,0.20,1487.95,Low
ORD-12031,2022-12-20,2022-12-20,Same Day,CUS-6963,Customer CUS-6963,Home Office,United States,City_55,Texas,South,PROD-52940,Technology,Tables,Tables Product PROD-52940,2588.65,9,0.10,1458.93,Medium
ORD-12032,2022-04-09,2022-04-09,First Class,CUS-3095,Customer CUS-3095,Consumer,United States,City_51,Ohio,East,PROD-52469,Technology,Copiers,Copiers Product PROD-52469,57.16,5,0.00,52.95,Critical
ORD-12033,2024-09-12,2024-09-12,Second Class,CUS-9095,Customer CUS-9095,Consumer,United States,City_0,Ohio,South,PROD-89035,Office Supplies,Accessories,Accessories Product PROD-89035,46.85,2,0.00,42.59,High
ORD-12034,2024-02-05,2024-02-05,Second Class,CUS-6724,Customer CUS-6724,Corporate,United States,City_68,California,Central,PROD-78873,Technology,Chairs,Chairs Product PROD-78873,2002.21,6,0.10,1510.25,Low
ORD-12035,2024-09-07,2024-09-07,First Class,CUS-2109,Customer CUS-2109,Consumer,United States,City_75,Texas,West,PROD-36762,Technology,Storage,Storage Product PROD-36762,152.79,1,0.00,120.39,High
ORD-12036,2024-02-08,2024-02-08,First Class,CUS-1384,Customer CUS-1384,Home Office,United States,City_15,Washington,Central,PROD-10718,Technology,Paper,Paper Product PROD-10718,3051.95,8,0.00,1972.97,Medium
ORD-12037,2022-06-02,2022-06-02,First Class,CUS-4037,Customer CUS-4037,Home Office,United States,City_64,Florida,South,PROD-74832,Technology,Tables,Tables Product PROD-74832,359.77,5,0.10,236.98,Critical
ORD-12038,2024-03-01,2024-03-01,Same Day,CUS-1216,Customer CUS-1216,Corporate,United States,City_71,Ohio,West,PROD-86385,Technology,Tables,Tables Product PROD-86385,504.95,2,0.00,405.00,Low
ORD-12039,2024-04-25,2024-04-25,Second Class,CUS-6407,Customer CUS-6407,Corporate,United States,City_91,New York,Central,PROD-80475,Technology,Copiers,Copiers Product PROD-80475,1720.89,7,0.00,1052.19,Medium
ORD-12040,2023-09-02,2023-09-02,Same Day,CUS-8974,Customer CUS-8974,Consumer,United States,City_52,Virginia,Central,PROD-21810,Furniture,Storage,Storage Product PROD-21810,426.68,1,0.10,307.57,Medium
ORD-12041,2023-10-06,2023-10-06,Second Class,CUS-9755,Customer CUS-9755,Home Office,United States,City_66,Pennsylvania,West,PROD-14551,Office Supplies,Tables,Tables Product PROD-14551,1250.19,5,0.00,1020.36,Medium
ORD-12042,2023-11-28,2023-11-28,First Class,CUS-1987,Customer CUS-1987,Consumer,United States,City_59,California,East,PROD-50129,Furniture,Copiers,Copiers Product PROD-50129,1802.00,9,0.00,1261.60,High
ORD-12043,2023-02-10,2023-02-10,Second Class,CUS-4564,Customer CUS-4564,Home Office,United States,City_2,Georgia,West,PROD-68388,Furniture,Storage,Storage Product PROD-68388,364.24,2,0.15,297.15,Low
ORD-12044,2022-10-19,2022-10-19,Same Day,CUS-1874,Customer CUS-1874,Home Office,United States,City_19,Virginia,East,PROD-75581,Furniture,Storage,Storage Product PROD-75581,797.40,3,0.00,567.51,Critical
ORD-12045,2023-05-28,2023-05-28,Same Day,CUS-6649,Customer CUS-6649,Consumer,United States,City_81,Ohio,West,PROD-76107,Furniture,Tables,Tables Product PROD-76107,990.96,8,0.00,930.69,Low
ORD-12046,2022-10-09,2022-10-09,Standard Class,CUS-1175,Customer CUS-1175,Corporate,United States,City_91,Texas,East,PROD-24656,Furniture,Phones,Phones Product PROD-24656,274.12,9,0.00,184.54,Critical
ORD-12047,2024-05-21,2024-05-21,Same Day,CUS-5341,Customer CUS-5341,Home Office,United States,City_28,Texas,East,PROD-49788,Technology,Accessories,Accessories Product PROD-49788,80.77,7,0.00,74.69,Low
ORD-12048,2023-07-27,2023-07-27,First Class,CUS-1957,Customer CUS-1957,Corporate,United States,City_77,Virginia,Central,PROD-86788,Technology,Chairs,Chairs Product PROD-86788,1678.95,6,0.00,954.82,Medium
ORD-12049,2024-12-18,2024-12-18,Standard Class,CUS-1628,Customer CUS-1628,Consumer,United States,City_46,Ohio,East,PROD-12908,Office Supplies,Accessories,Accessories Product PROD-12908,892.16,7,0.00,657.58,Critical
ORD-12050,2022-12-20,2022-12-20,First Class,CUS-6077,Customer CUS-6077,Corporate,United States,City_0,California,South,PROD-31312,Technology,Accessories,Accessories Product PROD-31312,711.54,10,0.15,649.73,Medium
ORD-12051,2024-01-23,2024-01-23,Second Class,CUS-8486,Customer CUS-8486,Corporate,United States,City_48,Florida,Central,PROD-67844,Office Supplies,Bookcases,Bookcases Product PROD-67844,4466.00,10,0.00,2607.60,Medium
ORD-12052,2024-06-12,2024-06-12,Second Class,CUS-6910,Customer CUS-6910,Consumer,United States,City_72,Pennsylvania,West,PROD-68223,Furniture,Bookcases,Bookcases Product PROD-68223,2103.29,7,0.00,1484.98,Critical
ORD-12053,2022-11-10,2022-11-10,First Class,CUS-9938,Customer CUS-9938,Home Office,United States,City_17,Virginia,Central,PROD-56839,Office Supplies,Phones,Phones Product PROD-56839,1181.81,5,0.00,864.91,Critical
ORD-12054,2022-08-18,2022-08-18,Same Day,CUS-3480,Customer CUS-3480,Consumer,United States,City_68,Virginia,South,PROD-26066,Technology,Bookcases,Bookcases Product PROD-26066,463.74,6,0.00,306.44,High
ORD-12055,2022-12-25,2022-12-25,First Class,CUS-4491,Customer CUS-4491,Home Office,United States,City_57,Georgia,West,PROD-10099,Technology,Accessories,Accessories Product PROD-10099,413.29,1,0.10,355.22,Critical
ORD-12056,2022-12-17,2022-12-17,Same Day,CUS-8049,Customer CUS-8049,Corporate,United States,City_44,Texas,Central,PROD-51996,Furniture,Accessories,Accessories Product PROD-51996,1354.87,5,0.00,956.67,Low
ORD-12057,2023-04-20,2023-04-20,First Class,CUS-7139,Customer CUS-7139,Corporate,United States,City_91,Ohio,West,PROD-83371,Furniture,Copiers,Copiers Product PROD-83371,2616.35,10,0.00,1512.13,Medium
ORD-12058,2024-06-21,2024-06-21,Same Day,CUS-2923,Customer CUS-2923,Corporate,United States,City_21,Pennsylvania,East,PROD-37040,Technology,Accessories,Accessories Product PROD-37040,1203.93,8,0.20,696.89,Low
ORD-12059,2023-08-27,2023-08-27,Standard Class,CUS-7819,Customer CUS-7819,Home Office,United States,City_51,Ohio,West,PROD-56717,Office Supplies,Binders,Binders Product PROD-56717,554.38,4,0.00,388.01,Medium
ORD-12060,2024-01-14,2024-01-14,Standard Class,CUS-7918,Customer CUS-7918,Corporate,United States,City_44,Washington,South,PROD-46015,Furniture,Paper,Paper Product PROD-46015,118.37,1,0.10,85.93,Medium
ORD-12061,2023-05-25,2023-05-25,Same Day,CUS-4683,Customer CUS-4683,Consumer,United States,City_60,Ohio,West,PROD-19949,Technology,Bookcases,Bookcases Product PROD-19949,464.02,9,0.00,300.50,Medium
ORD-12062,2024-09-20,2024-09-20,First Class,CUS-2008,Customer CUS-2008,Consumer,United States,City_49,California,West,PROD-38862,Furniture,Binders,Binders Product PROD-38862,4856.88,10,0.00,3137.93,Critical
ORD-12063,2022-05-12,2022-05-12,Same Day,CUS-5757,Customer CUS-5757,Home Office,United States,City_47,Illinois,South,PROD-65532,Furniture,Laptops,Laptops Product PROD-65532,943.02,6,0.10,890.32,Critical
ORD-12064,2024-01-13,2024-01-13,Second Class,CUS-7817,Customer CUS-7817,Home Office,United States,City_10,Pennsylvania,Central,PROD-72784,Office Supplies,Tables,Tables Product PROD-72784,1017.06,8,0.15,731.89,Low
ORD-12065,2023-03-16,2023-03-16,Standard Class,CUS-2673,Customer CUS-2673,Corporate,United States,City_30,Ohio,South,PROD-27048,Office Supplies,Binders,Binders Product PROD-27048,763.35,2,0.00,519.41,Low
ORD-12066,2024-01-08,2024-01-08,Same Day,CUS-9587,Customer CUS-9587,Corporate,United States,City_27,Pennsylvania,South,PROD-29131,Technology,Paper,Paper Product PROD-29131,1128.26,7,0.00,846.39,Medium
ORD-12067,2023-12-22,2023-12-22,First Class,CUS-9550,Customer CUS-9550,Consumer,United States,City_41,California,South,PROD-61212,Furniture,Storage,Storage Product PROD-61212,1304.63,5,0.00,747.09,Medium
ORD-12068,2022-07-16,2022-07-16,Second Class,CUS-7903,Customer CUS-7903,Home Office,United States,City_18,Florida,East,PROD-65830,Office Supplies,Bookcases,Bookcases Product PROD-65830,1310.35,3,0.00,1025.16,High
ORD-12069,2023-08-28,2023-08-28,Second Class,CUS-6003,Customer CUS-6003,Home Office,United States,City_36,New York,West,PROD-61748,Technology,Binders,Binders Product PROD-61748,2542.16,8,0.00,1966.39,Critical
ORD-12070,2022-06-04,2022-06-04,First Class,CUS-7743,Customer CUS-7743,Corporate,United States,City_35,Virginia,West,PROD-80387,Furniture,Storage,Storage Product PROD-80387,169.03,2,0.15,138.88,High
ORD-12071,2023-08-28,2023-08-28,Standard Class,CUS-5909,Customer CUS-5909,Corporate,United States,City_91,Texas,East,PROD-31374,Office Supplies,Laptops,Laptops Product PROD-31374,621.01,4,0.00,555.56,Critical
ORD-12072,2022-05-10,2022-05-10,First Class,CUS-2037,Customer CUS-2037,Corporate,United States,City_61,Texas,South,PROD-56676,Office Supplies,Chairs,Chairs Product PROD-56676,3079.28,10,0.00,2288.03,Critical
ORD-12073,2024-01-19,2024-01-19,Second Class,CUS-9182,Customer CUS-9182,Consumer,United States,City_46,Texas,West,PROD-79186,Technology,Copiers,Copiers Product PROD-79186,1994.60,9,0.00,1782.29,Low
ORD-12074,2024-06-21,2024-06-21,Second Class,CUS-3303,Customer CUS-3303,Consumer,United States,City_69,Texas,Central,PROD-16565,Office Supplies,Copiers,Copiers Product PROD-16565,3991.13,10,0.00,2530.29,Low
ORD-12075,2024-04-16,2024-04-16,First Class,CUS-4002,Customer CUS-4002,Consumer,United States,City_95,California,Central,PROD-66647,Technology,Paper,Paper Product PROD-66647,1223.51,5,0.00,909.32,Critical
ORD-12076,2024-07-13,2024-07-13,Standard Class,CUS-5767,Customer CUS-5767,Home Office,United States,City_53,Washington,Central,PROD-64337,Office Supplies,Binders,Binders Product PROD-64337,35.52,6,0.00,30.76,High
ORD-12077,2023-02-17,2023-02-17,Same Day,CUS-2865,Customer CUS-2865,Home Office,United States,City_72,Pennsylvania,West,PROD-40063,Technology,Phones,Phones Product PROD-40063,927.56,3,0.00,624.45,Critical
ORD-12078,2022-02-09,2022-02-09,Same Day,CUS-9105,Customer CUS-9105,Consumer,United States,City_47,Florida,West,PROD-78608,Technology,Storage,Storage Product PROD-78608,751.25,4,0.00,457.73,Low
ORD-12079,2024-12-27,2024-12-27,Standard Class,CUS-3460,Customer CUS-3460,Corporate,United States,City_21,Florida,East,PROD-73050,Office Supplies,Binders,Binders Product PROD-73050,3678.27,8,0.00,2402.75,High
ORD-12080,2024-07-05,2024-07-05,Same Day,CUS-9268,Customer CUS-9268,Home Office,United States,City_73,Texas,East,PROD-29230,Furniture,Copiers,Copiers Product PROD-29230,1897.34,10,0.00,1208.87,High
ORD-12081,2023-08-22,2023-08-22,First Class,CUS-5309,Customer CUS-5309,Home Office,United States,City_46,California,Central,PROD-60343,Furniture,Copiers,Copiers Product PROD-60343,2977.37,6,0.00,1663.20,Critical
ORD-12082,2023-10-16,2023-10-16,Same Day,CUS-7862,Customer CUS-7862,Consumer,United States,City_19,Pennsylvania,Central,PROD-51603,Office Supplies,Laptops,Laptops Product PROD-51603,224.26,1,0.15,124.73,Low
ORD-12083,2023-10-19,2023-10-19,First Class,CUS-3024,Customer CUS-3024,Consumer,United States,City_92,Ohio,East,PROD-52623,Office Supplies,Paper,Paper Product PROD-52623,2815.60,10,0.00,2349.15,Medium
ORD-12084,2022-12-18,2022-12-18,First Class,CUS-1792,Customer CUS-1792,Home Office,United States,City_66,New York,East,PROD-63242,Technology,Chairs,Chairs Product PROD-63242,4591.87,10,0.00,3625.39,Medium
ORD-12085,2023-08-11,2023-08-11,First Class,CUS-8587,Customer CUS-8587,Home Office,United States,City_55,Ohio,West,PROD-97101,Furniture,Paper,Paper Product PROD-97101,428.14,2,0.00,403.45,Critical
ORD-12086,2023-09-17,2023-09-17,Same Day,CUS-2718,Customer CUS-2718,Home Office,United States,City_39,California,Central,PROD-55401,Office Supplies,Laptops,Laptops Product PROD-55401,1999.91,9,0.00,1859.02,Low
ORD-12087,2023-11-20,2023-11-20,Second Class,CUS-6923,Customer CUS-6923,Corporate,United States,City_21,Ohio,East,PROD-76519,Office Supplies,Phones,Phones Product PROD-76519,979.87,4,0.00,557.32,Medium
ORD-12088,2024-11-24,2024-11-24,First Class,CUS-4020,Customer CUS-4020,Home Office,United States,City_73,California,East,PROD-34768,Technology,Copiers,Copiers Product PROD-34768,3429.34,7,0.00,3011.86,Medium
ORD-12089,2024-06-15,2024-06-15,First Class,CUS-3333,Customer CUS-3333,Consumer,United States,City_58,Pennsylvania,South,PROD-28784,Furniture,Accessories,Accessories Product PROD-28784,254.86,1,0.00,142.23,Low
ORD-12090,2023-10-23,2023-10-23,Standard Class,CUS-1806,Customer CUS-1806,Home Office,United States,City_39,Ohio,Central,PROD-50386,Furniture,Storage,Storage Product PROD-50386,57.85,2,0.00,47.26,High
ORD-12091,2024-12-06,2024-12-06,First Class,CUS-4722,Customer CUS-4722,Home Office,United States,City_94,Florida,Central,PROD-98320,Furniture,Tables,Tables Product PROD-98320,539.38,4,0.00,492.79,Medium
ORD-12092,2023-08-20,2023-08-20,Standard Class,CUS-2302,Customer CUS-2302,Home Office,United States,City_19,Illinois,South,PROD-70261,Office Supplies,Chairs,Chairs Product PROD-70261,2318.43,5,0.00,1968.93,High
ORD-12093,2022-09-17,2022-09-17,Standard Class,CUS-6206,Customer CUS-6206,Home Office,United States,City_82,Virginia,East,PROD-29709,Office Supplies,Tables,Tables Product PROD-29709,1738.82,8,0.00,1601.86,High
ORD-12094,2023-09-25,2023-09-25,First Class,CUS-5762,Customer CUS-5762,Corporate,United States,City_1,Virginia,Central,PROD-71085,Office Supplies,Accessories,Accessories Product PROD-71085,1561.69,8,0.10,1022.86,High
ORD-12095,2023-03-15,2023-03-15,Second Class,CUS-7493,Customer CUS-7493,Consumer,United States,City_97,Florida,Central,PROD-27156,Furniture,Accessories,Accessories Product PROD-27156,240.71,6,0.00,153.66,High
ORD-12096,2023-11-19,2023-11-19,Second Class,CUS-3946,Customer CUS-3946,Consumer,United States,City_64,New York,Central,PROD-51353,Furniture,Copiers,Copiers Product PROD-51353,2318.47,9,0.10,1449.77,Low
ORD-12097,2023-05-28,2023-05-28,Same Day,CUS-2613,Customer CUS-2613,Corporate,United States,City_24,Ohio,West,PROD-44251,Office Supplies,Phones,Phones Product PROD-44251,386.71,1,0.05,311.60,Low
ORD-12098,2022-12-25,2022-12-25,First Class,CUS-4014,Customer CUS-4014,Corporate,United States,City_0,California,East,PROD-90467,Furniture,Phones,Phones Product PROD-90467,2243.92,6,0.00,1710.75,High
ORD-12099,2022-11-28,2022-11-28,Second Class,CUS-4125,Customer CUS-4125,Home Office,United States,City_44,Illinois,Central,PROD-26008,Technology,Storage,Storage Product PROD-26008,1280.47,3,0.10,897.44,High
ORD-12100,2022-11-17,2022-11-17,Same Day,CUS-5282,Customer CUS-5282,Home Office,United States,City_98,Virginia,West,PROD-13597,Furniture,Accessories,Accessories Product PROD-13597,638.12,3,0.00,414.07,Critical
ORD-12101,2023-03-07,2023-03-07,Same Day,CUS-4661,Customer CUS-4661,Home Office,United States,City_87,Pennsylvania,South,PROD-75318,Technology,Chairs,Chairs Product PROD-75318,4416.45,10,0.00,2920.89,Critical
ORD-12102,2023-01-22,2023-01-22,First Class,CUS-8359,Customer CUS-8359,Consumer,United States,City_73,New York,West,PROD-92966,Furniture,Accessories,Accessories Product PROD-92966,1296.53,5,0.00,905.25,Medium
ORD-12103,2024-04-09,2024-04-09,Standard Class,CUS-1253,Customer CUS-1253,Corporate,United States,City_68,Virginia,West,PROD-76520,Technology,Laptops,Laptops Product PROD-76520,299.80,3,0.20,257.48,Critical
ORD-12104,2024-10-15,2024-10-15,Standard Class,CUS-4858,Customer CUS-4858,Consumer,United States,City_43,Georgia,Central,PROD-88972,Technology,Laptops,Laptops Product PROD-88972,2297.07,8,0.00,1468.99,Critical
ORD-12105,2023-09-14,2023-09-14,Standard Class,CUS-2914,Customer CUS-2914,Corporate,United States,City_33,Florida,South,PROD-37230,Technology,Bookcases,Bookcases Product PROD-37230,23.30,1,0.00,21.90,Medium
ORD-12106,2023-03-20,2023-03-20,Same Day,CUS-6086,Customer CUS-6086,Home Office,United States,City_10,Texas,West,PROD-60872,Furniture,Phones,Phones Product PROD-60872,132.42,1,0.00,98.52,Medium
ORD-12107,2024-02-21,2024-02-21,Standard Class,CUS-1261,Customer CUS-1261,Corporate,United States,City_65,California,Central,PROD-83409,Technology,Binders,Binders Product PROD-83409,757.34,5,0.00,679.15,Low
ORD-12108,2022-07-10,2022-07-10,Same Day,CUS-9113,Customer CUS-9113,Home Office,United States,City_94,Virginia,East,PROD-53856,Furniture,Chairs,Chairs Product PROD-53856,861.10,3,0.00,640.57,High
ORD-12109,2022-12-07,2022-12-07,First Class,CUS-1475,Customer CUS-1475,Corporate,United States,City_28,Florida,South,PROD-77919,Technology,Phones,Phones Product PROD-77919,3619.57,8,0.00,2162.48,Critical
ORD-12110,2022-12-20,2022-12-20,Standard Class,CUS-2810,Customer CUS-2810,Corporate,United States,City_56,Florida,East,PROD-81482,Office Supplies,Binders,Binders Product PROD-81482,454.07,1,0.00,326.86,Medium
ORD-12111,2022-11-20,2022-11-20,First Class,CUS-5044,Customer CUS-5044,Home Office,United States,City_66,Texas,South,PROD-10299,Furniture,Tables,Tables Product PROD-10299,494.52,3,0.00,359.45,Medium
ORD-12112,2023-02-27,2023-02-27,Second Class,CUS-7793,Customer CUS-7793,Home Office,United States,City_8,Georgia,Central,PROD-20601,Technology,Laptops,Laptops Product PROD-20601,119.75,2,0.10,101.06,Critical
ORD-12113,2022-08-13,2022-08-13,Second Class,CUS-5097,Customer CUS-5097,Home Office,United States,City_88,Pennsylvania,East,PROD-21922,Technology,Bookcases,Bookcases Product PROD-21922,700.98,6,0.00,519.03,High
ORD-12114,2022-04-18,2022-04-18,Standard Class,CUS-7579,Customer CUS-7579,Corporate,United States,City_18,Virginia,West,PROD-11969,Furniture,Accessories,Accessories Product PROD-11969,501.29,4,0.05,443.82,High
ORD-12115,2022-09-14,2022-09-14,Same Day,CUS-6637,Customer CUS-6637,Consumer,United States,City_53,Texas,East,PROD-18454,Office Supplies,Binders,Binders Product PROD-18454,2466.91,5,0.00,1879.58,Low
ORD-12116,2022-11-06,2022-11-06,Second Class,CUS-3062,Customer CUS-3062,Home Office,United States,City_61,Washington,South,PROD-39038,Furniture,Tables,Tables Product PROD-39038,277.59,5,0.00,192.12,Low
ORD-12117,2024-05-16,2024-05-16,First Class,CUS-6950,Customer CUS-6950,Corporate,United States,City_34,New York,Central,PROD-74713,Furniture,Tables,Tables Product PROD-74713,2070.36,9,0.05,1842.58,Critical
ORD-12118,2022-07-13,2022-07-13,Second Class,CUS-7873,Customer CUS-7873,Home Office,United States,City_5,Texas,East,PROD-20079,Furniture,Phones,Phones Product PROD-20079,3881.64,8,0.00,3191.14,High
ORD-12119,2022-04-26,2022-04-26,Same Day,CUS-6692,Customer CUS-6692,Home Office,United States,City_39,Florida,West,PROD-26208,Technology,Accessories,Accessories Product PROD-26208,806.35,2,0.05,687.72,Medium
ORD-12120,2023-09-12,2023-09-12,First Class,CUS-5628,Customer CUS-5628,Corporate,United States,City_80,Illinois,West,PROD-50116,Office Supplies,Paper,Paper Product PROD-50116,934.35,8,0.05,558.51,Low
ORD-12121,2023-02-13,2023-02-13,First Class,CUS-6557,Customer CUS-6557,Consumer,United States,City_82,Georgia,East,PROD-59542,Furniture,Copiers,Copiers Product PROD-59542,130.44,1,0.05,112.34,Critical
ORD-12122,2022-02-23,2022-02-23,Second Class,CUS-3259,Customer CUS-3259,Corporate,United States,City_32,Virginia,South,PROD-21323,Technology,Paper,Paper Product PROD-21323,653.61,6,0.00,473.36,Critical
ORD-12123,2024-08-17,2024-08-17,First Class,CUS-2189,Customer CUS-2189,Consumer,United States,City_2,California,Central,PROD-81940,Office Supplies,Tables,Tables Product PROD-81940,42.14,1,0.00,34.78,High
ORD-12124,2023-04-24,2023-04-24,Standard Class,CUS-9789,Customer CUS-9789,Home Office,United States,City_96,Washington,South,PROD-34731,Office Supplies,Binders,Binders Product PROD-34731,589.24,2,0.00,545.92,Low
ORD-12125,2023-04-08,2023-04-08,Same Day,CUS-1495,Customer CUS-1495,Corporate,United States,City_41,California,Central,PROD-82636,Office Supplies,Laptops,Laptops Product PROD-82636,232.70,5,0.20,135.59,Low
ORD-12126,2024-11-05,2024-11-05,Same Day,CUS-5017,Customer CUS-5017,Corporate,United States,City_51,Pennsylvania,East,PROD-83624,Furniture,Accessories,Accessories Product PROD-83624,1267.53,3,0.00,1129.49,High
ORD-12127,2023-05-03,2023-05-03,Standard Class,CUS-9175,Customer CUS-9175,Corporate,United States,City_17,Illinois,Central,PROD-25464,Furniture,Paper,Paper Product PROD-25464,278.23,2,0.00,225.51,Low
ORD-12128,2023-02-17,2023-02-17,Standard Class,CUS-4655,Customer CUS-4655,Home Office,United States,City_47,Pennsylvania,Central,PROD-11601,Furniture,Accessories,Accessories Product PROD-11601,3195.74,7,0.00,2225.48,Critical
ORD-12129,2022-12-04,2022-12-04,First Class,CUS-3577,Customer CUS-3577,Consumer,United States,City_52,Florida,West,PROD-63233,Technology,Chairs,Chairs Product PROD-63233,171.96,2,0.20,112.39,Medium
ORD-12130,2023-01-25,2023-01-25,First Class,CUS-8895,Customer CUS-8895,Corporate,United States,City_86,Florida,West,PROD-30802,Office Supplies,Chairs,Chairs Product PROD-30802,2432.89,6,0.00,1477.33,Medium
ORD-12131,2024-03-28,2024-03-28,First Class,CUS-6063,Customer CUS-6063,Corporate,United States,City_96,Pennsylvania,Central,PROD-96188,Office Supplies,Storage,Storage Product PROD-96188,1762.63,4,0.05,1266.77,High
ORD-12132,2024-12-11,2024-12-11,Second Class,CUS-6487,Customer CUS-6487,Consumer,United States,City_89,California,South,PROD-48873,Technology,Accessories,Accessories Product PROD-48873,719.50,3,0.00,542.54,Low
ORD-12133,2024-11-28,2024-11-28,Second Class,CUS-9484,Customer CUS-9484,Corporate,United States,City_32,Illinois,West,PROD-20924,Office Supplies,Paper,Paper Product PROD-20924,2880.14,8,0.00,2688.43,Low
ORD-12134,2024-12-03,2024-12-03,Same Day,CUS-5660,Customer CUS-5660,Consumer,United States,City_10,Ohio,Central,PROD-42521,Technology,Binders,Binders Product PROD-42521,133.36,2,0.05,108.43,High
ORD-12135,2023-01-24,2023-01-24,Second Class,CUS-9783,Customer CUS-9783,Home Office,United States,City_24,Ohio,West,PROD-52308,Office Supplies,Tables,Tables Product PROD-52308,1433.89,4,0.00,940.74,High
ORD-12136,2022-06-19,2022-06-19,Standard Class,CUS-1086,Customer CUS-1086,Consumer,United States,City_90,California,West,PROD-64515,Office Supplies,Storage,Storage Product PROD-64515,1292.90,3,0.05,817.28,Medium
ORD-12137,2024-11-16,2024-11-16,Second Class,CUS-1105,Customer CUS-1105,Consumer,United States,City_86,Illinois,South,PROD-58095,Furniture,Chairs,Chairs Product PROD-58095,318.35,8,0.00,262.35,Medium
ORD-12138,2022-12-05,2022-12-05,Second Class,CUS-7816,Customer CUS-7816,Consumer,United States,City_20,New York,East,PROD-96915,Technology,Copiers,Copiers Product PROD-96915,321.96,7,0.15,202.75,Medium
ORD-12139,2024-06-07,2024-06-07,Second Class,CUS-7970,Customer CUS-7970,Home Office,United States,City_84,Florida,South,PROD-98019,Technology,Laptops,Laptops Product PROD-98019,121.83,2,0.00,88.59,Medium
ORD-12140,2022-08-18,2022-08-18,First Class,CUS-6340,Customer CUS-6340,Consumer,United States,City_6,Texas,West,PROD-98544,Furniture,Binders,Binders Product PROD-98544,4593.37,10,0.00,2824.04,Medium
ORD-12141,2024-12-04,2024-12-04,Same Day,CUS-2005,Customer CUS-2005,Corporate,United States,City_5,Texas,Central,PROD-42393,Office Supplies,Storage,Storage Product PROD-42393,730.50,5,0.00,547.40,Critical
ORD-12142,2022-10-02,2022-10-02,Standard Class,CUS-1225,Customer CUS-1225,Home Office,United States,City_94,Virginia,South,PROD-95855,Technology,Accessories,Accessories Product PROD-95855,418.81,8,0.00,232.97,Critical
ORD-12143,2023-06-02,2023-06-02,Standard Class,CUS-4673,Customer CUS-4673,Corporate,United States,City_4,Georgia,Central,PROD-70524,Technology,Bookcases,Bookcases Product PROD-70524,577.42,9,0.00,409.28,Medium
ORD-12144,2024-05-07,2024-05-07,Second Class,CUS-2796,Customer CUS-2796,Home Office,United States,City_51,Virginia,South,PROD-86879,Office Supplies,Paper,Paper Product PROD-86879,783.84,4,0.10,738.35,Medium
ORD-12145,2022-04-15,2022-04-15,Same Day,CUS-2860,Customer CUS-2860,Corporate,United States,City_57,New York,Central,PROD-30020,Furniture,Paper,Paper Product PROD-30020,4006.73,9,0.00,3023.55,Low
ORD-12146,2022-03-21,2022-03-21,Standard Class,CUS-6180,Customer CUS-6180,Consumer,United States,City_83,Georgia,Central,PROD-72279,Office Supplies,Phones,Phones Product PROD-72279,976.08,10,0.00,554.45,Low
ORD-12147,2024-06-21,2024-06-21,Standard Class,CUS-9501,Customer CUS-9501,Corporate,United States,City_85,Georgia,West,PROD-94405,Furniture,Tables,Tables Product PROD-94405,875.59,3,0.00,637.72,High
ORD-12148,2024-08-13,2024-08-13,Standard Class,CUS-2315,Customer CUS-2315,Corporate,United States,City_30,New York,Central,PROD-93633,Technology,Paper,Paper Product PROD-93633,2462.28,8,0.00,2024.41,High
ORD-12149,2023-02-14,2023-02-14,Second Class,CUS-4694,Customer CUS-4694,Home Office,United States,City_90,Pennsylvania,West,PROD-22607,Technology,Storage,Storage Product PROD-22607,3510.67,10,0.00,2815.59,Critical
ORD-12150,2023-03-07,2023-03-07,Same Day,CUS-2418,Customer CUS-2418,Home Office,United States,City_78,Virginia,West,PROD-44438,Furniture,Phones,Phones Product PROD-44438,3471.63,10,0.00,2350.09,Low
ORD-12151,2024-01-01,2024-01-01,Second Class,CUS-2280,Customer CUS-2280,Corporate,United States,City_31,New York,West,PROD-73876,Office Supplies,Accessories,Accessories Product PROD-73876,1337.38,3,0.00,1207.91,Critical
ORD-12152,2023-08-17,2023-08-17,Standard Class,CUS-9603,Customer CUS-9603,Consumer,United States,City_6,Georgia,South,PROD-59846,Technology,Storage,Storage Product PROD-59846,572.33,5,0.15,539.49,High
ORD-12153,2022-08-27,2022-08-27,Same Day,CUS-7051,Customer CUS-7051,Home Office,United States,City_13,Virginia,South,PROD-63506,Office Supplies,Tables,Tables Product PROD-63506,705.89,3,0.00,598.06,High
ORD-12154,2022-11-17,2022-11-17,First Class,CUS-2274,Customer CUS-2274,Consumer,United States,City_59,Washington,West,PROD-55966,Furniture,Phones,Phones Product PROD-55966,525.10,6,0.00,437.57,Low
ORD-12155,2024-07-06,2024-07-06,Second Class,CUS-8204,Customer CUS-8204,Corporate,United States,City_86,New York,South,PROD-98331,Office Supplies,Chairs,Chairs Product PROD-98331,251.47,1,0.20,139.51,Medium
ORD-12156,2022-03-26,2022-03-26,First Class,CUS-4796,Customer CUS-4796,Consumer,United States,City_65,Virginia,West,PROD-71821,Office Supplies,Tables,Tables Product PROD-71821,517.23,4,0.05,285.98,High
ORD-12157,2023-06-13,2023-06-13,Second Class,CUS-4884,Customer CUS-4884,Consumer,United States,City_72,Florida,South,PROD-74705,Furniture,Accessories,Accessories Product PROD-74705,3028.01,9,0.00,2372.72,Medium
ORD-12158,2023-11-26,2023-11-26,Second Class,CUS-6476,Customer CUS-6476,Consumer,United States,City_89,Virginia,Central,PROD-67540,Technology,Laptops,Laptops Product PROD-67540,438.25,2,0.00,371.26,High
ORD-12159,2024-01-14,2024-01-14,Same Day,CUS-2730,Customer CUS-2730,Home Office,United States,City_24,New York,Central,PROD-46485,Furniture,Storage,Storage Product PROD-46485,2351.16,10,0.10,1819.56,Critical
ORD-12160,2023-10-22,2023-10-22,Second Class,CUS-4649,Customer CUS-4649,Corporate,United States,City_47,Washington,South,PROD-13738,Furniture,Bookcases,Bookcases Product PROD-13738,197.63,1,0.00,150.21,Medium
ORD-12161,2022-07-18,2022-07-18,Standard Class,CUS-1283,Customer CUS-1283,Home Office,United States,City_7,New York,West,PROD-92107,Furniture,Copiers,Copiers Product PROD-92107,824.53,4,0.00,716.92,Critical
ORD-12162,2023-03-07,2023-03-07,Standard Class,CUS-3516,Customer CUS-3516,Corporate,United States,City_74,Illinois,South,PROD-86124,Office Supplies,Accessories,Accessories Product PROD-86124,323.66,2,0.10,239.80,High
ORD-12163,2024-06-17,2024-06-17,Same Day,CUS-5511,Customer CUS-5511,Corporate,United States,City_29,Georgia,South,PROD-48355,Furniture,Bookcases,Bookcases Product PROD-48355,4057.50,10,0.10,2365.97,Low
ORD-12164,2022-07-22,2022-07-22,Second Class,CUS-6514,Customer CUS-6514,Corporate,United States,City_61,Ohio,Central,PROD-52292,Technology,Accessories,Accessories Product PROD-52292,1291.01,4,0.05,845.93,High
ORD-12165,2022-10-26,2022-10-26,First Class,CUS-4048,Customer CUS-4048,Home Office,United States,City_30,Texas,Central,PROD-27616,Furniture,Binders,Binders Product PROD-27616,1842.86,4,0.00,1651.56,Medium
ORD-12166,2022-03-26,2022-03-26,Same Day,CUS-4527,Customer CUS-4527,Consumer,United States,City_10,Ohio,South,PROD-91109,Technology,Copiers,Copiers Product PROD-91109,763.86,2,0.00,528.33,Medium
ORD-12167,2023-03-20,2023-03-20,Same Day,CUS-9110,Customer CUS-9110,Consumer,United States,City_61,Texas,East,PROD-20660,Technology,Tables,Tables Product PROD-20660,524.16,3,0.00,308.82,Low
ORD-12168,2024-03-10,2024-03-10,Same Day,CUS-3235,Customer CUS-3235,Corporate,United States,City_34,Florida,West,PROD-67357,Office Supplies,Binders,Binders Product PROD-67357,1453.11,3,0.00,917.31,Critical
ORD-12169,2023-07-14,2023-07-14,First Class,CUS-6268,Customer CUS-6268,Home Office,United States,City_28,Georgia,East,PROD-77606,Office Supplies,Copiers,Copiers Product PROD-77606,384.83,7,0.05,243.62,Low
ORD-12170,2024-10-12,2024-10-12,Standard Class,CUS-1410,Customer CUS-1410,Consumer,United States,City_97,Illinois,East,PROD-51600,Furniture,Phones,Phones Product PROD-51600,204.41,9,0.00,153.93,Critical
ORD-12171,2022-04-03,2022-04-03,Second Class,CUS-8423,Customer CUS-8423,Home Office,United States,City_82,Florida,South,PROD-59530,Furniture,Phones,Phones Product PROD-59530,1393.58,6,0.00,1295.40,High
ORD-12172,2023-03-18,2023-03-18,Second Class,CUS-1850,Customer CUS-1850,Consumer,United States,City_40,Virginia,West,PROD-92345,Furniture,Laptops,Laptops Product PROD-92345,378.58,1,0.00,347.82,Low
ORD-12173,2022-10-01,2022-10-01,First Class,CUS-6131,Customer CUS-6131,Consumer,United States,City_68,New York,Central,PROD-18864,Technology,Laptops,Laptops Product PROD-18864,608.39,6,0.10,414.16,High
ORD-12174,2024-08-28,2024-08-28,Same Day,CUS-9122,Customer CUS-9122,Consumer,United States,City_6,Virginia,East,PROD-32324,Office Supplies,Accessories,Accessories Product PROD-32324,882.68,3,0.00,733.18,Medium
ORD-12175,2024-10-27,2024-10-27,Second Class,CUS-1518,Customer CUS-1518,Home Office,United States,City_51,Pennsylvania,East,PROD-40679,Office Supplies,Binders,Binders Product PROD-40679,801.84,3,0.05,481.65,High
ORD-12176,2024-06-16,2024-06-16,First Class,CUS-8340,Customer CUS-8340,Corporate,United States,City_78,New York,East,PROD-16116,Office Supplies,Accessories,Accessories Product PROD-16116,2812.37,10,0.00,2535.92,Critical
ORD-12177,2022-11-11,2022-11-11,Standard Class,CUS-7597,Customer CUS-7597,Home Office,United States,City_89,Virginia,West,PROD-71093,Technology,Storage,Storage Product PROD-71093,1137.40,4,0.00,1065.41,Low
ORD-12178,2022-05-25,2022-05-25,Second Class,CUS-9334,Customer CUS-9334,Consumer,United States,City_70,Georgia,Central,PROD-95838,Office Supplies,Tables,Tables Product PROD-95838,735.57,3,0.20,456.25,High
ORD-12179,2024-01-17,2024-01-17,Second Class,CUS-3484,Customer CUS-3484,Home Office,United States,City_36,Pennsylvania,West,PROD-86764,Furniture,Chairs,Chairs Product PROD-86764,19.85,2,0.00,15.17,Medium
ORD-12180,2022-09-04,2022-09-04,Second Class,CUS-1790,Customer CUS-1790,Home Office,United States,City_99,Illinois,West,PROD-98158,Furniture,Laptops,Laptops Product PROD-98158,1855.25,7,0.05,1323.37,Critical
ORD-12181,2022-03-11,2022-03-11,First Class,CUS-2950,Customer CUS-2950,Consumer,United States,City_11,Illinois,West,PROD-50419,Office Supplies,Binders,Binders Product PROD-50419,2169.04,8,0.10,1904.11,Low
ORD-12182,2024-08-28,2024-08-28,Standard Class,CUS-9802,Customer CUS-9802,Home Office,United States,City_26,Pennsylvania,West,PROD-11698,Technology,Copiers,Copiers Product PROD-11698,157.43,1,0.05,131.81,Critical
ORD-12183,2024-12-03,2024-12-03,Second Class,CUS-5764,Customer CUS-5764,Consumer,United States,City_0,Texas,South,PROD-87516,Technology,Paper,Paper Product PROD-87516,2923.46,9,0.10,1712.05,Critical
ORD-12184,2024-11-03,2024-11-03,Second Class,CUS-2050,Customer CUS-2050,Corporate,United States,City_62,California,South,PROD-41352,Office Supplies,Paper,Paper Product PROD-41352,1124.60,3,0.15,890.79,Low
ORD-12185,2023-10-06,2023-10-06,First Class,CUS-1365,Customer CUS-1365,Home Office,United States,City_47,Georgia,West,PROD-36638,Office Supplies,Copiers,Copiers Product PROD-36638,415.88,1,0.00,323.80,Low
ORD-12186,2023-02-21,2023-02-21,Standard Class,CUS-1567,Customer CUS-1567,Corporate,United States,City_85,Illinois,West,PROD-80709,Office Supplies,Bookcases,Bookcases Product PROD-80709,1124.06,3,0.05,1039.67,Medium
ORD-12187,2024-09-26,2024-09-26,Standard Class,CUS-2849,Customer CUS-2849,Corporate,United States,City_46,Illinois,West,PROD-87836,Office Supplies,Tables,Tables Product PROD-87836,25.02,4,0.00,14.40,Low
ORD-12188,2022-08-25,2022-08-25,Standard Class,CUS-6920,Customer CUS-6920,Corporate,United States,City_68,Virginia,West,PROD-52995,Office Supplies,Paper,Paper Product PROD-52995,1011.25,4,0.05,956.15,High
ORD-12189,2024-08-05,2024-08-05,Standard Class,CUS-1164,Customer CUS-1164,Consumer,United States,City_56,Florida,East,PROD-82893,Furniture,Laptops,Laptops Product PROD-82893,98.57,2,0.00,84.91,Low
ORD-12190,2024-05-24,2024-05-24,Same Day,CUS-3887,Customer CUS-3887,Corporate,United States,City_64,Pennsylvania,South,PROD-45933,Furniture,Bookcases,Bookcases Product PROD-45933,430.33,4,0.05,342.78,Medium
ORD-12191,2024-09-23,2024-09-23,Same Day,CUS-6663,Customer CUS-6663,Home Office,United States,City_3,Ohio,South,PROD-15064,Furniture,Storage,Storage Product PROD-15064,3514.18,8,0.05,2376.15,High
ORD-12192,2022-09-11,2022-09-11,First Class,CUS-7977,Customer CUS-7977,Corporate,United States,City_31,California,Central,PROD-18876,Office Supplies,Paper,Paper Product PROD-18876,2515.47,10,0.00,1494.32,Medium
ORD-12193,2022-10-12,2022-10-12,First Class,CUS-5267,Customer CUS-5267,Corporate,United States,City_45,Texas,West,PROD-29583,Furniture,Laptops,Laptops Product PROD-29583,398.01,3,0.00,221.18,Critical
ORD-12194,2023-05-07,2023-05-07,Same Day,CUS-4108,Customer CUS-4108,Consumer,United States,City_71,Texas,Central,PROD-40899,Furniture,Phones,Phones Product PROD-40899,517.45,7,0.00,409.94,High
ORD-12195,2024-02-04,2024-02-04,First Class,CUS-4166,Customer CUS-4166,Home Office,United States,City_77,Pennsylvania,South,PROD-39885,Furniture,Storage,Storage Product PROD-39885,91.52,7,0.00,55.20,Critical
ORD-12196,2023-05-18,2023-05-18,Standard Class,CUS-9822,Customer CUS-9822,Consumer,United States,City_15,Washington,West,PROD-70481,Technology,Storage,Storage Product PROD-70481,1153.07,7,0.00,1030.26,Critical
ORD-12197,2023-07-20,2023-07-20,First Class,CUS-1159,Customer CUS-1159,Home Office,United States,City_48,Pennsylvania,South,PROD-67969,Office Supplies,Bookcases,Bookcases Product PROD-67969,173.63,2,0.00,158.79,Low
ORD-12198,2022-01-11,2022-01-11,Second Class,CUS-1507,Customer CUS-1507,Consumer,United States,City_22,Ohio,West,PROD-36182,Furniture,Accessories,Accessories Product PROD-36182,531.96,8,0.20,459.49,High
ORD-12199,2022-07-06,2022-07-06,Second Class,CUS-8616,Customer CUS-8616,Corporate,United States,City_95,Virginia,Central,PROD-33998,Office Supplies,Paper,Paper Product PROD-33998,2821.68,6,0.00,2043.42,Low
ORD-12200,2023-06-13,2023-06-13,Same Day,CUS-7652,Customer CUS-7652,Corporate,United States,City_17,Florida,South,PROD-24606,Technology,Tables,Tables Product PROD-24606,722.44,2,0.05,642.27,Low
ORD-12201,2023-05-28,2023-05-28,Standard Class,CUS-3292,Customer CUS-3292,Corporate,United States,City_91,Georgia,West,PROD-26963,Technology,Bookcases,Bookcases Product PROD-26963,2251.60,6,0.00,1755.44,High
ORD-12202,2024-03-23,2024-03-23,Same Day,CUS-9746,Customer CUS-9746,Corporate,United States,City_49,California,West,PROD-27979,Office Supplies,Accessories,Accessories Product PROD-27979,1353.72,8,0.00,911.32,Medium
ORD-12203,2023-10-08,2023-10-08,Standard Class,CUS-5025,Customer CUS-5025,Corporate,United States,City_80,Virginia,West,PROD-89787,Furniture,Storage,Storage Product PROD-89787,2841.07,8,0.05,2669.90,High
ORD-12204,2024-06-07,2024-06-07,First Class,CUS-4796,Customer CUS-4796,Home Office,United States,City_4,California,East,PROD-39399,Furniture,Tables,Tables Product PROD-39399,1068.17,9,0.10,682.91,Medium
ORD-12205,2022-10-07,2022-10-07,Standard Class,CUS-2140,Customer CUS-2140,Home Office,United States,City_16,Georgia,Central,PROD-96660,Office Supplies,Accessories,Accessories Product PROD-96660,1170.48,8,0.00,938.40,Low
ORD-12206,2024-07-02,2024-07-02,First Class,CUS-4558,Customer CUS-4558,Corporate,United States,City_28,Texas,South,PROD-20020,Furniture,Accessories,Accessories Product PROD-20020,645.54,4,0.00,515.02,High
ORD-12207,2023-05-19,2023-05-19,Same Day,CUS-6687,Customer CUS-6687,Consumer,United States,City_19,Illinois,Central,PROD-70436,Office Supplies,Tables,Tables Product PROD-70436,1521.18,6,0.00,1234.11,Low
ORD-12208,2022-03-15,2022-03-15,Standard Class,CUS-6667,Customer CUS-6667,Home Office,United States,City_28,New York,East,PROD-80167,Furniture,Tables,Tables Product PROD-80167,84.29,4,0.00,74.99,Critical
ORD-12209,2024-02-05,2024-02-05,First Class,CUS-8433,Customer CUS-8433,Consumer,United States,City_21,Florida,South,PROD-87137,Technology,Storage,Storage Product PROD-87137,1246.06,9,0.00,779.32,Medium
ORD-12210,2022-12-17,2022-12-17,Standard Class,CUS-4347,Customer CUS-4347,Home Office,United States,City_67,Ohio,South,PROD-94502,Furniture,Binders,Binders Product PROD-94502,2786.55,9,0.15,1644.33,Medium
ORD-12211,2024-05-17,2024-05-17,Standard Class,CUS-5040,Customer CUS-5040,Consumer,United States,City_8,Illinois,West,PROD-62758,Furniture,Binders,Binders Product PROD-62758,2023.22,8,0.00,1805.44,High
ORD-12212,2024-08-07,2024-08-07,Second Class,CUS-2631,Customer CUS-2631,Consumer,United States,City_19,New York,South,PROD-20186,Technology,Accessories,Accessories Product PROD-20186,1933.04,9,0.10,1067.64,High
ORD-12213,2022-03-19,2022-03-19,First Class,CUS-3236,Customer CUS-3236,Consumer,United States,City_44,Virginia,Central,PROD-83475,Office Supplies,Accessories,Accessories Product PROD-83475,1353.95,6,0.00,779.56,Critical
ORD-12214,2023-03-02,2023-03-02,Standard Class,CUS-2611,Customer CUS-2611,Home Office,United States,City_27,New York,East,PROD-18807,Technology,Paper,Paper Product PROD-18807,514.82,4,0.00,484.44,Critical
ORD-12215,2024-02-11,2024-02-11,Same Day,CUS-2720,Customer CUS-2720,Corporate,United States,City_96,Ohio,South,PROD-47968,Office Supplies,Paper,Paper Product PROD-47968,6.05,1,0.15,5.06,Low
ORD-12216,2022-06-10,2022-06-10,First Class,CUS-4851,Customer CUS-4851,Consumer,United States,City_56,Ohio,West,PROD-14607,Office Supplies,Copiers,Copiers Product PROD-14607,3383.40,8,0.05,2520.76,High
ORD-12217,2024-01-18,2024-01-18,Same Day,CUS-1315,Customer CUS-1315,Corporate,United States,City_81,New York,West,PROD-74850,Office Supplies,Tables,Tables Product PROD-74850,1225.39,9,0.10,1129.04,Low
ORD-12218,2022-02-17,2022-02-17,First Class,CUS-6843,Customer CUS-6843,Home Office,United States,City_85,Florida,Central,PROD-61535,Office Supplies,Copiers,Copiers Product PROD-61535,1866.42,5,0.20,1127.71,Critical
ORD-12219,2022-08-21,2022-08-21,Standard Class,CUS-4990,Customer CUS-4990,Home Office,United States,City_59,Texas,East,PROD-50071,Technology,Accessories,Accessories Product PROD-50071,1008.38,8,0.10,877.95,Critical
ORD-12220,2023-08-18,2023-08-18,Second Class,CUS-2925,Customer CUS-2925,Home Office,United States,City_77,Pennsylvania,South,PROD-79175,Office Supplies,Binders,Binders Product PROD-79175,1966.15,9,0.00,1808.41,High
ORD-12221,2024-11-03,2024-11-03,Standard Class,CUS-5855,Customer CUS-5855,Consumer,United States,City_33,Texas,Central,PROD-27649,Technology,Copiers,Copiers Product PROD-27649,2304.47,8,0.20,1862.95,Low
ORD-12222,2022-07-25,2022-07-25,Second Class,CUS-6817,Customer CUS-6817,Home Office,United States,City_2,Florida,East,PROD-50549,Furniture,Bookcases,Bookcases Product PROD-50549,442.59,4,0.05,322.46,Medium
ORD-12223,2022-09-19,2022-09-19,Second Class,CUS-8551,Customer CUS-8551,Corporate,United States,City_67,Washington,West,PROD-70783,Technology,Chairs,Chairs Product PROD-70783,3168.47,9,0.00,2752.91,Low
ORD-12224,2024-07-01,2024-07-01,First Class,CUS-5362,Customer CUS-5362,Home Office,United States,City_37,Georgia,East,PROD-22904,Technology,Copiers,Copiers Product PROD-22904,22.23,5,0.20,12.40,Medium
ORD-12225,2024-08-28,2024-08-28,Standard Class,CUS-7033,Customer CUS-7033,Corporate,United States,City_47,Washington,East,PROD-82977,Furniture,Accessories,Accessories Product PROD-82977,3572.86,8,0.00,2289.66,High
ORD-12226,2024-01-28,2024-01-28,Standard Class,CUS-2070,Customer CUS-2070,Home Office,United States,City_38,Washington,South,PROD-42850,Furniture,Laptops,Laptops Product PROD-42850,251.65,2,0.00,192.31,Medium
ORD-12227,2024-01-21,2024-01-21,Second Class,CUS-5852,Customer CUS-5852,Home Office,United States,City_58,Illinois,Central,PROD-89008,Furniture,Accessories,Accessories Product PROD-89008,2085.27,7,0.00,1349.70,High
ORD-12228,2022-02-02,2022-02-02,Same Day,CUS-4636,Customer CUS-4636,Corporate,United States,City_9,Washington,Central,PROD-32444,Technology,Storage,Storage Product PROD-32444,98.23,1,0.05,72.27,High
ORD-12229,2022-03-04,2022-03-04,Same Day,CUS-9876,Customer CUS-9876,Consumer,United States,City_7,Pennsylvania,Central,PROD-35715,Office Supplies,Copiers,Copiers Product PROD-35715,3399.52,7,0.00,2562.52,Critical
ORD-12230,2024-12-28,2024-12-28,First Class,CUS-3172,Customer CUS-3172,Corporate,United States,City_70,Illinois,Central,PROD-47198,Office Supplies,Accessories,Accessories Product PROD-47198,3468.17,7,0.00,2252.77,Critical
ORD-12231,2023-05-26,2023-05-26,Standard Class,CUS-2767,Customer CUS-2767,Home Office,United States,City_52,Georgia,South,PROD-95527,Technology,Binders,Binders Product PROD-95527,1211.37,8,0.05,761.44,Low
ORD-12232,2024-09-21,2024-09-21,Second Class,CUS-2319,Customer CUS-2319,Consumer,United States,City_71,Georgia,East,PROD-17564,Technology,Storage,Storage Product PROD-17564,1036.64,5,0.10,747.81,High
ORD-12233,2022-04-04,2022-04-04,Standard Class,CUS-1571,Customer CUS-1571,Consumer,United States,City_90,Georgia,West,PROD-68390,Technology,Chairs,Chairs Product PROD-68390,2709.48,7,0.00,2502.49,Low
ORD-12234,2023-01-27,2023-01-27,Standard Class,CUS-1340,Customer CUS-1340,Consumer,United States,City_0,Florida,Central,PROD-84273,Office Supplies,Accessories,Accessories Product PROD-84273,974.50,9,0.00,796.76,Medium
ORD-12235,2023-10-08,2023-10-08,Second Class,CUS-9291,Customer CUS-9291,Corporate,United States,City_76,Washington,East,PROD-98774,Furniture,Copiers,Copiers Product PROD-98774,1022.66,4,0.00,781.68,High
ORD-12236,2023-10-17,2023-10-17,Second Class,CUS-4882,Customer CUS-4882,Home Office,United States,City_75,Texas,South,PROD-23682,Office Supplies,Accessories,Accessories Product PROD-23682,2661.44,7,0.00,2443.25,Low
ORD-12237,2023-04-23,2023-04-23,Second Class,CUS-8035,Customer CUS-8035,Corporate,United States,City_74,California,East,PROD-14648,Office Supplies,Bookcases,Bookcases Product PROD-14648,908.32,4,0.00,578.56,Critical
ORD-12238,2024-12-19,2024-12-19,Same Day,CUS-8419,Customer CUS-8419,Home Office,United States,City_16,Florida,Central,PROD-75716,Furniture,Bookcases,Bookcases Product PROD-75716,944.84,3,0.00,618.33,Low
ORD-12239,2022-10-22,2022-10-22,Same Day,CUS-8284,Customer CUS-8284,Consumer,United States,City_46,Texas,Central,PROD-73609,Furniture,Chairs,Chairs Product PROD-73609,738.65,4,0.00,503.64,Low
ORD-12240,2024-03-12,2024-03-12,Same Day,CUS-2110,Customer CUS-2110,Home Office,United States,City_54,Illinois,West,PROD-12274,Furniture,Copiers,Copiers Product PROD-12274,600.07,3,0.00,492.78,Low
ORD-12241,2024-09-20,2024-09-20,Second Class,CUS-4515,Customer CUS-4515,Corporate,United States,City_69,Ohio,South,PROD-82697,Technology,Laptops,Laptops Product PROD-82697,1314.62,8,0.00,780.99,Low
ORD-12242,2024-11-21,2024-11-21,Standard Class,CUS-7889,Customer CUS-7889,Corporate,United States,City_56,New York,East,PROD-71874,Office Supplies,Accessories,Accessories Product PROD-71874,1423.14,7,0.15,1219.02,High
ORD-12243,2022-05-13,2022-05-13,Second Class,CUS-3203,Customer CUS-3203,Consumer,United States,City_42,Virginia,Central,PROD-98324,Technology,Bookcases,Bookcases Product PROD-98324,3269.06,7,0.00,2687.32,Low
ORD-12244,2022-04-20,2022-04-20,Second Class,CUS-4368,Customer CUS-4368,Home Office,United States,City_56,Virginia,West,PROD-53444,Office Supplies,Laptops,Laptops Product PROD-53444,429.30,8,0.00,387.25,Medium
ORD-12245,2024-01-23,2024-01-23,First Class,CUS-7944,Customer CUS-7944,Home Office,United States,City_27,Florida,South,PROD-74148,Technology,Phones,Phones Product PROD-74148,2106.24,10,0.00,1301.98,High
ORD-12246,2022-02-09,2022-02-09,First Class,CUS-8028,Customer CUS-8028,Home Office,United States,City_79,Washington,South,PROD-47660,Furniture,Accessories,Accessories Product PROD-47660,791.48,3,0.00,481.74,Low
ORD-12247,2024-02-11,2024-02-11,Same Day,CUS-1754,Customer CUS-1754,Corporate,United States,City_99,New York,South,PROD-72254,Technology,Tables,Tables Product PROD-72254,1181.06,8,0.10,1043.07,Critical
ORD-12248,2023-08-21,2023-08-21,First Class,CUS-2200,Customer CUS-2200,Corporate,United States,City_89,Florida,East,PROD-98058,Furniture,Accessories,Accessories Product PROD-98058,3023.22,9,0.00,1811.96,High
ORD-12249,2024-07-19,2024-07-19,Second Class,CUS-4040,Customer CUS-4040,Home Office,United States,City_88,California,East,PROD-76602,Office Supplies,Laptops,Laptops Product PROD-76602,1088.17,4,0.10,850.59,Low
ORD-12250,2022-03-03,2022-03-03,Second Class,CUS-1629,Customer CUS-1629,Home Office,United States,City_71,Virginia,Central,PROD-43355,Technology,Copiers,Copiers Product PROD-43355,444.62,2,0.20,395.85,Critical
ORD-12251,2022-10-22,2022-10-22,Same Day,CUS-5663,Customer CUS-5663,Corporate,United States,City_15,Georgia,South,PROD-12301,Furniture,Laptops,Laptops Product PROD-12301,357.48,1,0.00,262.35,Low
ORD-12252,2022-06-25,2022-06-25,Standard Class,CUS-3053,Customer CUS-3053,Consumer,United States,City_44,Illinois,South,PROD-47006,Technology,Bookcases,Bookcases Product PROD-47006,3810.31,8,0.00,2277.44,Critical
ORD-12253,2024-06-03,2024-06-03,Second Class,CUS-2152,Customer CUS-2152,Consumer,United States,City_53,California,East,PROD-78882,Furniture,Laptops,Laptops Product PROD-78882,43.33,1,0.00,28.50,Low
ORD-12254,2022-07-19,2022-07-19,Second Class,CUS-1544,Customer CUS-1544,Home Office,United States,City_96,Ohio,Central,PROD-47127,Office Supplies,Bookcases,Bookcases Product PROD-47127,682.11,4,0.05,440.96,Critical
ORD-12255,2024-07-09,2024-07-09,First Class,CUS-1463,Customer CUS-1463,Home Office,United States,City_79,California,South,PROD-84822,Furniture,Storage,Storage Product PROD-84822,445.10,1,0.00,370.46,Low
ORD-12256,2024-07-04,2024-07-04,Standard Class,CUS-5954,Customer CUS-5954,Corporate,United States,City_94,Virginia,Central,PROD-76905,Technology,Chairs,Chairs Product PROD-76905,2478.44,7,0.05,2112.65,Medium
ORD-12257,2024-06-05,2024-06-05,Standard Class,CUS-9770,Customer CUS-9770,Consumer,United States,City_22,New York,East,PROD-87664,Office Supplies,Copiers,Copiers Product PROD-87664,863.94,6,0.00,485.06,High
ORD-12258,2022-05-14,2022-05-14,Standard Class,CUS-2955,Customer CUS-2955,Consumer,United States,City_57,Georgia,South,PROD-39838,Furniture,Accessories,Accessories Product PROD-39838,113.00,2,0.00,64.78,Medium
ORD-12259,2023-05-17,2023-05-17,First Class,CUS-4937,Customer CUS-4937,Consumer,United States,City_93,Virginia,Central,PROD-50299,Technology,Phones,Phones Product PROD-50299,1270.42,6,0.00,955.20,High
ORD-12260,2024-09-03,2024-09-03,First Class,CUS-4936,Customer CUS-4936,Consumer,United States,City_84,Washington,West,PROD-32874,Furniture,Binders,Binders Product PROD-32874,3494.53,7,0.00,2047.62,High
ORD-12261,2024-04-14,2024-04-14,Same Day,CUS-9504,Customer CUS-9504,Home Office,United States,City_88,Florida,East,PROD-46259,Office Supplies,Bookcases,Bookcases Product PROD-46259,572.84,2,0.10,489.61,Low
ORD-12262,2022-01-02,2022-01-02,Second Class,CUS-3875,Customer CUS-3875,Corporate,United States,City_11,Virginia,West,PROD-46732,Technology,Phones,Phones Product PROD-46732,375.14,2,0.00,335.75,Low
ORD-12263,2023-08-03,2023-08-03,Same Day,CUS-5463,Customer CUS-5463,Home Office,United States,City_47,Pennsylvania,West,PROD-34791,Furniture,Binders,Binders Product PROD-34791,1226.86,6,0.05,835.07,Critical
ORD-12264,2022-10-27,2022-10-27,Standard Class,CUS-4134,Customer CUS-4134,Consumer,United States,City_22,Florida,West,PROD-74965,Furniture,Bookcases,Bookcases Product PROD-74965,912.70,2,0.05,527.63,High
ORD-12265,2022-12-06,2022-12-06,Second Class,CUS-5404,Customer CUS-5404,Consumer,United States,City_13,New York,Central,PROD-92237,Technology,Tables,Tables Product PROD-92237,55.39,1,0.00,31.81,Medium
ORD-12266,2024-02-16,2024-02-16,First Class,CUS-3331,Customer CUS-3331,Corporate,United States,City_29,Florida,Central,PROD-15230,Furniture,Copiers,Copiers Product PROD-15230,870.20,4,0.00,553.81,Critical
ORD-12267,2022-07-28,2022-07-28,Standard Class,CUS-9150,Customer CUS-9150,Corporate,United States,City_76,Virginia,Central,PROD-32343,Office Supplies,Paper,Paper Product PROD-32343,70.45,1,0.00,49.83,Critical
ORD-12268,2023-01-02,2023-01-02,First Class,CUS-1923,Customer CUS-1923,Corporate,United States,City_4,Florida,South,PROD-65989,Furniture,Paper,Paper Product PROD-65989,489.86,7,0.10,418.18,Medium
ORD-12269,2024-02-04,2024-02-04,First Class,CUS-4492,Customer CUS-4492,Corporate,United States,City_48,Florida,Central,PROD-85323,Office Supplies,Chairs,Chairs Product PROD-85323,2292.65,5,0.00,1715.46,High
ORD-12270,2023-01-18,2023-01-18,Standard Class,CUS-3375,Customer CUS-3375,Home Office,United States,City_83,Virginia,South,PROD-68488,Office Supplies,Accessories,Accessories Product PROD-68488,1745.53,4,0.00,967.73,High
ORD-12271,2024-08-01,2024-08-01,Second Class,CUS-8652,Customer CUS-8652,Consumer,United States,City_87,Illinois,South,PROD-47351,Office Supplies,Tables,Tables Product PROD-47351,418.34,1,0.00,251.73,Critical
ORD-12272,2023-11-19,2023-11-19,First Class,CUS-3923,Customer CUS-3923,Consumer,United States,City_91,Pennsylvania,East,PROD-35443,Office Supplies,Tables,Tables Product PROD-35443,170.44,1,0.00,111.30,High
ORD-12273,2023-05-17,2023-05-17,Second Class,CUS-9941,Customer CUS-9941,Corporate,United States,City_92,New York,West,PROD-24468,Technology,Accessories,Accessories Product PROD-24468,93.55,7,0.10,55.62,High
ORD-12274,2022-04-18,2022-04-18,Second Class,CUS-9178,Customer CUS-9178,Corporate,United States,City_87,Virginia,South,PROD-51439,Technology,Bookcases,Bookcases Product PROD-51439,2452.08,9,0.00,1963.28,Critical
ORD-12275,2022-02-23,2022-02-23,First Class,CUS-9637,Customer CUS-9637,Corporate,United States,City_73,Pennsylvania,West,PROD-65996,Office Supplies,Laptops,Laptops Product PROD-65996,64.99,9,0.10,54.97,Medium
ORD-12276,2024-05-06,2024-05-06,Second Class,CUS-6905,Customer CUS-6905,Home Office,United States,City_96,Washington,West,PROD-27803,Technology,Accessories,Accessories Product PROD-27803,852.64,5,0.00,711.17,Critical
ORD-12277,2022-03-17,2022-03-17,First Class,CUS-2987,Customer CUS-2987,Corporate,United States,City_86,New York,West,PROD-71595,Office Supplies,Binders,Binders Product PROD-71595,331.74,5,0.15,194.88,Medium
ORD-12278,2023-12-12,2023-12-12,Second Class,CUS-6518,Customer CUS-6518,Consumer,United States,City_68,New York,Central,PROD-80482,Office Supplies,Chairs,Chairs Product PROD-80482,4177.48,9,0.00,3147.29,High
ORD-12279,2022-11-13,2022-11-13,Second Class,CUS-2242,Customer CUS-2242,Consumer,United States,City_4,Washington,West,PROD-97186,Furniture,Binders,Binders Product PROD-97186,1878.15,6,0.00,1538.61,Low
ORD-12280,2024-12-20,2024-12-20,First Class,CUS-5418,Customer CUS-5418,Corporate,United States,City_10,Illinois,Central,PROD-28306,Office Supplies,Laptops,Laptops Product PROD-28306,2249.02,6,0.00,2037.61,Low
ORD-12281,2024-01-04,2024-01-04,Second Class,CUS-1753,Customer CUS-1753,Home Office,United States,City_12,Pennsylvania,Central,PROD-37207,Technology,Tables,Tables Product PROD-37207,142.54,1,0.00,131.10,Critical
ORD-12282,2024-07-28,2024-07-28,Standard Class,CUS-2789,Customer CUS-2789,Home Office,United States,City_11,Ohio,Central,PROD-70313,Furniture,Binders,Binders Product PROD-70313,1196.16,4,0.10,949.73,Low
ORD-12283,2024-07-05,2024-07-05,Standard Class,CUS-5045,Customer CUS-5045,Home Office,United States,City_55,Washington,East,PROD-81959,Furniture,Phones,Phones Product PROD-81959,2919.98,6,0.00,2299.65,Critical
ORD-12284,2022-06-03,2022-06-03,Standard Class,CUS-7957,Customer CUS-7957,Corporate,United States,City_84,California,East,PROD-70407,Office Supplies,Accessories,Accessories Product PROD-70407,774.74,6,0.00,463.83,Medium
ORD-12285,2024-12-24,2024-12-24,Standard Class,CUS-6660,Customer CUS-6660,Home Office,United States,City_9,California,South,PROD-19219,Office Supplies,Binders,Binders Product PROD-19219,456.64,4,0.10,293.10,Medium
ORD-12286,2023-10-07,2023-10-07,Same Day,CUS-9060,Customer CUS-9060,Corporate,United States,City_17,Florida,South,PROD-58141,Furniture,Phones,Phones Product PROD-58141,1023.54,4,0.10,851.09,High
ORD-12287,2023-07-21,2023-07-21,Second Class,CUS-8662,Customer CUS-8662,Corporate,United States,City_10,California,Central,PROD-99475,Furniture,Phones,Phones Product PROD-99475,552.50,7,0.00,403.31,Low
ORD-12288,2022-12-08,2022-12-08,Same Day,CUS-8298,Customer CUS-8298,Consumer,United States,City_84,California,South,PROD-76988,Office Supplies,Chairs,Chairs Product PROD-76988,593.75,3,0.00,553.04,High
ORD-12289,2022-05-23,2022-05-23,Standard Class,CUS-8333,Customer CUS-8333,Corporate,United States,City_15,Florida,South,PROD-49852,Office Supplies,Paper,Paper Product PROD-49852,3190.13,7,0.00,2131.01,High
ORD-12290,2024-07-16,2024-07-16,Second Class,CUS-3601,Customer CUS-3601,Home Office,United States,City_86,Washington,West,PROD-18356,Furniture,Phones,Phones Product PROD-18356,770.79,2,0.15,550.20,Critical
ORD-12291,2024-01-04,2024-01-04,Same Day,CUS-6244,Customer CUS-6244,Consumer,United States,City_68,Texas,East,PROD-85765,Furniture,Binders,Binders Product PROD-85765,340.75,9,0.00,314.44,Medium
ORD-12292,2023-12-09,2023-12-09,Second Class,CUS-4686,Customer CUS-4686,Corporate,United States,City_38,Washington,Central,PROD-36698,Office Supplies,Tables,Tables Product PROD-36698,17.77,1,0.00,11.31,Critical
ORD-12293,2022-04-15,2022-04-15,Second Class,CUS-4268,Customer CUS-4268,Home Office,United States,City_7,California,East,PROD-40168,Technology,Chairs,Chairs Product PROD-40168,134.89,9,0.05,127.97,Medium
ORD-12294,2022-08-20,2022-08-20,Standard Class,CUS-1002,Customer CUS-1002,Home Office,United States,City_65,New York,South,PROD-38075,Technology,Bookcases,Bookcases Product PROD-38075,1718.05,6,0.00,945.07,Critical
ORD-12295,2023-12-28,2023-12-28,Same Day,CUS-3957,Customer CUS-3957,Home Office,United States,City_46,Texas,South,PROD-33036,Technology,Laptops,Laptops Product PROD-33036,1870.76,5,0.10,1212.60,Critical
ORD-12296,2024-01-18,2024-01-18,Same Day,CUS-9471,Customer CUS-9471,Consumer,United States,City_46,Florida,Central,PROD-65925,Furniture,Tables,Tables Product PROD-65925,455.61,2,0.00,402.85,Medium
ORD-12297,2024-08-26,2024-08-26,Second Class,CUS-2371,Customer CUS-2371,Corporate,United States,City_58,Pennsylvania,East,PROD-47815,Office Supplies,Laptops,Laptops Product PROD-47815,1256.04,3,0.05,750.85,High
ORD-12298,2024-03-05,2024-03-05,Same Day,CUS-8111,Customer CUS-8111,Home Office,United States,City_47,Virginia,East,PROD-15382,Office Supplies,Tables,Tables Product PROD-15382,2026.91,10,0.00,1195.05,Critical
ORD-12299,2023-06-13,2023-06-13,First Class,CUS-8641,Customer CUS-8641,Consumer,United States,City_75,California,South,PROD-57213,Technology,Bookcases,Bookcases Product PROD-57213,609.97,3,0.10,443.23,Medium
ORD-12300,2023-02-23,2023-02-23,Second Class,CUS-8831,Customer CUS-8831,Corporate,United States,City_86,Georgia,Central,PROD-40311,Office Supplies,Tables,Tables Product PROD-40311,1931.97,10,0.00,1221.44,Critical
ORD-12301,2024-04-21,2024-04-21,Second Class,CUS-3409,Customer CUS-3409,Consumer,United States,City_96,Washington,Central,PROD-83698,Office Supplies,Storage,Storage Product PROD-83698,219.88,5,0.05,124.29,Medium
ORD-12302,2023-05-07,2023-05-07,Standard Class,CUS-6061,Customer CUS-6061,Corporate,United States,City_71,Washington,South,PROD-76502,Office Supplies,Paper,Paper Product PROD-76502,162.08,7,0.00,127.06,Medium
ORD-12303,2024-10-08,2024-10-08,Second Class,CUS-1930,Customer CUS-1930,Consumer,United States,City_42,Washington,West,PROD-29498,Furniture,Binders,Binders Product PROD-29498,3552.23,9,0.20,2503.36,Low
ORD-12304,2023-10-24,2023-10-24,First Class,CUS-6147,Customer CUS-6147,Home Office,United States,City_47,California,South,PROD-13295,Office Supplies,Laptops,Laptops Product PROD-13295,2510.44,9,0.00,1578.86,Critical
ORD-12305,2023-06-12,2023-06-12,Same Day,CUS-6682,Customer CUS-6682,Home Office,United States,City_56,Washington,Central,PROD-57053,Office Supplies,Binders,Binders Product PROD-57053,367.54,1,0.00,214.32,Medium
ORD-12306,2022-11-25,2022-11-25,First Class,CUS-9148,Customer CUS-9148,Consumer,United States,City_80,Ohio,Central,PROD-29968,Office Supplies,Bookcases,Bookcases Product PROD-29968,1799.34,8,0.00,1584.90,Medium
ORD-12307,2024-07-24,2024-07-24,Standard Class,CUS-4391,Customer CUS-4391,Consumer,United States,City_98,Florida,South,PROD-64250,Furniture,Accessories,Accessories Product PROD-64250,1459.37,8,0.00,902.71,Low
ORD-12308,2022-04-24,2022-04-24,Standard Class,CUS-1529,Customer CUS-1529,Home Office,United States,City_68,Georgia,East,PROD-80830,Furniture,Tables,Tables Product PROD-80830,455.91,6,0.00,389.55,Medium
ORD-12309,2024-11-09,2024-11-09,Same Day,CUS-9257,Customer CUS-9257,Corporate,United States,City_4,Ohio,East,PROD-26311,Office Supplies,Phones,Phones Product PROD-26311,276.05,3,0.10,155.51,Low
ORD-12310,2024-10-25,2024-10-25,Standard Class,CUS-7065,Customer CUS-7065,Corporate,United States,City_54,California,Central,PROD-91141,Office Supplies,Paper,Paper Product PROD-91141,3002.66,7,0.00,2604.62,High
ORD-12311,2022-06-20,2022-06-20,Second Class,CUS-8754,Customer CUS-8754,Home Office,United States,City_50,New York,South,PROD-44194,Technology,Phones,Phones Product PROD-44194,1486.70,4,0.20,851.99,Critical
ORD-12312,2023-06-15,2023-06-15,Same Day,CUS-4632,Customer CUS-4632,Home Office,United States,City_77,New York,Central,PROD-94499,Office Supplies,Accessories,Accessories Product PROD-94499,116.14,1,0.20,101.38,High
ORD-12313,2024-06-07,2024-06-07,Second Class,CUS-6586,Customer CUS-6586,Consumer,United States,City_43,Virginia,South,PROD-45283,Office Supplies,Storage,Storage Product PROD-45283,213.65,1,0.00,190.31,Medium
ORD-12314,2024-08-04,2024-08-04,Second Class,CUS-1673,Customer CUS-1673,Home Office,United States,City_53,New York,South,PROD-53786,Office Supplies,Binders,Binders Product PROD-53786,466.35,3,0.20,292.80,High
ORD-12315,2023-03-05,2023-03-05,Standard Class,CUS-6084,Customer CUS-6084,Corporate,United States,City_5,Washington,South,PROD-51330,Furniture,Accessories,Accessories Product PROD-51330,124.56,3,0.00,74.54,Medium
ORD-12316,2023-10-25,2023-10-25,Same Day,CUS-4260,Customer CUS-4260,Corporate,United States,City_49,Pennsylvania,South,PROD-50566,Office Supplies,Bookcases,Bookcases Product PROD-50566,34.64,1,0.05,26.53,Low
ORD-12317,2023-01-08,2023-01-08,Same Day,CUS-7536,Customer CUS-7536,Corporate,United States,City_27,Virginia,West,PROD-72728,Technology,Binders,Binders Product PROD-72728,927.45,2,0.00,801.98,High
ORD-12318,2022-04-06,2022-04-06,Standard Class,CUS-6916,Customer CUS-6916,Corporate,United States,City_75,Pennsylvania,Central,PROD-58686,Technology,Paper,Paper Product PROD-58686,1263.08,9,0.00,1114.43,Medium
ORD-12319,2024-03-15,2024-03-15,First Class,CUS-3032,Customer CUS-3032,Home Office,United States,City_46,Florida,South,PROD-22721,Technology,Tables,Tables Product PROD-22721,464.64,2,0.05,417.68,High
ORD-12320,2023-06-11,2023-06-11,Standard Class,CUS-9339,Customer CUS-9339,Corporate,United States,City_86,Georgia,Central,PROD-96657,Furniture,Paper,Paper Product PROD-96657,3453.33,8,0.00,2730.29,High
ORD-12321,2023-07-01,2023-07-01,Second Class,CUS-2291,Customer CUS-2291,Consumer,United States,City_96,Illinois,Central,PROD-76593,Technology,Copiers,Copiers Product PROD-76593,588.83,2,0.05,392.28,High
ORD-12322,2024-08-15,2024-08-15,Standard Class,CUS-5363,Customer CUS-5363,Consumer,United States,City_11,Texas,East,PROD-55989,Office Supplies,Tables,Tables Product PROD-55989,411.57,2,0.00,256.30,Critical
ORD-12323,2024-06-22,2024-06-22,Standard Class,CUS-5527,Customer CUS-5527,Consumer,United States,City_54,Pennsylvania,South,PROD-37067,Office Supplies,Chairs,Chairs Product PROD-37067,2405.47,10,0.20,1784.51,Critical
ORD-12324,2023-08-27,2023-08-27,First Class,CUS-5174,Customer CUS-5174,Corporate,United States,City_17,Washington,East,PROD-74516,Office Supplies,Paper,Paper Product PROD-74516,566.22,5,0.00,404.25,Medium
ORD-12325,2022-08-27,2022-08-27,Second Class,CUS-3189,Customer CUS-3189,Home Office,United States,City_89,Texas,West,PROD-89553,Office Supplies,Laptops,Laptops Product PROD-89553,673.08,4,0.00,398.76,Critical
ORD-12326,2023-09-04,2023-09-04,First Class,CUS-8678,Customer CUS-8678,Home Office,United States,City_56,Texas,East,PROD-23844,Furniture,Tables,Tables Product PROD-23844,423.29,3,0.00,234.14,High
ORD-12327,2024-09-17,2024-09-17,Standard Class,CUS-5271,Customer CUS-5271,Home Office,United States,City_24,Georgia,East,PROD-42779,Office Supplies,Storage,Storage Product PROD-42779,3337.11,10,0.00,2019.07,Medium
ORD-12328,2024-02-28,2024-02-28,Second Class,CUS-2189,Customer CUS-2189,Home Office,United States,City_87,Illinois,East,PROD-45752,Furniture,Paper,Paper Product PROD-45752,131.77,2,0.00,80.79,Low
ORD-12329,2024-11-13,2024-11-13,Same Day,CUS-8188,Customer CUS-8188,Home Office,United States,City_87,Ohio,West,PROD-99850,Office Supplies,Binders,Binders Product PROD-99850,4714.70,10,0.05,2995.24,Medium
ORD-12330,2024-02-05,2024-02-05,Second Class,CUS-5978,Customer CUS-5978,Corporate,United States,City_16,Ohio,South,PROD-67013,Office Supplies,Storage,Storage Product PROD-67013,2201.71,6,0.00,1518.32,High
ORD-12331,2022-01-14,2022-01-14,Second Class,CUS-5359,Customer CUS-5359,Home Office,United States,City_23,Florida,South,PROD-10321,Office Supplies,Laptops,Laptops Product PROD-10321,3962.92,10,0.00,2464.06,Low
ORD-12332,2024-11-08,2024-11-08,First Class,CUS-8956,Customer CUS-8956,Corporate,United States,City_59,Florida,East,PROD-10087,Office Supplies,Binders,Binders Product PROD-10087,1309.93,3,0.00,807.59,Medium
ORD-12333,2024-01-16,2024-01-16,Same Day,CUS-6001,Customer CUS-6001,Home Office,United States,City_97,Florida,Central,PROD-32283,Furniture,Binders,Binders Product PROD-32283,240.89,1,0.00,192.80,Low
ORD-12334,2024-01-20,2024-01-20,Standard Class,CUS-7187,Customer CUS-7187,Consumer,United States,City_97,Georgia,East,PROD-30693,Technology,Copiers,Copiers Product PROD-30693,374.84,10,0.10,231.77,Critical
ORD-12335,2023-01-26,2023-01-26,First Class,CUS-2276,Customer CUS-2276,Corporate,United States,City_46,Texas,East,PROD-51809,Office Supplies,Laptops,Laptops Product PROD-51809,1614.01,4,0.10,1334.30,Low
ORD-12336,2023-11-03,2023-11-03,Same Day,CUS-3753,Customer CUS-3753,Corporate,United States,City_20,Texas,Central,PROD-18320,Furniture,Chairs,Chairs Product PROD-18320,1495.28,6,0.00,1088.92,Low
ORD-12337,2023-12-19,2023-12-19,Standard Class,CUS-2224,Customer CUS-2224,Corporate,United States,City_13,Florida,West,PROD-94092,Technology,Tables,Tables Product PROD-94092,70.48,5,0.00,61.67,Critical
ORD-12338,2024-04-03,2024-04-03,Same Day,CUS-2578,Customer CUS-2578,Corporate,United States,City_23,Ohio,East,PROD-61617,Technology,Copiers,Copiers Product PROD-61617,80.02,1,0.00,68.32,Low
ORD-12339,2022-04-09,2022-04-09,Same Day,CUS-3077,Customer CUS-3077,Home Office,United States,City_29,Pennsylvania,South,PROD-92568,Furniture,Binders,Binders Product PROD-92568,2968.55,9,0.10,1688.32,High
ORD-12340,2024-09-21,2024-09-21,Same Day,CUS-3890,Customer CUS-3890,Home Office,United States,City_18,Illinois,East,PROD-28690,Technology,Laptops,Laptops Product PROD-28690,900.81,4,0.00,498.01,Low
ORD-12341,2024-10-14,2024-10-14,First Class,CUS-4689,Customer CUS-4689,Home Office,United States,City_38,Texas,Central,PROD-26683,Technology,Phones,Phones Product PROD-26683,897.02,2,0.10,800.02,Critical
ORD-12342,2022-09-01,2022-09-01,First Class,CUS-3054,Customer CUS-3054,Corporate,United States,City_87,Washington,East,PROD-41023,Furniture,Accessories,Accessories Product PROD-41023,205.39,1,0.05,145.32,Low
ORD-12343,2022-03-14,2022-03-14,Same Day,CUS-6936,Customer CUS-6936,Home Office,United States,City_83,Georgia,Central,PROD-68317,Office Supplies,Tables,Tables Product PROD-68317,1559.42,8,0.00,1043.24,Low
ORD-12344,2024-12-28,2024-12-28,Standard Class,CUS-3858,Customer CUS-3858,Consumer,United States,City_33,Illinois,West,PROD-20890,Office Supplies,Tables,Tables Product PROD-20890,1935.73,4,0.00,1656.70,High
ORD-12345,2024-07-16,2024-07-16,Second Class,CUS-2938,Customer CUS-2938,Consumer,United States,City_84,Virginia,Central,PROD-49986,Technology,Bookcases,Bookcases Product PROD-49986,378.97,3,0.00,314.09,Medium
ORD-12346,2024-09-18,2024-09-18,Standard Class,CUS-7721,Customer CUS-7721,Consumer,United States,City_71,New York,East,PROD-75297,Office Supplies,Binders,Binders Product PROD-75297,871.52,5,0.00,792.07,High
ORD-12347,2023-01-13,2023-01-13,First Class,CUS-9018,Customer CUS-9018,Home Office,United States,City_28,California,East,PROD-91445,Office Supplies,Copiers,Copiers Product PROD-91445,2111.24,9,0.20,1285.89,Critical
ORD-12348,2024-03-13,2024-03-13,Standard Class,CUS-2694,Customer CUS-2694,Corporate,United States,City_97,Washington,South,PROD-36890,Furniture,Tables,Tables Product PROD-36890,2524.96,9,0.00,1765.49,Low
ORD-12349,2024-03-14,2024-03-14,Second Class,CUS-4340,Customer CUS-4340,Home Office,United States,City_65,Texas,Central,PROD-68165,Furniture,Accessories,Accessories Product PROD-68165,1084.94,4,0.05,679.08,Critical
ORD-12350,2024-10-22,2024-10-22,Same Day,CUS-1574,Customer CUS-1574,Consumer,United States,City_36,Virginia,Central,PROD-45165,Technology,Binders,Binders Product PROD-45165,969.48,4,0.00,681.81,Critical
ORD-12351,2023-04-12,2023-04-12,Same Day,CUS-1568,Customer CUS-1568,Consumer,United States,City_12,Florida,Central,PROD-87473,Furniture,Tables,Tables Product PROD-87473,1860.26,8,0.00,1247.92,Medium
ORD-12352,2023-04-18,2023-04-18,Same Day,CUS-1093,Customer CUS-1093,Corporate,United States,City_60,Illinois,East,PROD-82969,Office Supplies,Binders,Binders Product PROD-82969,63.75,4,0.00,39.88,Critical
ORD-12353,2022-05-28,2022-05-28,Standard Class,CUS-8676,Customer CUS-8676,Corporate,United States,City_60,Pennsylvania,South,PROD-89706,Office Supplies,Phones,Phones Product PROD-89706,378.23,3,0.00,280.83,Low
ORD-12354,2024-01-20,2024-01-20,Standard Class,CUS-5650,Customer CUS-5650,Home Office,United States,City_76,Virginia,Central,PROD-95446,Technology,Tables,Tables Product PROD-95446,454.04,2,0.00,411.21,High
ORD-12355,2023-03-04,2023-03-04,Standard Class,CUS-1168,Customer CUS-1168,Consumer,United States,City_6,Texas,West,PROD-75683,Office Supplies,Copiers,Copiers Product PROD-75683,1845.26,5,0.00,1307.78,High
ORD-12356,2023-02-15,2023-02-15,Same Day,CUS-5097,Customer CUS-5097,Corporate,United States,City_37,Pennsylvania,East,PROD-95459,Furniture,Tables,Tables Product PROD-95459,1530.05,4,0.00,1111.09,Critical
ORD-12357,2024-06-24,2024-06-24,First Class,CUS-6173,Customer CUS-6173,Home Office,United States,City_5,Virginia,West,PROD-20715,Furniture,Laptops,Laptops Product PROD-20715,1639.96,7,0.00,1022.83,Medium
ORD-12358,2022-10-18,2022-10-18,Same Day,CUS-6278,Customer CUS-6278,Consumer,United States,City_35,Virginia,East,PROD-14959,Furniture,Paper,Paper Product PROD-14959,3236.06,8,0.05,2731.79,High
ORD-12359,2022-06-18,2022-06-18,Same Day,CUS-7538,Customer CUS-7538,Corporate,United States,City_4,Florida,East,PROD-74978,Furniture,Copiers,Copiers Product PROD-74978,1716.98,9,0.00,1384.09,Low
ORD-12360,2023-12-15,2023-12-15,Standard Class,CUS-6288,Customer CUS-6288,Home Office,United States,City_91,Illinois,South,PROD-66333,Technology,Copiers,Copiers Product PROD-66333,2127.42,10,0.20,1322.07,Medium
ORD-12361,2024-10-13,2024-10-13,Same Day,CUS-2456,Customer CUS-2456,Home Office,United States,City_29,New York,East,PROD-37147,Furniture,Accessories,Accessories Product PROD-37147,2532.45,9,0.10,1843.18,High
ORD-12362,2023-05-17,2023-05-17,Standard Class,CUS-2895,Customer CUS-2895,Home Office,United States,City_55,California,West,PROD-56798,Technology,Binders,Binders Product PROD-56798,199.07,3,0.00,135.14,Low
ORD-12363,2023-01-10,2023-01-10,Standard Class,CUS-6878,Customer CUS-6878,Consumer,United States,City_41,Washington,Central,PROD-29305,Office Supplies,Copiers,Copiers Product PROD-29305,1174.75,7,0.15,811.42,High
ORD-12364,2022-03-05,2022-03-05,First Class,CUS-7023,Customer CUS-7023,Corporate,United States,City_32,Georgia,Central,PROD-57166,Technology,Binders,Binders Product PROD-57166,1134.70,9,0.00,747.63,Medium
ORD-12365,2024-04-23,2024-04-23,Same Day,CUS-1113,Customer CUS-1113,Consumer,United States,City_30,Pennsylvania,Central,PROD-30499,Office Supplies,Accessories,Accessories Product PROD-30499,337.41,4,0.00,267.53,High
ORD-12366,2022-02-02,2022-02-02,Same Day,CUS-6065,Customer CUS-6065,Consumer,United States,City_56,Florida,West,PROD-68267,Office Supplies,Binders,Binders Product PROD-68267,94.98,4,0.00,77.42,Low
ORD-12367,2023-12-10,2023-12-10,First Class,CUS-5972,Customer CUS-5972,Consumer,United States,City_84,Virginia,West,PROD-31939,Furniture,Phones,Phones Product PROD-31939,1356.99,4,0.00,887.82,High
ORD-12368,2023-05-03,2023-05-03,Same Day,CUS-7514,Customer CUS-7514,Home Office,United States,City_57,California,South,PROD-24067,Office Supplies,Paper,Paper Product PROD-24067,2820.86,8,0.00,2626.44,Medium
ORD-12369,2024-02-04,2024-02-04,Second Class,CUS-4440,Customer CUS-4440,Consumer,United States,City_51,Pennsylvania,South,PROD-65120,Office Supplies,Copiers,Copiers Product PROD-65120,556.37,3,0.00,389.68,Low
ORD-12370,2022-03-21,2022-03-21,Standard Class,CUS-9110,Customer CUS-9110,Consumer,United States,City_96,Pennsylvania,Central,PROD-25392,Furniture,Phones,Phones Product PROD-25392,3655.70,10,0.00,2892.33,Low
ORD-12371,2023-10-20,2023-10-20,First Class,CUS-3929,Customer CUS-3929,Consumer,United States,City_2,Washington,Central,PROD-52415,Office Supplies,Binders,Binders Product PROD-52415,650.35,7,0.00,597.54,Medium
ORD-12372,2023-12-07,2023-12-07,First Class,CUS-4491,Customer CUS-4491,Corporate,United States,City_76,Illinois,West,PROD-95164,Office Supplies,Tables,Tables Product PROD-95164,2146.90,6,0.00,1844.00,Medium
ORD-12373,2023-12-11,2023-12-11,First Class,CUS-8716,Customer CUS-8716,Consumer,United States,City_31,Washington,West,PROD-82811,Furniture,Tables,Tables Product PROD-82811,537.84,3,0.10,347.77,Low
ORD-12374,2022-11-25,2022-11-25,Standard Class,CUS-8386,Customer CUS-8386,Corporate,United States,City_81,Illinois,East,PROD-17605,Technology,Tables,Tables Product PROD-17605,305.73,7,0.15,275.54,High
ORD-12375,2024-01-28,2024-01-28,Second Class,CUS-8116,Customer CUS-8116,Home Office,United States,City_97,Virginia,East,PROD-81277,Technology,Laptops,Laptops Product PROD-81277,618.60,10,0.00,467.62,Medium
ORD-12376,2024-12-05,2024-12-05,Standard Class,CUS-3323,Customer CUS-3323,Consumer,United States,City_63,Virginia,West,PROD-59259,Office Supplies,Phones,Phones Product PROD-59259,1727.41,4,0.00,1349.74,Low
ORD-12377,2024-04-07,2024-04-07,Second Class,CUS-1142,Customer CUS-1142,Consumer,United States,City_54,New York,East,PROD-64759,Furniture,Tables,Tables Product PROD-64759,1161.58,5,0.05,971.64,High
ORD-12378,2024-01-07,2024-01-07,Second Class,CUS-8103,Customer CUS-8103,Home Office,United States,City_54,California,Central,PROD-64524,Office Supplies,Paper,Paper Product PROD-64524,2370.03,5,0.00,1595.64,Medium
ORD-12379,2022-05-24,2022-05-24,First Class,CUS-5015,Customer CUS-5015,Corporate,United States,City_14,Virginia,East,PROD-89105,Furniture,Binders,Binders Product PROD-89105,2528.55,9,0.20,2204.40,Low
ORD-12380,2024-07-20,2024-07-20,Standard Class,CUS-3752,Customer CUS-3752,Corporate,United States,City_3,Ohio,West,PROD-21204,Technology,Binders,Binders Product PROD-21204,704.40,3,0.00,482.44,Low
ORD-12381,2022-12-06,2022-12-06,Standard Class,CUS-1670,Customer CUS-1670,Corporate,United States,City_81,Virginia,West,PROD-79643,Office Supplies,Tables,Tables Product PROD-79643,946.95,6,0.00,664.44,Medium
ORD-12382,2023-11-15,2023-11-15,Second Class,CUS-6832,Customer CUS-6832,Corporate,United States,City_17,Georgia,South,PROD-80746,Technology,Paper,Paper Product PROD-80746,862.94,9,0.00,768.40,Medium
ORD-12383,2022-07-03,2022-07-03,Same Day,CUS-8731,Customer CUS-8731,Home Office,United States,City_39,Illinois,East,PROD-65376,Office Supplies,Bookcases,Bookcases Product PROD-65376,679.82,2,0.00,491.85,Low
ORD-12384,2024-10-07,2024-10-07,First Class,CUS-1245,Customer CUS-1245,Home Office,United States,City_51,Georgia,East,PROD-63185,Office Supplies,Copiers,Copiers Product PROD-63185,987.17,8,0.00,874.22,Low
ORD-12385,2022-09-15,2022-09-15,Same Day,CUS-2123,Customer CUS-2123,Corporate,United States,City_47,Texas,East,PROD-67843,Office Supplies,Laptops,Laptops Product PROD-67843,1264.31,5,0.00,766.14,Low
ORD-12386,2023-01-19,2023-01-19,Standard Class,CUS-3142,Customer CUS-3142,Consumer,United States,City_47,Virginia,West,PROD-92285,Office Supplies,Chairs,Chairs Product PROD-92285,649.42,3,0.15,590.44,Medium
ORD-12387,2022-05-24,2022-05-24,Second Class,CUS-5194,Customer CUS-5194,Consumer,United States,City_66,Virginia,Central,PROD-19170,Technology,Bookcases,Bookcases Product PROD-19170,319.91,6,0.00,291.55,Low
ORD-12388,2023-12-20,2023-12-20,Second Class,CUS-6439,Customer CUS-6439,Corporate,United States,City_68,Georgia,South,PROD-65283,Office Supplies,Laptops,Laptops Product PROD-65283,250.54,7,0.00,236.36,High
ORD-12389,2023-01-06,2023-01-06,First Class,CUS-3705,Customer CUS-3705,Corporate,United States,City_17,Georgia,Central,PROD-52176,Office Supplies,Binders,Binders Product PROD-52176,369.56,1,0.00,280.41,Low
ORD-12390,2022-11-20,2022-11-20,First Class,CUS-3775,Customer CUS-3775,Corporate,United States,City_88,Virginia,Central,PROD-90290,Office Supplies,Laptops,Laptops Product PROD-90290,1917.98,4,0.00,1638.57,Medium
ORD-12391,2024-03-19,2024-03-19,Same Day,CUS-2047,Customer CUS-2047,Consumer,United States,City_53,California,East,PROD-99506,Furniture,Phones,Phones Product PROD-99506,240.72,1,0.05,222.77,Low
ORD-12392,2022-07-03,2022-07-03,Standard Class,CUS-9793,Customer CUS-9793,Consumer,United States,City_38,Illinois,South,PROD-80095,Technology,Chairs,Chairs Product PROD-80095,815.86,5,0.00,458.04,Low
ORD-12393,2022-05-18,2022-05-18,Second Class,CUS-6557,Customer CUS-6557,Home Office,United States,City_48,Pennsylvania,West,PROD-32855,Furniture,Bookcases,Bookcases Product PROD-32855,299.95,4,0.05,209.81,Medium
ORD-12394,2024-05-21,2024-05-21,Second Class,CUS-5599,Customer CUS-5599,Consumer,United States,City_78,Virginia,Central,PROD-88401,Technology,Tables,Tables Product PROD-88401,186.16,1,0.00,132.37,Critical
ORD-12395,2024-05-08,2024-05-08,Same Day,CUS-5759,Customer CUS-5759,Consumer,United States,City_51,Georgia,West,PROD-34713,Technology,Bookcases,Bookcases Product PROD-34713,305.77,1,0.00,178.83,Critical
ORD-12396,2024-04-21,2024-04-21,Same Day,CUS-6426,Customer CUS-6426,Home Office,United States,City_35,Pennsylvania,East,PROD-61436,Technology,Storage,Storage Product PROD-61436,1149.61,5,0.00,1048.53,Medium
ORD-12397,2024-01-23,2024-01-23,Second Class,CUS-1813,Customer CUS-1813,Home Office,United States,City_90,New York,West,PROD-32161,Technology,Chairs,Chairs Product PROD-32161,461.40,2,0.00,426.91,Low
ORD-12398,2024-10-17,2024-10-17,Same Day,CUS-2423,Customer CUS-2423,Corporate,United States,City_99,Washington,South,PROD-34297,Furniture,Accessories,Accessories Product PROD-34297,246.20,1,0.00,207.26,Critical
ORD-12399,2022-08-20,2022-08-20,Standard Class,CUS-9334,Customer CUS-9334,Corporate,United States,City_55,New York,South,PROD-75695,Office Supplies,Laptops,Laptops Product PROD-75695,2146.77,6,0.05,2010.10,High
ORD-12400,2024-07-21,2024-07-21,Second Class,CUS-1142,Customer CUS-1142,Home Office,United States,City_79,New York,West,PROD-90937,Office Supplies,Accessories,Accessories Product PROD-90937,197.77,1,0.10,140.09,High
ORD-12401,2024-11-03,2024-11-03,Same Day,CUS-8461,Customer CUS-8461,Home Office,United States,City_98,Illinois,Central,PROD-76873,Technology,Accessories,Accessories Product PROD-76873,2835.92,7,0.00,1703.74,Medium
ORD-12402,2022-01-03,2022-01-03,Second Class,CUS-9978,Customer CUS-9978,Home Office,United States,City_68,New York,West,PROD-60972,Furniture,Storage,Storage Product PROD-60972,756.05,4,0.00,478.31,Low
ORD-12403,2024-01-06,2024-01-06,First Class,CUS-9322,Customer CUS-9322,Corporate,United States,City_85,Washington,West,PROD-91018,Office Supplies,Bookcases,Bookcases Product PROD-91018,3667.04,10,0.05,2177.82,Medium
ORD-12404,2024-01-27,2024-01-27,Second Class,CUS-5567,Customer CUS-5567,Consumer,United States,City_42,Georgia,Central,PROD-51757,Technology,Paper,Paper Product PROD-51757,203.87,4,0.00,156.70,High
ORD-12405,2024-01-15,2024-01-15,Second Class,CUS-4638,Customer CUS-4638,Consumer,United States,City_1,Illinois,East,PROD-76346,Furniture,Accessories,Accessories Product PROD-76346,1388.39,5,0.00,920.05,Low
ORD-12406,2024-08-13,2024-08-13,Second Class,CUS-9198,Customer CUS-9198,Home Office,United States,City_15,Texas,South,PROD-28820,Office Supplies,Chairs,Chairs Product PROD-28820,684.46,2,0.20,582.86,Low
ORD-12407,2023-01-07,2023-01-07,Standard Class,CUS-9846,Customer CUS-9846,Consumer,United States,City_35,Florida,South,PROD-63374,Office Supplies,Binders,Binders Product PROD-63374,652.17,4,0.00,609.09,High
ORD-12408,2022-09-21,2022-09-21,Second Class,CUS-9601,Customer CUS-9601,Consumer,United States,City_92,California,East,PROD-89396,Office Supplies,Accessories,Accessories Product PROD-89396,1387.90,3,0.00,1301.02,Critical
ORD-12409,2023-03-10,2023-03-10,Same Day,CUS-9440,Customer CUS-9440,Home Office,United States,City_69,Texas,South,PROD-93223,Technology,Tables,Tables Product PROD-93223,452.60,1,0.00,329.49,Medium
ORD-12410,2022-08-09,2022-08-09,First Class,CUS-2674,Customer CUS-2674,Consumer,United States,City_92,Florida,West,PROD-49338,Furniture,Accessories,Accessories Product PROD-49338,2854.37,10,0.00,2569.20,Medium
ORD-12411,2023-07-06,2023-07-06,First Class,CUS-2004,Customer CUS-2004,Consumer,United States,City_11,California,South,PROD-49708,Furniture,Copiers,Copiers Product PROD-49708,993.50,8,0.00,608.95,Critical
ORD-12412,2024-06-23,2024-06-23,First Class,CUS-3310,Customer CUS-3310,Corporate,United States,City_99,California,East,PROD-62274,Technology,Bookcases,Bookcases Product PROD-62274,551.50,2,0.10,503.84,Low
ORD-12413,2024-12-08,2024-12-08,Same Day,CUS-7234,Customer CUS-7234,Home Office,United States,City_20,Florida,East,PROD-83928,Furniture,Storage,Storage Product PROD-83928,249.63,7,0.05,223.60,Critical
ORD-12414,2024-06-23,2024-06-23,First Class,CUS-4467,Customer CUS-4467,Consumer,United States,City_38,Florida,South,PROD-33223,Furniture,Storage,Storage Product PROD-33223,528.83,3,0.00,375.85,Low
ORD-12415,2024-03-13,2024-03-13,Standard Class,CUS-3259,Customer CUS-3259,Home Office,United States,City_10,Georgia,South,PROD-85551,Office Supplies,Paper,Paper Product PROD-85551,1119.70,9,0.00,619.59,Critical
ORD-12416,2022-04-10,2022-04-10,Standard Class,CUS-6222,Customer CUS-6222,Home Office,United States,City_10,Georgia,East,PROD-41195,Technology,Chairs,Chairs Product PROD-41195,521.74,3,0.15,420.62,High
ORD-12417,2022-07-20,2022-07-20,First Class,CUS-5894,Customer CUS-5894,Home Office,United States,City_38,Illinois,East,PROD-99586,Furniture,Storage,Storage Product PROD-99586,3191.95,10,0.00,2379.69,High
ORD-12418,2024-05-24,2024-05-24,First Class,CUS-2720,Customer CUS-2720,Home Office,United States,City_9,Florida,West,PROD-99659,Technology,Storage,Storage Product PROD-99659,691.45,2,0.00,429.57,Medium
ORD-12419,2022-12-18,2022-12-18,Same Day,CUS-6708,Customer CUS-6708,Home Office,United States,City_92,Pennsylvania,Central,PROD-27902,Technology,Accessories,Accessories Product PROD-27902,253.89,1,0.00,214.37,Low
ORD-12420,2022-08-07,2022-08-07,Same Day,CUS-2985,Customer CUS-2985,Home Office,United States,City_85,Illinois,Central,PROD-52202,Furniture,Paper,Paper Product PROD-52202,1763.92,7,0.00,1076.89,Medium
ORD-12421,2022-01-11,2022-01-11,First Class,CUS-6302,Customer CUS-6302,Home Office,United States,City_88,Pennsylvania,West,PROD-11727,Furniture,Tables,Tables Product PROD-11727,61.04,4,0.05,36.94,Critical
ORD-12422,2024-01-24,2024-01-24,First Class,CUS-3702,Customer CUS-3702,Home Office,United States,City_51,Virginia,West,PROD-11042,Technology,Paper,Paper Product PROD-11042,143.62,2,0.00,131.13,High
ORD-12423,2024-10-18,2024-10-18,Standard Class,CUS-6809,Customer CUS-6809,Home Office,United States,City_68,Virginia,South,PROD-48068,Technology,Paper,Paper Product PROD-48068,368.41,4,0.00,306.70,Critical
ORD-12424,2024-07-10,2024-07-10,Same Day,CUS-4179,Customer CUS-4179,Home Office,United States,City_78,Florida,East,PROD-11424,Furniture,Paper,Paper Product PROD-11424,910.87,9,0.00,608.89,Medium
ORD-12425,2022-02-02,2022-02-02,Standard Class,CUS-5289,Customer CUS-5289,Consumer,United States,City_84,Georgia,West,PROD-56208,Furniture,Accessories,Accessories Product PROD-56208,375.04,5,0.00,263.03,Low
ORD-12426,2024-05-25,2024-05-25,Second Class,CUS-9038,Customer CUS-9038,Home Office,United States,City_29,Ohio,East,PROD-78796,Technology,Copiers,Copiers Product PROD-78796,767.55,9,0.00,722.78,Low
ORD-12427,2024-03-01,2024-03-01,First Class,CUS-5709,Customer CUS-5709,Corporate,United States,City_83,New York,West,PROD-46650,Furniture,Tables,Tables Product PROD-46650,1472.98,4,0.00,1255.11,Low
ORD-12428,2023-08-14,2023-08-14,First Class,CUS-3223,Customer CUS-3223,Consumer,United States,City_99,California,West,PROD-49653,Technology,Chairs,Chairs Product PROD-49653,632.20,4,0.00,382.87,Critical
ORD-12429,2024-06-22,2024-06-22,Same Day,CUS-2416,Customer CUS-2416,Corporate,United States,City_53,Florida,East,PROD-98746,Technology,Accessories,Accessories Product PROD-98746,1577.27,4,0.05,1119.81,Medium
ORD-12430,2024-06-13,2024-06-13,First Class,CUS-8846,Customer CUS-8846,Consumer,United States,City_17,Texas,Central,PROD-64299,Furniture,Chairs,Chairs Product PROD-64299,2561.44,6,0.00,1943.02,Critical
ORD-12431,2023-11-10,2023-11-10,Same Day,CUS-4034,Customer CUS-4034,Consumer,United States,City_22,Pennsylvania,South,PROD-97499,Technology,Copiers,Copiers Product PROD-97499,2680.68,10,0.05,1576.48,Medium
ORD-12432,2023-04-14,2023-04-14,Same Day,CUS-1750,Customer CUS-1750,Consumer,United States,City_31,Pennsylvania,East,PROD-56710,Technology,Storage,Storage Product PROD-56710,192.85,9,0.00,162.37,Critical
ORD-12433,2023-10-06,2023-10-06,First Class,CUS-2598,Customer CUS-2598,Corporate,United States,City_10,California,South,PROD-90651,Technology,Accessories,Accessories Product PROD-90651,1631.40,6,0.05,1192.09,Medium
ORD-12434,2024-09-21,2024-09-21,Same Day,CUS-3391,Customer CUS-3391,Corporate,United States,City_77,California,Central,PROD-15053,Office Supplies,Bookcases,Bookcases Product PROD-15053,2214.54,7,0.10,2074.87,Medium
ORD-12435,2024-04-16,2024-04-16,Standard Class,CUS-5061,Customer CUS-5061,Corporate,United States,City_46,New York,South,PROD-25055,Furniture,Copiers,Copiers Product PROD-25055,934.92,10,0.00,658.29,Low
ORD-12436,2023-12-23,2023-12-23,First Class,CUS-8586,Customer CUS-8586,Corporate,United States,City_21,Washington,East,PROD-13113,Furniture,Tables,Tables Product PROD-13113,406.73,1,0.00,251.73,Low
ORD-12437,2023-07-15,2023-07-15,First Class,CUS-7120,Customer CUS-7120,Consumer,United States,City_89,Pennsylvania,East,PROD-12889,Technology,Accessories,Accessories Product PROD-12889,2498.75,5,0.00,2347.52,High
ORD-12438,2024-05-24,2024-05-24,First Class,CUS-8717,Customer CUS-8717,Home Office,United States,City_7,Georgia,Central,PROD-28008,Technology,Binders,Binders Product PROD-28008,2487.51,8,0.00,1722.25,Low
ORD-12439,2024-05-01,2024-05-01,First Class,CUS-1573,Customer CUS-1573,Corporate,United States,City_85,Florida,Central,PROD-89365,Furniture,Laptops,Laptops Product PROD-89365,3445.24,8,0.00,2084.42,Medium
ORD-12440,2024-01-13,2024-01-13,First Class,CUS-6837,Customer CUS-6837,Home Office,United States,City_44,Florida,West,PROD-72447,Office Supplies,Tables,Tables Product PROD-72447,647.89,7,0.00,406.13,Critical
ORD-12441,2023-10-19,2023-10-19,Second Class,CUS-5829,Customer CUS-5829,Corporate,United States,City_55,Texas,West,PROD-61594,Furniture,Paper,Paper Product PROD-61594,1108.94,5,0.00,700.95,Low
ORD-12442,2024-01-17,2024-01-17,Second Class,CUS-3499,Customer CUS-3499,Consumer,United States,City_2,Virginia,West,PROD-66559,Technology,Laptops,Laptops Product PROD-66559,1248.12,3,0.05,911.08,Low
ORD-12443,2022-01-23,2022-01-23,First Class,CUS-4349,Customer CUS-4349,Consumer,United States,City_41,Georgia,West,PROD-74913,Technology,Bookcases,Bookcases Product PROD-74913,197.49,7,0.00,112.57,High
ORD-12444,2023-03-15,2023-03-15,First Class,CUS-2474,Customer CUS-2474,Corporate,United States,City_66,Florida,West,PROD-50015,Office Supplies,Tables,Tables Product PROD-50015,3925.62,8,0.00,2737.96,High
ORD-12445,2024-05-27,2024-05-27,Same Day,CUS-7118,Customer CUS-7118,Corporate,United States,City_47,Illinois,Central,PROD-69538,Furniture,Laptops,Laptops Product PROD-69538,612.01,2,0.00,459.72,Low
ORD-12446,2024-12-23,2024-12-23,Second Class,CUS-3241,Customer CUS-3241,Consumer,United States,City_89,New York,East,PROD-34946,Furniture,Binders,Binders Product PROD-34946,390.22,1,0.00,308.77,High
ORD-12447,2023-03-04,2023-03-04,Same Day,CUS-7953,Customer CUS-7953,Consumer,United States,City_98,Virginia,Central,PROD-70678,Furniture,Paper,Paper Product PROD-70678,1148.58,6,0.00,1011.52,High
ORD-12448,2024-01-17,2024-01-17,Standard Class,CUS-8756,Customer CUS-8756,Consumer,United States,City_96,Georgia,East,PROD-68770,Furniture,Binders,Binders Product PROD-68770,313.91,1,0.10,266.87,High
ORD-12449,2023-11-15,2023-11-15,First Class,CUS-2791,Customer CUS-2791,Home Office,United States,City_49,Ohio,West,PROD-26613,Furniture,Phones,Phones Product PROD-26613,589.15,2,0.00,339.59,Critical
ORD-12450,2023-05-22,2023-05-22,First Class,CUS-4846,Customer CUS-4846,Home Office,United States,City_24,Florida,Central,PROD-19758,Technology,Phones,Phones Product PROD-19758,367.78,8,0.00,242.66,High
ORD-12451,2024-03-06,2024-03-06,First Class,CUS-4470,Customer CUS-4470,Consumer,United States,City_53,Washington,Central,PROD-21765,Furniture,Chairs,Chairs Product PROD-21765,2896.74,6,0.00,2670.69,Medium
ORD-12452,2023-10-21,2023-10-21,Second Class,CUS-8424,Customer CUS-8424,Consumer,United States,City_38,Washington,West,PROD-97952,Office Supplies,Laptops,Laptops Product PROD-97952,256.39,8,0.00,170.80,High
ORD-12453,2024-05-04,2024-05-04,Standard Class,CUS-3318,Customer CUS-3318,Home Office,United States,City_47,Georgia,Central,PROD-73746,Office Supplies,Laptops,Laptops Product PROD-73746,931.52,4,0.15,695.32,Critical
ORD-12454,2024-10-07,2024-10-07,Standard Class,CUS-2889,Customer CUS-2889,Consumer,United States,City_31,Virginia,East,PROD-65977,Technology,Binders,Binders Product PROD-65977,1076.18,4,0.15,810.32,High
ORD-12455,2022-04-03,2022-04-03,Standard Class,CUS-8329,Customer CUS-8329,Home Office,United States,City_20,California,West,PROD-20364,Office Supplies,Laptops,Laptops Product PROD-20364,2228.07,9,0.00,1366.47,High
ORD-12456,2023-04-01,2023-04-01,Second Class,CUS-6779,Customer CUS-6779,Home Office,United States,City_28,Virginia,Central,PROD-27723,Furniture,Laptops,Laptops Product PROD-27723,1475.03,4,0.00,1034.19,High
ORD-12457,2022-02-27,2022-02-27,Second Class,CUS-1490,Customer CUS-1490,Home Office,United States,City_66,Virginia,West,PROD-16729,Technology,Laptops,Laptops Product PROD-16729,1311.93,7,0.00,878.34,Critical
ORD-12458,2024-03-05,2024-03-05,First Class,CUS-4146,Customer CUS-4146,Consumer,United States,City_82,Ohio,South,PROD-16483,Technology,Bookcases,Bookcases Product PROD-16483,261.91,2,0.00,184.44,High
ORD-12459,2024-04-12,2024-04-12,First Class,CUS-5315,Customer CUS-5315,Corporate,United States,City_85,California,East,PROD-10238,Furniture,Paper,Paper Product PROD-10238,2610.75,8,0.00,1988.06,Medium
ORD-12460,2023-09-05,2023-09-05,First Class,CUS-3041,Customer CUS-3041,Consumer,United States,City_34,Illinois,West,PROD-96305,Office Supplies,Laptops,Laptops Product PROD-96305,252.13,7,0.00,159.49,Critical
ORD-12461,2022-11-19,2022-11-19,Same Day,CUS-6942,Customer CUS-6942,Home Office,United States,City_74,Florida,West,PROD-80314,Office Supplies,Binders,Binders Product PROD-80314,640.28,2,0.10,420.17,Medium
ORD-12462,2022-06-21,2022-06-21,Same Day,CUS-7119,Customer CUS-7119,Consumer,United States,City_9,Illinois,West,PROD-72344,Furniture,Phones,Phones Product PROD-72344,1416.27,8,0.05,787.57,Low
ORD-12463,2023-09-28,2023-09-28,Standard Class,CUS-7838,Customer CUS-7838,Home Office,United States,City_81,Virginia,Central,PROD-70154,Technology,Paper,Paper Product PROD-70154,2616.64,8,0.00,1646.07,High
ORD-12464,2022-05-19,2022-05-19,First Class,CUS-4156,Customer CUS-4156,Consumer,United States,City_69,California,West,PROD-46888,Technology,Binders,Binders Product PROD-46888,3484.88,8,0.00,2754.91,Critical
ORD-12465,2023-05-23,2023-05-23,Same Day,CUS-5126,Customer CUS-5126,Corporate,United States,City_78,Texas,East,PROD-45223,Furniture,Binders,Binders Product PROD-45223,2802.04,7,0.00,1840.76,Medium
ORD-12466,2024-05-04,2024-05-04,Same Day,CUS-5970,Customer CUS-5970,Consumer,United States,City_55,Illinois,South,PROD-31224,Office Supplies,Paper,Paper Product PROD-31224,1191.13,7,0.00,677.81,Low
ORD-12467,2022-08-01,2022-08-01,Same Day,CUS-4754,Customer CUS-4754,Home Office,United States,City_58,New York,Central,PROD-11187,Furniture,Storage,Storage Product PROD-11187,2946.28,8,0.00,2429.52,High
ORD-12468,2024-09-04,2024-09-04,First Class,CUS-4325,Customer CUS-4325,Home Office,United States,City_48,New York,West,PROD-23942,Technology,Tables,Tables Product PROD-23942,1059.02,3,0.00,843.29,High
ORD-12469,2024-05-03,2024-05-03,Same Day,CUS-2067,Customer CUS-2067,Corporate,United States,City_88,Virginia,East,PROD-11652,Furniture,Binders,Binders Product PROD-11652,1000.14,7,0.10,835.96,Critical
ORD-12470,2022-08-12,2022-08-12,Same Day,CUS-6092,Customer CUS-6092,Corporate,United States,City_46,Georgia,East,PROD-11562,Furniture,Bookcases,Bookcases Product PROD-11562,3910.28,10,0.05,2211.94,High
ORD-12471,2024-06-18,2024-06-18,First Class,CUS-6687,Customer CUS-6687,Consumer,United States,City_33,Illinois,Central,PROD-28403,Technology,Tables,Tables Product PROD-28403,1427.14,5,0.20,1198.07,High
ORD-12472,2023-02-04,2023-02-04,Standard Class,CUS-2312,Customer CUS-2312,Home Office,United States,City_79,California,Central,PROD-54865,Technology,Copiers,Copiers Product PROD-54865,1253.64,4,0.00,720.69,Low
ORD-12473,2023-05-16,2023-05-16,Standard Class,CUS-7956,Customer CUS-7956,Consumer,United States,City_60,Texas,Central,PROD-62424,Office Supplies,Copiers,Copiers Product PROD-62424,50.04,2,0.00,37.81,Low
ORD-12474,2023-05-01,2023-05-01,Standard Class,CUS-5648,Customer CUS-5648,Home Office,United States,City_43,Georgia,Central,PROD-49687,Office Supplies,Paper,Paper Product PROD-49687,153.21,1,0.00,87.65,Medium
ORD-12475,2022-01-27,2022-01-27,Same Day,CUS-5737,Customer CUS-5737,Consumer,United States,City_19,Pennsylvania,West,PROD-73863,Technology,Tables,Tables Product PROD-73863,1069.68,4,0.00,658.03,High
ORD-12476,2022-02-28,2022-02-28,First Class,CUS-4946,Customer CUS-4946,Home Office,United States,City_51,Washington,East,PROD-90162,Furniture,Chairs,Chairs Product PROD-90162,326.94,1,0.00,233.07,Medium
ORD-12477,2024-09-19,2024-09-19,Standard Class,CUS-4211,Customer CUS-4211,Home Office,United States,City_61,Ohio,West,PROD-28556,Office Supplies,Paper,Paper Product PROD-28556,40.55,4,0.10,26.45,High
ORD-12478,2022-02-07,2022-02-07,Second Class,CUS-2047,Customer CUS-2047,Corporate,United States,City_74,California,East,PROD-25571,Furniture,Tables,Tables Product PROD-25571,281.69,2,0.00,238.35,Medium
ORD-12479,2023-07-27,2023-07-27,Same Day,CUS-2343,Customer CUS-2343,Consumer,United States,City_69,Florida,East,PROD-60579,Office Supplies,Paper,Paper Product PROD-60579,3696.05,9,0.00,3064.70,Low
ORD-12480,2022-02-23,2022-02-23,Standard Class,CUS-9893,Customer CUS-9893,Home Office,United States,City_66,California,East,PROD-84073,Office Supplies,Tables,Tables Product PROD-84073,762.74,4,0.00,596.18,Low
ORD-12481,2023-09-25,2023-09-25,Same Day,CUS-5062,Customer CUS-5062,Home Office,United States,City_72,Illinois,Central,PROD-82845,Technology,Bookcases,Bookcases Product PROD-82845,65.04,1,0.00,45.54,Medium
ORD-12482,2023-04-27,2023-04-27,First Class,CUS-7910,Customer CUS-7910,Corporate,United States,City_3,California,South,PROD-55425,Office Supplies,Phones,Phones Product PROD-55425,342.73,2,0.15,216.38,Medium
ORD-12483,2023-12-28,2023-12-28,First Class,CUS-8110,Customer CUS-8110,Home Office,United States,City_29,Georgia,South,PROD-81815,Technology,Laptops,Laptops Product PROD-81815,730.98,3,0.00,664.26,Critical
ORD-12484,2024-05-01,2024-05-01,Standard Class,CUS-5754,Customer CUS-5754,Corporate,United States,City_24,Pennsylvania,East,PROD-25986,Office Supplies,Accessories,Accessories Product PROD-25986,2562.75,6,0.00,1676.15,Medium
ORD-12485,2022-12-22,2022-12-22,Same Day,CUS-6009,Customer CUS-6009,Consumer,United States,City_94,Georgia,Central,PROD-10764,Office Supplies,Chairs,Chairs Product PROD-10764,519.04,9,0.00,447.23,Medium
ORD-12486,2022-05-16,2022-05-16,Second Class,CUS-7667,Customer CUS-7667,Corporate,United States,City_69,Texas,West,PROD-95641,Furniture,Paper,Paper Product PROD-95641,2723.39,10,0.00,2422.13,Medium
ORD-12487,2022-11-09,2022-11-09,Second Class,CUS-3831,Customer CUS-3831,Home Office,United States,City_88,California,South,PROD-46807,Office Supplies,Laptops,Laptops Product PROD-46807,812.47,5,0.05,500.18,Critical
ORD-12488,2023-09-13,2023-09-13,Standard Class,CUS-4597,Customer CUS-4597,Corporate,United States,City_1,Illinois,South,PROD-68122,Technology,Accessories,Accessories Product PROD-68122,594.27,9,0.00,533.99,High
ORD-12489,2024-08-12,2024-08-12,First Class,CUS-8244,Customer CUS-8244,Home Office,United States,City_72,Texas,West,PROD-54021,Furniture,Phones,Phones Product PROD-54021,808.45,10,0.00,700.59,Medium
ORD-12490,2024-02-09,2024-02-09,Standard Class,CUS-9529,Customer CUS-9529,Corporate,United States,City_31,Ohio,Central,PROD-89530,Furniture,Laptops,Laptops Product PROD-89530,1240.77,8,0.00,1083.16,Critical
ORD-12491,2023-10-16,2023-10-16,Standard Class,CUS-1461,Customer CUS-1461,Consumer,United States,City_15,New York,East,PROD-70375,Office Supplies,Tables,Tables Product PROD-70375,2659.81,6,0.10,2414.13,Low
ORD-12492,2024-06-10,2024-06-10,Standard Class,CUS-3112,Customer CUS-3112,Consumer,United States,City_32,New York,Central,PROD-91925,Office Supplies,Copiers,Copiers Product PROD-91925,1014.13,4,0.15,946.86,High
ORD-12493,2024-01-24,2024-01-24,Second Class,CUS-5636,Customer CUS-5636,Home Office,United States,City_81,New York,South,PROD-68092,Office Supplies,Paper,Paper Product PROD-68092,1124.39,5,0.00,1062.48,High
ORD-12494,2023-03-26,2023-03-26,First Class,CUS-8294,Customer CUS-8294,Consumer,United States,City_8,California,South,PROD-10022,Technology,Tables,Tables Product PROD-10022,629.87,10,0.00,593.35,Medium
ORD-12495,2024-10-07,2024-10-07,First Class,CUS-8754,Customer CUS-8754,Home Office,United States,City_51,Texas,West,PROD-76301,Technology,Phones,Phones Product PROD-76301,411.64,2,0.15,332.16,Low
ORD-12496,2024-11-09,2024-11-09,Same Day,CUS-3602,Customer CUS-3602,Home Office,United States,City_30,Texas,East,PROD-72144,Technology,Chairs,Chairs Product PROD-72144,216.72,6,0.00,170.54,High
ORD-12497,2023-08-07,2023-08-07,Standard Class,CUS-9757,Customer CUS-9757,Consumer,United States,City_3,California,Central,PROD-95411,Office Supplies,Binders,Binders Product PROD-95411,2493.92,7,0.00,1880.53,Medium
ORD-12498,2022-06-22,2022-06-22,Second Class,CUS-5193,Customer CUS-5193,Home Office,United States,City_87,New York,South,PROD-56453,Furniture,Bookcases,Bookcases Product PROD-56453,109.29,1,0.10,95.66,Medium
ORD-12499,2024-11-09,2024-11-09,Second Class,CUS-3170,Customer CUS-3170,Home Office,United States,City_17,Virginia,West,PROD-29099,Furniture,Storage,Storage Product PROD-29099,2407.73,6,0.05,1447.23,Medium
ORD-12500,2022-12-05,2022-12-05,Same Day,CUS-7085,Customer CUS-7085,Home Office,United States,City_44,Pennsylvania,East,PROD-35865,Furniture,Chairs,Chairs Product PROD-35865,395.69,2,0.00,229.93,Critical
ORD-12501,2024-11-28,2024-11-28,Second Class,CUS-2774,Customer CUS-2774,Consumer,United States,City_30,Ohio,East,PROD-13966,Office Supplies,Chairs,Chairs Product PROD-13966,1230.66,3,0.00,926.39,High
ORD-12502,2022-06-03,2022-06-03,First Class,CUS-4539,Customer CUS-4539,Corporate,United States,City_96,Florida,South,PROD-69558,Furniture,Bookcases,Bookcases Product PROD-69558,1307.95,6,0.00,954.08,Critical
ORD-12503,2024-09-03,2024-09-03,Same Day,CUS-2160,Customer CUS-2160,Corporate,United States,City_24,Illinois,West,PROD-83300,Office Supplies,Storage,Storage Product PROD-83300,153.47,1,0.00,145.60,Critical
ORD-12504,2023-06-24,2023-06-24,Second Class,CUS-5429,Customer CUS-5429,Corporate,United States,City_94,New York,South,PROD-62213,Furniture,Bookcases,Bookcases Product PROD-62213,640.98,5,0.05,605.92,Low
ORD-12505,2024-06-10,2024-06-10,First Class,CUS-2506,Customer CUS-2506,Consumer,United States,City_60,Texas,West,PROD-66192,Technology,Copiers,Copiers Product PROD-66192,336.29,1,0.00,313.03,Critical
ORD-12506,2023-06-26,2023-06-26,Second Class,CUS-5327,Customer CUS-5327,Consumer,United States,City_4,Georgia,Central,PROD-83707,Office Supplies,Bookcases,Bookcases Product PROD-83707,1018.13,8,0.20,562.07,Critical
ORD-12507,2022-03-17,2022-03-17,First Class,CUS-2990,Customer CUS-2990,Corporate,United States,City_95,Texas,West,PROD-20313,Technology,Accessories,Accessories Product PROD-20313,2615.11,8,0.00,1964.51,Low
ORD-12508,2023-10-02,2023-10-02,Second Class,CUS-8763,Customer CUS-8763,Corporate,United States,City_96,Washington,Central,PROD-96852,Furniture,Binders,Binders Product PROD-96852,762.59,2,0.00,578.16,Medium
ORD-12509,2023-02-10,2023-02-10,Second Class,CUS-5170,Customer CUS-5170,Consumer,United States,City_64,Texas,Central,PROD-80999,Office Supplies,Bookcases,Bookcases Product PROD-80999,1290.39,5,0.00,1187.09,Critical
ORD-12510,2023-04-23,2023-04-23,Standard Class,CUS-7882,Customer CUS-7882,Home Office,United States,City_74,Georgia,West,PROD-14314,Furniture,Paper,Paper Product PROD-14314,1654.37,6,0.00,1148.31,Critical
ORD-12511,2024-05-18,2024-05-18,Standard Class,CUS-4570,Customer CUS-4570,Corporate,United States,City_66,Georgia,East,PROD-42510,Office Supplies,Phones,Phones Product PROD-42510,292.76,10,0.10,168.68,Low
ORD-12512,2023-10-24,2023-10-24,Second Class,CUS-8958,Customer CUS-8958,Home Office,United States,City_18,Florida,West,PROD-48502,Office Supplies,Copiers,Copiers Product PROD-48502,149.84,2,0.20,85.86,Low
ORD-12513,2023-09-24,2023-09-24,Same Day,CUS-2963,Customer CUS-2963,Home Office,United States,City_88,California,South,PROD-72227,Technology,Phones,Phones Product PROD-72227,20.92,3,0.15,17.54,Medium
ORD-12514,2024-08-14,2024-08-14,Standard Class,CUS-9326,Customer CUS-9326,Consumer,United States,City_40,New York,East,PROD-46007,Technology,Chairs,Chairs Product PROD-46007,3318.45,8,0.00,3128.43,High
ORD-12515,2023-11-17,2023-11-17,Same Day,CUS-3648,Customer CUS-3648,Home Office,United States,City_95,Washington,South,PROD-87966,Technology,Laptops,Laptops Product PROD-87966,3064.05,7,0.00,2799.86,Critical
ORD-12516,2023-12-09,2023-12-09,Standard Class,CUS-7373,Customer CUS-7373,Home Office,United States,City_66,Florida,Central,PROD-96355,Furniture,Accessories,Accessories Product PROD-96355,829.42,5,0.15,497.90,Medium
ORD-12517,2022-12-07,2022-12-07,Same Day,CUS-1844,Customer CUS-1844,Consumer,United States,City_1,Ohio,South,PROD-71151,Furniture,Binders,Binders Product PROD-71151,965.33,3,0.00,885.13,Critical
ORD-12518,2024-09-15,2024-09-15,Second Class,CUS-5389,Customer CUS-5389,Home Office,United States,City_56,Virginia,East,PROD-51646,Technology,Chairs,Chairs Product PROD-51646,271.88,7,0.00,194.02,Critical
ORD-12519,2024-06-26,2024-06-26,Second Class,CUS-6435,Customer CUS-6435,Consumer,United States,City_12,Georgia,South,PROD-31103,Office Supplies,Bookcases,Bookcases Product PROD-31103,236.45,1,0.00,163.97,High
ORD-12520,2024-02-09,2024-02-09,Second Class,CUS-7761,Customer CUS-7761,Home Office,United States,City_76,Florida,South,PROD-48894,Office Supplies,Binders,Binders Product PROD-48894,260.33,2,0.00,217.42,High
ORD-12521,2022-11-20,2022-11-20,First Class,CUS-9526,Customer CUS-9526,Home Office,United States,City_39,Virginia,West,PROD-64699,Furniture,Laptops,Laptops Product PROD-64699,1012.76,4,0.00,949.45,Critical
ORD-12522,2022-09-17,2022-09-17,First Class,CUS-1138,Customer CUS-1138,Corporate,United States,City_26,Texas,Central,PROD-92295,Office Supplies,Accessories,Accessories Product PROD-92295,695.88,2,0.15,467.05,High
ORD-12523,2024-03-26,2024-03-26,First Class,CUS-5787,Customer CUS-5787,Consumer,United States,City_73,Georgia,Central,PROD-23348,Office Supplies,Tables,Tables Product PROD-23348,1059.87,4,0.00,955.71,Low
ORD-12524,2022-04-09,2022-04-09,Same Day,CUS-3112,Customer CUS-3112,Consumer,United States,City_14,Florida,East,PROD-17339,Office Supplies,Bookcases,Bookcases Product PROD-17339,4682.98,10,0.00,4173.30,High
ORD-12525,2022-02-09,2022-02-09,Same Day,CUS-4987,Customer CUS-4987,Home Office,United States,City_39,Ohio,West,PROD-58054,Furniture,Copiers,Copiers Product PROD-58054,3156.05,7,0.00,1815.85,Critical
ORD-12526,2024-05-27,2024-05-27,Second Class,CUS-1331,Customer CUS-1331,Home Office,United States,City_11,New York,South,PROD-70749,Office Supplies,Chairs,Chairs Product PROD-70749,3611.49,8,0.05,3008.61,Critical
ORD-12527,2022-06-05,2022-06-05,First Class,CUS-7337,Customer CUS-7337,Corporate,United States,City_4,Illinois,Central,PROD-72861,Furniture,Copiers,Copiers Product PROD-72861,2461.94,6,0.00,2211.45,Medium
ORD-12528,2022-11-12,2022-11-12,Same Day,CUS-1669,Customer CUS-1669,Consumer,United States,City_29,Georgia,East,PROD-16671,Furniture,Storage,Storage Product PROD-16671,31.20,4,0.00,20.64,High
ORD-12529,2024-11-22,2024-11-22,Second Class,CUS-5281,Customer CUS-5281,Corporate,United States,City_72,New York,West,PROD-99980,Office Supplies,Binders,Binders Product PROD-99980,1596.72,4,0.00,1285.54,High
ORD-12530,2022-10-25,2022-10-25,Same Day,CUS-9665,Customer CUS-9665,Corporate,United States,City_86,Texas,Central,PROD-94826,Furniture,Copiers,Copiers Product PROD-94826,1741.67,8,0.00,1592.33,Critical
ORD-12531,2023-07-16,2023-07-16,Standard Class,CUS-5925,Customer CUS-5925,Corporate,United States,City_76,Georgia,West,PROD-92524,Furniture,Storage,Storage Product PROD-92524,293.87,2,0.10,186.56,Medium
ORD-12532,2024-11-04,2024-11-04,Second Class,CUS-1662,Customer CUS-1662,Corporate,United States,City_82,Georgia,East,PROD-96171,Office Supplies,Storage,Storage Product PROD-96171,820.19,6,0.00,528.28,Medium
ORD-12533,2024-10-02,2024-10-02,Standard Class,CUS-9688,Customer CUS-9688,Corporate,United States,City_21,California,Central,PROD-18274,Technology,Storage,Storage Product PROD-18274,818.69,10,0.00,463.08,High
ORD-12534,2022-09-13,2022-09-13,Same Day,CUS-4615,Customer CUS-4615,Home Office,United States,City_66,Virginia,South,PROD-20752,Technology,Accessories,Accessories Product PROD-20752,45.15,2,0.00,42.53,Medium
ORD-12535,2022-05-14,2022-05-14,Standard Class,CUS-6070,Customer CUS-6070,Corporate,United States,City_97,Florida,South,PROD-15299,Furniture,Chairs,Chairs Product PROD-15299,311.38,3,0.10,192.91,Critical
ORD-12536,2022-11-19,2022-11-19,Same Day,CUS-7969,Customer CUS-7969,Corporate,United States,City_99,Georgia,West,PROD-33972,Office Supplies,Binders,Binders Product PROD-33972,555.25,5,0.00,491.51,Low
ORD-12537,2024-06-06,2024-06-06,Second Class,CUS-3456,Customer CUS-3456,Home Office,United States,City_74,Florida,East,PROD-66187,Furniture,Phones,Phones Product PROD-66187,2558.10,10,0.00,1566.20,Medium
ORD-12538,2023-08-09,2023-08-09,Standard Class,CUS-5981,Customer CUS-5981,Consumer,United States,City_84,New York,West,PROD-16316,Office Supplies,Bookcases,Bookcases Product PROD-16316,1590.64,9,0.10,960.53,High
ORD-12539,2022-12-13,2022-12-13,Same Day,CUS-1595,Customer CUS-1595,Consumer,United States,City_1,Virginia,South,PROD-72990,Technology,Laptops,Laptops Product PROD-72990,740.25,2,0.00,556.48,Critical
ORD-12540,2024-09-20,2024-09-20,Standard Class,CUS-7828,Customer CUS-7828,Home Office,United States,City_83,Pennsylvania,West,PROD-74844,Office Supplies,Storage,Storage Product PROD-74844,3158.54,9,0.00,2406.17,High
ORD-12541,2023-11-20,2023-11-20,First Class,CUS-4677,Customer CUS-4677,Corporate,United States,City_76,Washington,West,PROD-24066,Technology,Laptops,Laptops Product PROD-24066,716.33,2,0.10,422.80,Critical
ORD-12542,2023-12-23,2023-12-23,Second Class,CUS-5568,Customer CUS-5568,Home Office,United States,City_23,Illinois,Central,PROD-68449,Office Supplies,Copiers,Copiers Product PROD-68449,760.78,2,0.00,595.06,Medium
ORD-12543,2023-02-06,2023-02-06,Second Class,CUS-4030,Customer CUS-4030,Consumer,United States,City_62,Florida,South,PROD-52493,Furniture,Paper,Paper Product PROD-52493,266.65,1,0.00,177.41,Critical
ORD-12544,2022-03-01,2022-03-01,Same Day,CUS-7100,Customer CUS-7100,Corporate,United States,City_26,Georgia,East,PROD-38889,Furniture,Bookcases,Bookcases Product PROD-38889,1982.43,8,0.10,1742.02,Low
ORD-12545,2022-12-19,2022-12-19,Same Day,CUS-2096,Customer CUS-2096,Consumer,United States,City_66,California,Central,PROD-37357,Furniture,Chairs,Chairs Product PROD-37357,1841.95,5,0.00,1735.10,High
ORD-12546,2022-06-26,2022-06-26,First Class,CUS-3042,Customer CUS-3042,Corporate,United States,City_26,New York,South,PROD-16183,Office Supplies,Storage,Storage Product PROD-16183,1145.39,3,0.00,992.76,High
ORD-12547,2024-11-07,2024-11-07,First Class,CUS-5962,Customer CUS-5962,Corporate,United States,City_0,Virginia,East,PROD-52658,Office Supplies,Binders,Binders Product PROD-52658,1452.80,7,0.00,1134.59,Low
ORD-12548,2024-12-09,2024-12-09,Same Day,CUS-4415,Customer CUS-4415,Home Office,United States,City_71,Washington,West,PROD-35005,Furniture,Phones,Phones Product PROD-35005,1508.78,10,0.00,1334.35,Critical
ORD-12549,2024-03-25,2024-03-25,Second Class,CUS-4007,Customer CUS-4007,Home Office,United States,City_3,Virginia,West,PROD-71026,Furniture,Copiers,Copiers Product PROD-71026,1378.09,6,0.00,1000.36,Medium
ORD-12550,2024-02-28,2024-02-28,First Class,CUS-3333,Customer CUS-3333,Home Office,United States,City_72,Texas,West,PROD-13401,Technology,Laptops,Laptops Product PROD-13401,1035.55,10,0.20,888.68,High
ORD-12551,2022-08-17,2022-08-17,Same Day,CUS-3287,Customer CUS-3287,Home Office,United States,City_17,Georgia,West,PROD-80597,Technology,Tables,Tables Product PROD-80597,1668.93,8,0.00,1157.58,Low
ORD-12552,2024-04-23,2024-04-23,First Class,CUS-8437,Customer CUS-8437,Consumer,United States,City_69,Ohio,West,PROD-70726,Furniture,Paper,Paper Product PROD-70726,628.63,10,0.00,408.99,Critical
ORD-12553,2023-01-05,2023-01-05,Second Class,CUS-9487,Customer CUS-9487,Home Office,United States,City_82,Ohio,East,PROD-38958,Technology,Laptops,Laptops Product PROD-38958,163.28,1,0.20,93.46,Critical
ORD-12554,2024-02-20,2024-02-20,Second Class,CUS-4227,Customer CUS-4227,Consumer,United States,City_19,Illinois,East,PROD-63626,Furniture,Laptops,Laptops Product PROD-63626,975.53,3,0.00,814.59,Critical
ORD-12555,2022-06-22,2022-06-22,First Class,CUS-1879,Customer CUS-1879,Consumer,United States,City_71,California,West,PROD-72048,Technology,Chairs,Chairs Product PROD-72048,816.56,5,0.00,454.32,High
ORD-12556,2023-01-25,2023-01-25,Standard Class,CUS-5303,Customer CUS-5303,Corporate,United States,City_32,Ohio,East,PROD-65703,Furniture,Phones,Phones Product PROD-65703,3684.63,9,0.05,3219.38,Medium
ORD-12557,2024-11-04,2024-11-04,Second Class,CUS-8225,Customer CUS-8225,Consumer,United States,City_69,Texas,Central,PROD-82416,Technology,Accessories,Accessories Product PROD-82416,537.79,3,0.00,311.93,High
ORD-12558,2023-06-25,2023-06-25,First Class,CUS-5413,Customer CUS-5413,Home Office,United States,City_52,Illinois,Central,PROD-37467,Technology,Phones,Phones Product PROD-37467,997.01,2,0.00,641.42,Medium
ORD-12559,2024-07-28,2024-07-28,Standard Class,CUS-8021,Customer CUS-8021,Corporate,United States,City_41,New York,South,PROD-63651,Technology,Chairs,Chairs Product PROD-63651,906.59,3,0.00,728.98,Low
ORD-12560,2024-06-19,2024-06-19,Standard Class,CUS-9631,Customer CUS-9631,Corporate,United States,City_23,California,West,PROD-48591,Furniture,Bookcases,Bookcases Product PROD-48591,2233.87,5,0.00,1869.52,Low
ORD-12561,2023-04-13,2023-04-13,Second Class,CUS-1303,Customer CUS-1303,Corporate,United States,City_75,Texas,East,PROD-20448,Office Supplies,Accessories,Accessories Product PROD-20448,1649.14,10,0.15,1018.57,High
ORD-12562,2024-07-22,2024-07-22,Same Day,CUS-2733,Customer CUS-2733,Corporate,United States,City_49,Pennsylvania,West,PROD-18884,Furniture,Copiers,Copiers Product PROD-18884,1553.17,5,0.05,1419.50,Critical
ORD-12563,2024-06-19,2024-06-19,First Class,CUS-8010,Customer CUS-8010,Home Office,United States,City_89,Ohio,West,PROD-84660,Office Supplies,Storage,Storage Product PROD-84660,1783.26,8,0.00,1518.93,Medium
ORD-12564,2024-02-23,2024-02-23,Second Class,CUS-9174,Customer CUS-9174,Home Office,United States,City_77,Illinois,West,PROD-57359,Technology,Copiers,Copiers Product PROD-57359,1527.02,4,0.00,1074.79,Medium
ORD-12565,2024-05-08,2024-05-08,First Class,CUS-1926,Customer CUS-1926,Corporate,United States,City_65,Georgia,South,PROD-38927,Furniture,Accessories,Accessories Product PROD-38927,741.82,2,0.00,605.01,Low
ORD-12566,2024-06-28,2024-06-28,Same Day,CUS-5461,Customer CUS-5461,Corporate,United States,City_33,Georgia,West,PROD-43917,Technology,Binders,Binders Product PROD-43917,573.59,2,0.00,492.21,Medium
ORD-12567,2022-04-28,2022-04-28,Standard Class,CUS-3633,Customer CUS-3633,Corporate,United States,City_43,Florida,West,PROD-53442,Technology,Tables,Tables Product PROD-53442,1565.03,5,0.00,1355.57,High
ORD-12568,2024-06-26,2024-06-26,Same Day,CUS-3573,Customer CUS-3573,Home Office,United States,City_62,Florida,Central,PROD-71855,Technology,Paper,Paper Product PROD-71855,2105.58,9,0.10,1861.15,High
ORD-12569,2022-05-04,2022-05-04,First Class,CUS-6567,Customer CUS-6567,Home Office,United States,City_20,New York,West,PROD-71077,Office Supplies,Storage,Storage Product PROD-71077,929.91,7,0.10,668.22,Low
ORD-12570,2022-05-22,2022-05-22,Same Day,CUS-5037,Customer CUS-5037,Home Office,United States,City_78,Texas,West,PROD-65277,Technology,Phones,Phones Product PROD-65277,2148.83,8,0.00,1465.61,Low
ORD-12571,2024-01-13,2024-01-13,Second Class,CUS-2119,Customer CUS-2119,Home Office,United States,City_35,Ohio,East,PROD-27477,Technology,Laptops,Laptops Product PROD-27477,997.08,4,0.15,920.70,High
ORD-12572,2023-10-09,2023-10-09,Standard Class,CUS-9211,Customer CUS-9211,Home Office,United States,City_27,Pennsylvania,West,PROD-54393,Office Supplies,Tables,Tables Product PROD-54393,102.45,4,0.00,66.07,Medium
ORD-12573,2022-12-23,2022-12-23,Standard Class,CUS-1088,Customer CUS-1088,Consumer,United States,City_20,Illinois,Central,PROD-22854,Technology,Accessories,Accessories Product PROD-22854,224.73,6,0.00,142.31,Low
ORD-12574,2023-01-15,2023-01-15,Second Class,CUS-1112,Customer CUS-1112,Consumer,United States,City_95,Illinois,East,PROD-98230,Furniture,Tables,Tables Product PROD-98230,579.97,2,0.00,332.55,High
ORD-12575,2023-03-23,2023-03-23,Same Day,CUS-9630,Customer CUS-9630,Home Office,United States,City_8,Florida,East,PROD-63075,Office Supplies,Accessories,Accessories Product PROD-63075,323.13,1,0.10,187.76,Low
ORD-12576,2024-02-01,2024-02-01,Standard Class,CUS-1117,Customer CUS-1117,Home Office,United States,City_75,California,West,PROD-21001,Technology,Storage,Storage Product PROD-21001,917.11,5,0.05,578.65,Medium
ORD-12577,2024-03-10,2024-03-10,Standard Class,CUS-9309,Customer CUS-9309,Home Office,United States,City_49,Virginia,Central,PROD-36766,Technology,Bookcases,Bookcases Product PROD-36766,134.97,2,0.05,89.23,Medium
ORD-12578,2024-01-03,2024-01-03,Second Class,CUS-2997,Customer CUS-2997,Consumer,United States,City_28,Ohio,West,PROD-12880,Office Supplies,Binders,Binders Product PROD-12880,410.98,8,0.00,379.54,Medium
ORD-12579,2024-10-23,2024-10-23,Second Class,CUS-1837,Customer CUS-1837,Home Office,United States,City_10,Texas,East,PROD-84488,Furniture,Copiers,Copiers Product PROD-84488,1546.73,6,0.00,1120.86,Critical
ORD-12580,2024-07-05,2024-07-05,Same Day,CUS-2582,Customer CUS-2582,Corporate,United States,City_70,Virginia,West,PROD-77534,Office Supplies,Binders,Binders Product PROD-77534,2697.90,8,0.00,2163.27,Low
ORD-12581,2023-07-06,2023-07-06,First Class,CUS-1301,Customer CUS-1301,Consumer,United States,City_99,Washington,South,PROD-53499,Technology,Binders,Binders Product PROD-53499,498.49,2,0.10,399.98,High
ORD-12582,2022-12-07,2022-12-07,Second Class,CUS-9869,Customer CUS-9869,Home Office,United States,City_18,Ohio,West,PROD-75587,Furniture,Tables,Tables Product PROD-75587,1684.26,4,0.05,1070.21,Medium
ORD-12583,2024-07-14,2024-07-14,Second Class,CUS-9614,Customer CUS-9614,Corporate,United States,City_8,California,South,PROD-93989,Office Supplies,Chairs,Chairs Product PROD-93989,3673.54,10,0.05,3331.38,Low
ORD-12584,2024-09-11,2024-09-11,Standard Class,CUS-2041,Customer CUS-2041,Home Office,United States,City_69,Florida,Central,PROD-50579,Office Supplies,Laptops,Laptops Product PROD-50579,372.90,3,0.00,298.98,High
ORD-12585,2023-01-20,2023-01-20,Standard Class,CUS-6822,Customer CUS-6822,Corporate,United States,City_50,Pennsylvania,West,PROD-31281,Furniture,Chairs,Chairs Product PROD-31281,815.49,10,0.10,572.84,Medium
ORD-12586,2024-02-01,2024-02-01,Same Day,CUS-5067,Customer CUS-5067,Consumer,United States,City_92,Pennsylvania,West,PROD-58343,Technology,Phones,Phones Product PROD-58343,356.41,2,0.05,313.10,Medium
ORD-12587,2023-04-25,2023-04-25,First Class,CUS-2041,Customer CUS-2041,Corporate,United States,City_8,New York,Central,PROD-95634,Furniture,Storage,Storage Product PROD-95634,2405.78,10,0.20,1709.32,Medium
ORD-12588,2023-07-10,2023-07-10,Same Day,CUS-8747,Customer CUS-8747,Corporate,United States,City_99,Virginia,South,PROD-77012,Office Supplies,Laptops,Laptops Product PROD-77012,119.30,2,0.00,71.80,High
ORD-12589,2022-08-23,2022-08-23,Second Class,CUS-7743,Customer CUS-7743,Home Office,United States,City_24,Pennsylvania,West,PROD-29697,Technology,Bookcases,Bookcases Product PROD-29697,2286.95,7,0.00,1954.48,High
ORD-12590,2024-03-18,2024-03-18,Standard Class,CUS-4272,Customer CUS-4272,Corporate,United States,City_20,Florida,Central,PROD-35031,Furniture,Chairs,Chairs Product PROD-35031,634.64,5,0.00,531.00,High
ORD-12591,2024-06-22,2024-06-22,First Class,CUS-9909,Customer CUS-9909,Home Office,United States,City_42,Pennsylvania,West,PROD-49881,Furniture,Phones,Phones Product PROD-49881,1208.37,4,0.00,746.03,High
ORD-12592,2022-10-24,2022-10-24,First Class,CUS-1975,Customer CUS-1975,Consumer,United States,City_98,Washington,West,PROD-31176,Technology,Storage,Storage Product PROD-31176,1069.27,3,0.00,980.19,Medium
ORD-12593,2024-09-25,2024-09-25,Standard Class,CUS-3710,Customer CUS-3710,Home Office,United States,City_13,Pennsylvania,West,PROD-81573,Office Supplies,Storage,Storage Product PROD-81573,2540.74,9,0.05,1737.02,Low
ORD-12594,2024-06-04,2024-06-04,Same Day,CUS-4108,Customer CUS-4108,Home Office,United States,City_79,Washington,West,PROD-53762,Furniture,Paper,Paper Product PROD-53762,179.48,2,0.05,132.99,Medium
ORD-12595,2022-03-12,2022-03-12,Second Class,CUS-2960,Customer CUS-2960,Corporate,United States,City_41,New York,East,PROD-25348,Furniture,Laptops,Laptops Product PROD-25348,425.58,1,0.00,314.21,High
ORD-12596,2023-03-15,2023-03-15,First Class,CUS-1094,Customer CUS-1094,Home Office,United States,City_49,California,South,PROD-29932,Furniture,Laptops,Laptops Product PROD-29932,1257.17,3,0.00,1145.20,Medium
ORD-12597,2024-05-21,2024-05-21,Second Class,CUS-9184,Customer CUS-9184,Consumer,United States,City_54,Virginia,East,PROD-83928,Furniture,Binders,Binders Product PROD-83928,1532.51,5,0.00,1232.42,Low
ORD-12598,2022-04-21,2022-04-21,Standard Class,CUS-9569,Customer CUS-9569,Consumer,United States,City_35,Texas,South,PROD-94392,Technology,Accessories,Accessories Product PROD-94392,1835.39,8,0.00,1423.74,Critical
ORD-12599,2024-10-11,2024-10-11,Same Day,CUS-2905,Customer CUS-2905,Consumer,United States,City_58,Pennsylvania,South,PROD-89033,Technology,Laptops,Laptops Product PROD-89033,556.25,2,0.10,455.27,Critical
ORD-12600,2024-10-05,2024-10-05,Same Day,CUS-2009,Customer CUS-2009,Consumer,United States,City_8,Georgia,Central,PROD-21015,Furniture,Chairs,Chairs Product PROD-21015,81.01,1,0.10,75.75,Critical
ORD-12601,2022-04-16,2022-04-16,Standard Class,CUS-4931,Customer CUS-4931,Home Office,United States,City_34,Pennsylvania,Central,PROD-30106,Technology,Chairs,Chairs Product PROD-30106,56.49,1,0.00,33.24,Critical
ORD-12602,2024-03-28,2024-03-28,Same Day,CUS-1854,Customer CUS-1854,Home Office,United States,City_26,California,East,PROD-18077,Technology,Phones,Phones Product PROD-18077,404.15,2,0.00,353.83,High
ORD-12603,2022-10-26,2022-10-26,Second Class,CUS-2340,Customer CUS-2340,Consumer,United States,City_77,Texas,East,PROD-41988,Technology,Phones,Phones Product PROD-41988,217.85,1,0.20,170.54,Medium
ORD-12604,2022-07-18,2022-07-18,First Class,CUS-7521,Customer CUS-7521,Corporate,United States,City_74,Georgia,South,PROD-46377,Furniture,Copiers,Copiers Product PROD-46377,1142.93,5,0.00,726.58,Critical
ORD-12605,2023-03-17,2023-03-17,Second Class,CUS-9631,Customer CUS-9631,Home Office,United States,City_34,New York,West,PROD-38839,Furniture,Paper,Paper Product PROD-38839,250.60,4,0.00,200.74,Critical
ORD-12606,2022-12-15,2022-12-15,Same Day,CUS-9260,Customer CUS-9260,Home Office,United States,City_10,Florida,East,PROD-43650,Furniture,Storage,Storage Product PROD-43650,3426.55,8,0.00,2467.99,Low
ORD-12607,2023-05-16,2023-05-16,Same Day,CUS-8744,Customer CUS-8744,Consumer,United States,City_67,Texas,West,PROD-23958,Office Supplies,Phones,Phones Product PROD-23958,1744.87,4,0.00,1247.58,High
ORD-12608,2023-02-21,2023-02-21,Second Class,CUS-1894,Customer CUS-1894,Corporate,United States,City_29,Georgia,West,PROD-90932,Technology,Tables,Tables Product PROD-90932,1708.11,5,0.00,954.71,High
ORD-12609,2024-03-06,2024-03-06,Second Class,CUS-4100,Customer CUS-4100,Consumer,United States,City_47,Ohio,South,PROD-11649,Technology,Tables,Tables Product PROD-11649,635.87,5,0.00,441.83,High
ORD-12610,2023-11-24,2023-11-24,Standard Class,CUS-7725,Customer CUS-7725,Corporate,United States,City_79,Texas,West,PROD-90705,Technology,Paper,Paper Product PROD-90705,1830.22,9,0.00,1058.29,Critical
ORD-12611,2023-02-09,2023-02-09,Standard Class,CUS-3972,Customer CUS-3972,Consumer,United States,City_71,Georgia,West,PROD-12615,Technology,Storage,Storage Product PROD-12615,125.67,5,0.10,106.85,Medium
ORD-12612,2023-05-03,2023-05-03,First Class,CUS-9778,Customer CUS-9778,Home Office,United States,City_51,Georgia,West,PROD-57036,Office Supplies,Accessories,Accessories Product PROD-57036,342.44,9,0.00,316.75,Low
ORD-12613,2024-02-26,2024-02-26,First Class,CUS-9442,Customer CUS-9442,Home Office,United States,City_50,Illinois,South,PROD-38840,Technology,Laptops,Laptops Product PROD-38840,2319.84,9,0.00,1885.39,Low
ORD-12614,2022-08-20,2022-08-20,Standard Class,CUS-3100,Customer CUS-3100,Home Office,United States,City_29,California,East,PROD-86315,Technology,Accessories,Accessories Product PROD-86315,677.93,8,0.00,488.10,High
ORD-12615,2022-04-06,2022-04-06,Standard Class,CUS-5648,Customer CUS-5648,Corporate,United States,City_40,Florida,East,PROD-71753,Technology,Copiers,Copiers Product PROD-71753,3589.69,10,0.00,2008.62,Critical
ORD-12616,2022-01-02,2022-01-02,Standard Class,CUS-9236,Customer CUS-9236,Corporate,United States,City_31,Pennsylvania,Central,PROD-52869,Technology,Accessories,Accessories Product PROD-52869,1113.94,6,0.00,634.62,High
ORD-12617,2024-08-28,2024-08-28,Same Day,CUS-7039,Customer CUS-7039,Corporate,United States,City_9,Pennsylvania,East,PROD-20885,Furniture,Storage,Storage Product PROD-20885,1299.58,4,0.00,1108.08,High
ORD-12618,2024-03-01,2024-03-01,Same Day,CUS-5581,Customer CUS-5581,Corporate,United States,City_4,New York,East,PROD-56488,Technology,Tables,Tables Product PROD-56488,2369.74,6,0.00,2156.30,High
ORD-12619,2022-05-19,2022-05-19,First Class,CUS-7984,Customer CUS-7984,Corporate,United States,City_45,California,East,PROD-51547,Office Supplies,Paper,Paper Product PROD-51547,187.96,4,0.10,174.64,Critical
ORD-12620,2023-08-26,2023-08-26,First Class,CUS-4769,Customer CUS-4769,Corporate,United States,City_16,Virginia,West,PROD-75079,Office Supplies,Storage,Storage Product PROD-75079,927.55,10,0.00,806.17,High
ORD-12621,2023-04-05,2023-04-05,Second Class,CUS-6522,Customer CUS-6522,Corporate,United States,City_23,Virginia,Central,PROD-19113,Office Supplies,Chairs,Chairs Product PROD-19113,1330.53,5,0.00,1232.11,Low
ORD-12622,2024-07-08,2024-07-08,Same Day,CUS-9972,Customer CUS-9972,Corporate,United States,City_85,Virginia,Central,PROD-50426,Office Supplies,Copiers,Copiers Product PROD-50426,151.61,9,0.00,104.84,Medium
ORD-12623,2022-10-19,2022-10-19,Second Class,CUS-7770,Customer CUS-7770,Consumer,United States,City_74,Texas,Central,PROD-14516,Technology,Bookcases,Bookcases Product PROD-14516,2260.86,8,0.20,1625.87,High
ORD-12624,2024-11-14,2024-11-14,First Class,CUS-9240,Customer CUS-9240,Home Office,United States,City_89,Ohio,Central,PROD-45827,Technology,Laptops,Laptops Product PROD-45827,2546.31,6,0.05,2033.11,Low
ORD-12625,2023-09-28,2023-09-28,Second Class,CUS-1283,Customer CUS-1283,Home Office,United States,City_94,Georgia,Central,PROD-92279,Technology,Accessories,Accessories Product PROD-92279,575.08,9,0.05,498.97,High
ORD-12626,2023-06-17,2023-06-17,Standard Class,CUS-9749,Customer CUS-9749,Corporate,United States,City_26,Florida,West,PROD-12024,Technology,Tables,Tables Product PROD-12024,2344.06,6,0.00,1552.60,Low
ORD-12627,2023-03-28,2023-03-28,Same Day,CUS-9060,Customer CUS-9060,Corporate,United States,City_5,Ohio,Central,PROD-78012,Furniture,Chairs,Chairs Product PROD-78012,61.23,4,0.20,51.50,Low
ORD-12628,2024-03-13,2024-03-13,First Class,CUS-5179,Customer CUS-5179,Corporate,United States,City_8,New York,West,PROD-67898,Technology,Copiers,Copiers Product PROD-67898,726.51,3,0.00,580.63,Medium
ORD-12629,2022-03-10,2022-03-10,Same Day,CUS-1973,Customer CUS-1973,Corporate,United States,City_41,Florida,Central,PROD-46676,Technology,Binders,Binders Product PROD-46676,778.37,4,0.00,685.82,Critical
ORD-12630,2024-05-28,2024-05-28,First Class,CUS-6641,Customer CUS-6641,Home Office,United States,City_9,Georgia,West,PROD-49802,Furniture,Binders,Binders Product PROD-49802,2543.13,7,0.00,2120.60,High
ORD-12631,2022-04-04,2022-04-04,Same Day,CUS-5790,Customer CUS-5790,Home Office,United States,City_71,Virginia,West,PROD-95475,Office Supplies,Laptops,Laptops Product PROD-95475,452.26,7,0.00,313.10,Critical
ORD-12632,2024-05-27,2024-05-27,Same Day,CUS-4369,Customer CUS-4369,Consumer,United States,City_56,New York,South,PROD-70991,Office Supplies,Tables,Tables Product PROD-70991,343.03,9,0.05,271.32,Critical
ORD-12633,2022-07-20,2022-07-20,Same Day,CUS-6813,Customer CUS-6813,Home Office,United States,City_99,Texas,South,PROD-25614,Furniture,Paper,Paper Product PROD-25614,4722.27,10,0.05,3793.00,Critical
ORD-12634,2022-10-11,2022-10-11,First Class,CUS-1345,Customer CUS-1345,Home Office,United States,City_21,Virginia,East,PROD-92072,Furniture,Phones,Phones Product PROD-92072,60.54,2,0.05,40.23,Critical
ORD-12635,2023-02-25,2023-02-25,Standard Class,CUS-1321,Customer CUS-1321,Corporate,United States,City_99,New York,West,PROD-79213,Furniture,Laptops,Laptops Product PROD-79213,2105.76,10,0.00,1261.65,Low
ORD-12636,2023-02-08,2023-02-08,Standard Class,CUS-2558,Customer CUS-2558,Consumer,United States,City_19,Illinois,East,PROD-93740,Furniture,Storage,Storage Product PROD-93740,1461.88,4,0.05,1382.93,Critical
ORD-12637,2024-04-26,2024-04-26,First Class,CUS-7250,Customer CUS-7250,Corporate,United States,City_77,Pennsylvania,South,PROD-33483,Office Supplies,Storage,Storage Product PROD-33483,3351.86,8,0.00,2173.47,Critical
ORD-12638,2023-03-06,2023-03-06,Second Class,CUS-2085,Customer CUS-2085,Consumer,United States,City_22,Florida,East,PROD-10384,Furniture,Storage,Storage Product PROD-10384,2859.62,9,0.15,2314.34,Medium
ORD-12639,2023-02-05,2023-02-05,Standard Class,CUS-4896,Customer CUS-4896,Home Office,United States,City_94,Texas,South,PROD-22365,Furniture,Binders,Binders Product PROD-22365,1714.61,6,0.20,1077.73,Low
ORD-12640,2022-06-07,2022-06-07,First Class,CUS-3186,Customer CUS-3186,Home Office,United States,City_53,New York,Central,PROD-50381,Office Supplies,Phones,Phones Product PROD-50381,416.36,1,0.00,274.13,Critical
ORD-12641,2024-03-22,2024-03-22,Standard Class,CUS-9216,Customer CUS-9216,Corporate,United States,City_77,Florida,East,PROD-77157,Furniture,Phones,Phones Product PROD-77157,519.05,9,0.00,359.04,High
ORD-12642,2023-04-06,2023-04-06,Same Day,CUS-6765,Customer CUS-6765,Corporate,United States,City_6,Pennsylvania,East,PROD-38752,Office Supplies,Phones,Phones Product PROD-38752,91.80,1,0.05,83.99,Low
ORD-12643,2024-04-28,2024-04-28,Second Class,CUS-7398,Customer CUS-7398,Home Office,United States,City_45,Washington,South,PROD-81301,Office Supplies,Tables,Tables Product PROD-81301,386.60,4,0.05,214.38,Low
ORD-12644,2023-05-07,2023-05-07,First Class,CUS-6054,Customer CUS-6054,Consumer,United States,City_57,Washington,East,PROD-42997,Furniture,Copiers,Copiers Product PROD-42997,382.47,1,0.00,241.74,Low
ORD-12645,2022-12-17,2022-12-17,Same Day,CUS-4366,Customer CUS-4366,Corporate,United States,City_31,Ohio,Central,PROD-11312,Office Supplies,Paper,Paper Product PROD-11312,258.70,4,0.00,183.01,High
ORD-12646,2024-05-07,2024-05-07,First Class,CUS-6474,Customer CUS-6474,Home Office,United States,City_96,Pennsylvania,West,PROD-37469,Office Supplies,Bookcases,Bookcases Product PROD-37469,1684.75,4,0.00,1569.83,High
ORD-12647,2023-06-27,2023-06-27,Standard Class,CUS-9767,Customer CUS-9767,Consumer,United States,City_1,Illinois,East,PROD-21377,Office Supplies,Paper,Paper Product PROD-21377,588.58,9,0.00,333.82,High
ORD-12648,2024-10-19,2024-10-19,Second Class,CUS-9817,Customer CUS-9817,Consumer,United States,City_86,Illinois,East,PROD-15104,Technology,Binders,Binders Product PROD-15104,2478.71,7,0.05,2289.35,Critical
ORD-12649,2024-12-26,2024-12-26,Standard Class,CUS-1249,Customer CUS-1249,Home Office,United States,City_4,Georgia,South,PROD-22804,Office Supplies,Tables,Tables Product PROD-22804,2886.15,9,0.00,1864.87,Critical
ORD-12650,2022-07-22,2022-07-22,First Class,CUS-8307,Customer CUS-8307,Home Office,United States,City_40,Florida,Central,PROD-21998,Furniture,Chairs,Chairs Product PROD-21998,1689.69,9,0.00,1513.22,High
ORD-12651,2023-08-17,2023-08-17,Second Class,CUS-7668,Customer CUS-7668,Consumer,United States,City_8,Washington,South,PROD-40702,Office Supplies,Bookcases,Bookcases Product PROD-40702,1072.41,6,0.00,658.04,Critical
ORD-12652,2022-01-12,2022-01-12,First Class,CUS-5791,Customer CUS-5791,Consumer,United States,City_13,Illinois,West,PROD-58405,Technology,Storage,Storage Product PROD-58405,4246.80,10,0.00,2711.68,Medium
ORD-12653,2022-05-12,2022-05-12,Standard Class,CUS-7870,Customer CUS-7870,Home Office,United States,City_76,Illinois,East,PROD-26061,Furniture,Phones,Phones Product PROD-26061,1340.96,5,0.00,769.19,Low
ORD-12654,2024-02-09,2024-02-09,Second Class,CUS-8619,Customer CUS-8619,Corporate,United States,City_43,Georgia,West,PROD-98674,Technology,Binders,Binders Product PROD-98674,581.42,3,0.00,356.71,Medium
ORD-12655,2024-11-08,2024-11-08,Same Day,CUS-4959,Customer CUS-4959,Home Office,United States,City_99,Georgia,West,PROD-50085,Office Supplies,Tables,Tables Product PROD-50085,2219.80,5,0.10,1918.39,Medium
ORD-12656,2023-05-26,2023-05-26,Same Day,CUS-9003,Customer CUS-9003,Corporate,United States,City_57,California,South,PROD-79011,Technology,Copiers,Copiers Product PROD-79011,817.77,8,0.00,459.04,Low
ORD-12657,2022-11-04,2022-11-04,Standard Class,CUS-6109,Customer CUS-6109,Home Office,United States,City_68,New York,South,PROD-55293,Office Supplies,Accessories,Accessories Product PROD-55293,162.70,2,0.00,131.53,Critical
ORD-12658,2022-02-15,2022-02-15,Standard Class,CUS-3629,Customer CUS-3629,Corporate,United States,City_43,New York,South,PROD-17474,Technology,Paper,Paper Product PROD-17474,882.40,2,0.00,520.39,Low
ORD-12659,2023-12-21,2023-12-21,First Class,CUS-3193,Customer CUS-3193,Corporate,United States,City_2,Florida,Central,PROD-29471,Technology,Chairs,Chairs Product PROD-29471,334.55,3,0.00,256.03,Medium
ORD-12660,2022-02-20,2022-02-20,Same Day,CUS-8046,Customer CUS-8046,Corporate,United States,City_76,Virginia,East,PROD-80975,Technology,Accessories,Accessories Product PROD-80975,1962.54,4,0.00,1835.21,High
ORD-12661,2022-05-22,2022-05-22,Same Day,CUS-9716,Customer CUS-9716,Home Office,United States,City_34,Texas,South,PROD-41479,Office Supplies,Accessories,Accessories Product PROD-41479,2704.18,7,0.15,2529.73,Critical
ORD-12662,2024-04-16,2024-04-16,First Class,CUS-4046,Customer CUS-4046,Home Office,United States,City_86,Ohio,Central,PROD-91385,Office Supplies,Chairs,Chairs Product PROD-91385,22.46,2,0.00,20.27,Critical
ORD-12663,2022-08-07,2022-08-07,First Class,CUS-6120,Customer CUS-6120,Consumer,United States,City_83,Texas,East,PROD-79074,Technology,Storage,Storage Product PROD-79074,1276.65,5,0.00,779.85,Low
ORD-12664,2024-11-27,2024-11-27,First Class,CUS-8585,Customer CUS-8585,Consumer,United States,City_0,New York,East,PROD-26632,Office Supplies,Phones,Phones Product PROD-26632,1099.54,4,0.00,931.99,Low
ORD-12665,2024-12-28,2024-12-28,Standard Class,CUS-7750,Customer CUS-7750,Consumer,United States,City_97,Texas,South,PROD-48390,Furniture,Paper,Paper Product PROD-48390,380.25,3,0.05,318.35,Critical
ORD-12666,2023-11-24,2023-11-24,Standard Class,CUS-1241,Customer CUS-1241,Corporate,United States,City_15,Illinois,East,PROD-49996,Technology,Accessories,Accessories Product PROD-49996,138.39,4,0.00,96.77,Low
ORD-12667,2024-08-04,2024-08-04,Second Class,CUS-5846,Customer CUS-5846,Corporate,United States,City_21,Ohio,South,PROD-99114,Furniture,Bookcases,Bookcases Product PROD-99114,1315.15,7,0.00,853.65,Medium
ORD-12668,2023-10-18,2023-10-18,Same Day,CUS-1550,Customer CUS-1550,Consumer,United States,City_14,Illinois,East,PROD-44130,Office Supplies,Accessories,Accessories Product PROD-44130,736.19,4,0.00,573.40,High
ORD-12669,2024-03-28,2024-03-28,Standard Class,CUS-9616,Customer CUS-9616,Consumer,United States,City_72,Washington,West,PROD-33307,Office Supplies,Storage,Storage Product PROD-33307,2769.50,9,0.00,2348.91,High
ORD-12670,2023-10-19,2023-10-19,Same Day,CUS-1378,Customer CUS-1378,Home Office,United States,City_8,Florida,East,PROD-47428,Office Supplies,Paper,Paper Product PROD-47428,217.20,3,0.05,199.00,Low
ORD-12671,2024-01-26,2024-01-26,Second Class,CUS-2379,Customer CUS-2379,Consumer,United States,City_40,Virginia,Central,PROD-95802,Office Supplies,Accessories,Accessories Product PROD-95802,1345.22,6,0.10,1022.42,Medium
ORD-12672,2024-03-13,2024-03-13,Second Class,CUS-8646,Customer CUS-8646,Consumer,United States,City_10,California,West,PROD-89118,Technology,Bookcases,Bookcases Product PROD-89118,270.63,7,0.00,247.64,High
ORD-12673,2024-01-27,2024-01-27,First Class,CUS-9215,Customer CUS-9215,Corporate,United States,City_96,Florida,South,PROD-87822,Office Supplies,Accessories,Accessories Product PROD-87822,1037.72,9,0.00,628.82,High
ORD-12674,2023-06-18,2023-06-18,Same Day,CUS-5426,Customer CUS-5426,Home Office,United States,City_53,California,South,PROD-15079,Technology,Copiers,Copiers Product PROD-15079,194.28,8,0.00,136.54,Critical
ORD-12675,2022-10-21,2022-10-21,First Class,CUS-6502,Customer CUS-6502,Corporate,United States,City_83,Florida,South,PROD-53666,Furniture,Copiers,Copiers Product PROD-53666,58.13,10,0.20,46.48,Critical
ORD-12676,2023-04-13,2023-04-13,Standard Class,CUS-5526,Customer CUS-5526,Corporate,United States,City_38,Texas,Central,PROD-69117,Furniture,Chairs,Chairs Product PROD-69117,1692.42,9,0.00,1265.12,Critical
ORD-12677,2024-02-24,2024-02-24,Standard Class,CUS-3768,Customer CUS-3768,Home Office,United States,City_40,Texas,South,PROD-46171,Office Supplies,Bookcases,Bookcases Product PROD-46171,1081.36,9,0.00,806.42,Medium
ORD-12678,2023-02-20,2023-02-20,Same Day,CUS-4175,Customer CUS-4175,Corporate,United States,City_19,California,South,PROD-43607,Office Supplies,Paper,Paper Product PROD-43607,832.38,2,0.00,580.19,Critical
ORD-12679,2024-02-08,2024-02-08,Same Day,CUS-6885,Customer CUS-6885,Consumer,United States,City_55,Washington,West,PROD-70978,Technology,Binders,Binders Product PROD-70978,225.26,3,0.00,138.02,Critical
ORD-12680,2024-08-03,2024-08-03,Second Class,CUS-5238,Customer CUS-5238,Corporate,United States,City_30,Pennsylvania,West,PROD-96148,Technology,Copiers,Copiers Product PROD-96148,676.47,10,0.00,418.52,Low
ORD-12681,2022-05-16,2022-05-16,First Class,CUS-3225,Customer CUS-3225,Home Office,United States,City_45,Washington,South,PROD-87810,Office Supplies,Paper,Paper Product PROD-87810,1014.25,7,0.15,792.50,Critical
ORD-12682,2023-03-04,2023-03-04,First Class,CUS-1618,Customer CUS-1618,Consumer,United States,City_0,Virginia,East,PROD-61960,Technology,Laptops,Laptops Product PROD-61960,2160.18,9,0.05,1683.00,Low
ORD-12683,2022-05-20,2022-05-20,Second Class,CUS-6096,Customer CUS-6096,Consumer,United States,City_17,California,Central,PROD-21416,Office Supplies,Chairs,Chairs Product PROD-21416,2963.90,6,0.00,2342.99,High
ORD-12684,2023-08-20,2023-08-20,Same Day,CUS-3338,Customer CUS-3338,Home Office,United States,City_3,New York,East,PROD-82260,Furniture,Chairs,Chairs Product PROD-82260,105.43,9,0.00,73.81,Medium
ORD-12685,2024-08-15,2024-08-15,Standard Class,CUS-6808,Customer CUS-6808,Home Office,United States,City_64,California,Central,PROD-24431,Office Supplies,Copiers,Copiers Product PROD-24431,1828.79,8,0.00,1239.02,Medium
ORD-12686,2022-01-10,2022-01-10,Second Class,CUS-2210,Customer CUS-2210,Consumer,United States,City_75,Virginia,East,PROD-94192,Technology,Copiers,Copiers Product PROD-94192,3038.96,7,0.10,2420.12,Low
ORD-12687,2023-04-24,2023-04-24,Standard Class,CUS-1048,Customer CUS-1048,Corporate,United States,City_38,Ohio,South,PROD-49382,Technology,Accessories,Accessories Product PROD-49382,515.56,8,0.00,308.97,Medium
ORD-12688,2024-02-05,2024-02-05,Standard Class,CUS-1845,Customer CUS-1845,Home Office,United States,City_51,Ohio,South,PROD-45673,Furniture,Laptops,Laptops Product PROD-45673,3572.72,10,0.00,2880.75,High
ORD-12689,2022-02-04,2022-02-04,Standard Class,CUS-5954,Customer CUS-5954,Home Office,United States,City_37,Texas,South,PROD-96507,Furniture,Copiers,Copiers Product PROD-96507,1956.96,7,0.00,1356.09,High
ORD-12690,2023-05-07,2023-05-07,Second Class,CUS-6579,Customer CUS-6579,Home Office,United States,City_48,Washington,West,PROD-54293,Technology,Accessories,Accessories Product PROD-54293,1026.56,6,0.00,676.88,Medium
ORD-12691,2024-02-24,2024-02-24,Standard Class,CUS-8062,Customer CUS-8062,Corporate,United States,City_42,Florida,East,PROD-94724,Office Supplies,Paper,Paper Product PROD-94724,570.64,6,0.00,527.46,High
ORD-12692,2024-09-28,2024-09-28,Standard Class,CUS-5275,Customer CUS-5275,Corporate,United States,City_40,Virginia,South,PROD-76070,Technology,Accessories,Accessories Product PROD-76070,1302.01,7,0.00,1125.85,Medium
ORD-12693,2024-05-25,2024-05-25,First Class,CUS-8191,Customer CUS-8191,Consumer,United States,City_40,Illinois,West,PROD-53948,Technology,Paper,Paper Product PROD-53948,946.53,2,0.05,687.92,Low
ORD-12694,2022-11-17,2022-11-17,First Class,CUS-4005,Customer CUS-4005,Corporate,United States,City_85,Virginia,South,PROD-90944,Office Supplies,Accessories,Accessories Product PROD-90944,504.97,8,0.00,281.87,High
ORD-12695,2024-02-02,2024-02-02,Second Class,CUS-5939,Customer CUS-5939,Corporate,United States,City_24,Ohio,Central,PROD-13238,Technology,Binders,Binders Product PROD-13238,101.08,3,0.00,77.49,High
ORD-12696,2024-01-16,2024-01-16,Same Day,CUS-5100,Customer CUS-5100,Corporate,United States,City_20,California,Central,PROD-42315,Technology,Laptops,Laptops Product PROD-42315,700.08,4,0.00,558.27,Critical
ORD-12697,2024-03-02,2024-03-02,Same Day,CUS-1668,Customer CUS-1668,Home Office,United States,City_57,Illinois,South,PROD-96166,Office Supplies,Chairs,Chairs Product PROD-96166,3342.79,7,0.00,2277.85,Critical
ORD-12698,2023-09-02,2023-09-02,Standard Class,CUS-4810,Customer CUS-4810,Home Office,United States,City_38,Ohio,East,PROD-65148,Furniture,Storage,Storage Product PROD-65148,1140.21,4,0.00,1038.81,Medium
ORD-12699,2022-08-27,2022-08-27,Second Class,CUS-9095,Customer CUS-9095,Corporate,United States,City_81,Washington,West,PROD-84971,Office Supplies,Laptops,Laptops Product PROD-84971,1240.23,4,0.00,1154.29,Critical
ORD-12700,2024-10-07,2024-10-07,Same Day,CUS-8567,Customer CUS-8567,Home Office,United States,City_98,Texas,West,PROD-10344,Technology,Binders,Binders Product PROD-10344,736.17,2,0.00,572.28,Low
ORD-12701,2023-12-26,2023-12-26,Second Class,CUS-7739,Customer CUS-7739,Consumer,United States,City_48,New York,Central,PROD-77116,Technology,Chairs,Chairs Product PROD-77116,1917.95,5,0.05,1708.88,Critical
ORD-12702,2023-08-22,2023-08-22,Same Day,CUS-8102,Customer CUS-8102,Home Office,United States,City_67,Georgia,Central,PROD-39609,Furniture,Binders,Binders Product PROD-39609,1863.14,9,0.00,1767.43,High
ORD-12703,2023-01-06,2023-01-06,First Class,CUS-9325,Customer CUS-9325,Corporate,United States,City_12,Illinois,West,PROD-84211,Technology,Phones,Phones Product PROD-84211,1511.13,4,0.10,914.39,Critical
ORD-12704,2023-01-14,2023-01-14,First Class,CUS-8374,Customer CUS-8374,Home Office,United States,City_40,Pennsylvania,West,PROD-14187,Office Supplies,Phones,Phones Product PROD-14187,1777.14,5,0.00,1607.28,Medium
ORD-12705,2022-05-14,2022-05-14,First Class,CUS-3729,Customer CUS-3729,Home Office,United States,City_64,Pennsylvania,Central,PROD-53727,Office Supplies,Copiers,Copiers Product PROD-53727,763.11,2,0.10,614.36,High
ORD-12706,2024-08-26,2024-08-26,Standard Class,CUS-9687,Customer CUS-9687,Consumer,United States,City_8,Florida,South,PROD-41009,Technology,Laptops,Laptops Product PROD-41009,1888.87,6,0.00,1093.16,Low
ORD-12707,2024-10-24,2024-10-24,Second Class,CUS-4081,Customer CUS-4081,Corporate,United States,City_80,Florida,West,PROD-72631,Technology,Binders,Binders Product PROD-72631,1700.64,5,0.05,1485.67,High
ORD-12708,2024-11-23,2024-11-23,First Class,CUS-2294,Customer CUS-2294,Corporate,United States,City_87,Pennsylvania,South,PROD-56687,Office Supplies,Accessories,Accessories Product PROD-56687,1429.79,5,0.00,831.62,Critical
ORD-12709,2023-07-22,2023-07-22,Same Day,CUS-5319,Customer CUS-5319,Home Office,United States,City_56,Georgia,Central,PROD-34198,Office Supplies,Copiers,Copiers Product PROD-34198,3022.55,10,0.00,1685.82,Medium
ORD-12710,2023-05-06,2023-05-06,Second Class,CUS-7396,Customer CUS-7396,Home Office,United States,City_59,California,West,PROD-69519,Technology,Copiers,Copiers Product PROD-69519,379.54,1,0.00,351.03,High
ORD-12711,2023-11-03,2023-11-03,First Class,CUS-4250,Customer CUS-4250,Consumer,United States,City_97,Illinois,Central,PROD-25031,Technology,Phones,Phones Product PROD-25031,2143.18,6,0.00,1620.20,Low
ORD-12712,2024-04-20,2024-04-20,First Class,CUS-4192,Customer CUS-4192,Corporate,United States,City_89,Florida,East,PROD-98530,Furniture,Bookcases,Bookcases Product PROD-98530,772.37,6,0.05,733.23,Critical
ORD-12713,2022-02-23,2022-02-23,Same Day,CUS-9865,Customer CUS-9865,Home Office,United States,City_94,Florida,West,PROD-27087,Technology,Tables,Tables Product PROD-27087,283.18,2,0.00,187.99,Critical
ORD-12714,2023-09-22,2023-09-22,Same Day,CUS-7791,Customer CUS-7791,Corporate,United States,City_49,Illinois,Central,PROD-33335,Technology,Tables,Tables Product PROD-33335,895.92,4,0.00,786.06,Medium
ORD-12715,2022-07-08,2022-07-08,Standard Class,CUS-5100,Customer CUS-5100,Home Office,United States,City_59,Pennsylvania,East,PROD-86617,Office Supplies,Storage,Storage Product PROD-86617,1347.03,5,0.05,1007.59,Medium
ORD-12716,2023-11-25,2023-11-25,First Class,CUS-2180,Customer CUS-2180,Consumer,United States,City_5,Washington,Central,PROD-43624,Furniture,Paper,Paper Product PROD-43624,3181.72,7,0.00,2354.18,Critical
ORD-12717,2023-04-16,2023-04-16,Second Class,CUS-4512,Customer CUS-4512,Consumer,United States,City_29,Georgia,Central,PROD-11317,Furniture,Phones,Phones Product PROD-11317,549.98,5,0.10,360.70,Critical
ORD-12718,2022-05-24,2022-05-24,Same Day,CUS-2911,Customer CUS-2911,Home Office,United States,City_71,Georgia,South,PROD-84119,Furniture,Binders,Binders Product PROD-84119,1288.38,4,0.00,999.89,Critical
ORD-12719,2023-08-08,2023-08-08,Second Class,CUS-3698,Customer CUS-3698,Home Office,United States,City_26,Ohio,East,PROD-22700,Technology,Paper,Paper Product PROD-22700,381.67,2,0.05,313.63,Medium
ORD-12720,2024-07-28,2024-07-28,Second Class,CUS-8155,Customer CUS-8155,Consumer,United States,City_3,California,South,PROD-36266,Office Supplies,Paper,Paper Product PROD-36266,1936.13,10,0.00,1402.07,High
ORD-12721,2023-04-26,2023-04-26,Second Class,CUS-1366,Customer CUS-1366,Consumer,United States,City_22,California,Central,PROD-93924,Office Supplies,Paper,Paper Product PROD-93924,1708.44,9,0.10,1391.30,High
ORD-12722,2023-11-22,2023-11-22,First Class,CUS-1568,Customer CUS-1568,Corporate,United States,City_46,New York,South,PROD-59947,Furniture,Bookcases,Bookcases Product PROD-59947,3592.97,10,0.00,2158.27,Low
ORD-12723,2023-05-09,2023-05-09,Same Day,CUS-3113,Customer CUS-3113,Corporate,United States,City_87,New York,East,PROD-76070,Office Supplies,Binders,Binders Product PROD-76070,1177.41,4,0.00,755.99,Low
ORD-12724,2023-10-20,2023-10-20,Same Day,CUS-3324,Customer CUS-3324,Consumer,United States,City_40,Texas,South,PROD-92776,Technology,Paper,Paper Product PROD-92776,1734.56,5,0.00,1102.76,High
ORD-12725,2023-10-16,2023-10-16,Same Day,CUS-3572,Customer CUS-3572,Consumer,United States,City_62,Pennsylvania,South,PROD-24371,Office Supplies,Phones,Phones Product PROD-24371,2777.64,8,0.05,1927.68,High
ORD-12726,2024-05-27,2024-05-27,Standard Class,CUS-8690,Customer CUS-8690,Corporate,United States,City_97,Illinois,East,PROD-19880,Furniture,Paper,Paper Product PROD-19880,936.97,5,0.00,862.77,Low
ORD-12727,2024-02-24,2024-02-24,Same Day,CUS-1085,Customer CUS-1085,Consumer,United States,City_93,Ohio,East,PROD-69051,Technology,Tables,Tables Product PROD-69051,1857.77,7,0.00,1638.61,High
ORD-12728,2023-05-19,2023-05-19,First Class,CUS-7883,Customer CUS-7883,Consumer,United States,City_45,Texas,Central,PROD-90527,Technology,Paper,Paper Product PROD-90527,1047.96,7,0.00,586.18,Low
ORD-12729,2024-04-04,2024-04-04,Second Class,CUS-8071,Customer CUS-8071,Corporate,United States,City_92,Florida,East,PROD-47843,Technology,Binders,Binders Product PROD-47843,2447.46,8,0.00,1782.65,Low
ORD-12730,2022-08-18,2022-08-18,Standard Class,CUS-5682,Customer CUS-5682,Corporate,United States,City_5,California,South,PROD-74595,Technology,Phones,Phones Product PROD-74595,1000.56,4,0.00,881.37,Critical
ORD-12731,2022-05-22,2022-05-22,Second Class,CUS-2848,Customer CUS-2848,Home Office,United States,City_25,Virginia,West,PROD-71629,Furniture,Chairs,Chairs Product PROD-71629,416.47,9,0.00,279.97,Medium
ORD-12732,2023-11-11,2023-11-11,Same Day,CUS-1937,Customer CUS-1937,Home Office,United States,City_88,Florida,West,PROD-19359,Technology,Accessories,Accessories Product PROD-19359,717.34,2,0.00,549.72,Low
ORD-12733,2022-03-13,2022-03-13,First Class,CUS-2330,Customer CUS-2330,Corporate,United States,City_99,New York,Central,PROD-17672,Technology,Phones,Phones Product PROD-17672,839.58,7,0.00,614.34,Low
ORD-12734,2023-05-26,2023-05-26,Same Day,CUS-1133,Customer CUS-1133,Corporate,United States,City_6,California,East,PROD-21543,Furniture,Accessories,Accessories Product PROD-21543,1699.97,4,0.05,1367.86,Medium
ORD-12735,2024-04-12,2024-04-12,Standard Class,CUS-5457,Customer CUS-5457,Consumer,United States,City_12,California,West,PROD-62798,Furniture,Tables,Tables Product PROD-62798,33.35,2,0.00,21.18,Critical
ORD-12736,2023-08-25,2023-08-25,First Class,CUS-1095,Customer CUS-1095,Consumer,United States,City_98,Florida,East,PROD-76656,Technology,Tables,Tables Product PROD-76656,976.10,7,0.20,762.72,Medium
ORD-12737,2023-11-15,2023-11-15,Second Class,CUS-1897,Customer CUS-1897,Consumer,United States,City_84,Texas,West,PROD-34655,Furniture,Laptops,Laptops Product PROD-34655,267.84,8,0.00,177.78,High
ORD-12738,2022-07-21,2022-07-21,First Class,CUS-5170,Customer CUS-5170,Corporate,United States,City_18,California,South,PROD-22683,Office Supplies,Accessories,Accessories Product PROD-22683,1516.33,6,0.05,975.62,Critical
ORD-12739,2024-07-20,2024-07-20,Same Day,CUS-9775,Customer CUS-9775,Corporate,United States,City_97,Pennsylvania,Central,PROD-98492,Office Supplies,Copiers,Copiers Product PROD-98492,249.27,1,0.00,180.46,Low
ORD-12740,2023-11-10,2023-11-10,First Class,CUS-5177,Customer CUS-5177,Consumer,United States,City_91,New York,South,PROD-66997,Technology,Binders,Binders Product PROD-66997,2037.44,5,0.00,1540.61,High
ORD-12741,2023-01-18,2023-01-18,First Class,CUS-6467,Customer CUS-6467,Consumer,United States,City_97,Pennsylvania,Central,PROD-12719,Technology,Bookcases,Bookcases Product PROD-12719,2862.66,6,0.00,1781.51,High
ORD-12742,2023-07-17,2023-07-17,Second Class,CUS-3006,Customer CUS-3006,Home Office,United States,City_5,Pennsylvania,Central,PROD-51362,Technology,Accessories,Accessories Product PROD-51362,983.92,9,0.10,900.20,Critical
ORD-12743,2023-12-24,2023-12-24,First Class,CUS-8923,Customer CUS-8923,Consumer,United States,City_18,Florida,East,PROD-26654,Furniture,Binders,Binders Product PROD-26654,426.34,7,0.00,263.85,Medium
ORD-12744,2023-12-15,2023-12-15,First Class,CUS-9796,Customer CUS-9796,Corporate,United States,City_87,Georgia,Central,PROD-79972,Office Supplies,Tables,Tables Product PROD-79972,1040.94,3,0.00,741.28,Low
ORD-12745,2022-07-11,2022-07-11,First Class,CUS-6064,Customer CUS-6064,Corporate,United States,City_49,Texas,West,PROD-88894,Furniture,Storage,Storage Product PROD-88894,933.71,5,0.00,797.80,Critical
ORD-12746,2023-03-24,2023-03-24,Same Day,CUS-6627,Customer CUS-6627,Home Office,United States,City_49,Virginia,Central,PROD-93117,Technology,Paper,Paper Product PROD-93117,1336.48,3,0.00,1250.81,High
ORD-12747,2024-04-03,2024-04-03,Same Day,CUS-9616,Customer CUS-9616,Corporate,United States,City_69,Florida,South,PROD-22132,Technology,Binders,Binders Product PROD-22132,1297.39,6,0.00,1122.79,Medium
ORD-12748,2022-10-24,2022-10-24,Second Class,CUS-7949,Customer CUS-7949,Corporate,United States,City_26,New York,West,PROD-53967,Office Supplies,Storage,Storage Product PROD-53967,341.50,3,0.20,226.72,Low
ORD-12749,2024-09-21,2024-09-21,Second Class,CUS-8894,Customer CUS-8894,Corporate,United States,City_16,Florida,East,PROD-76561,Technology,Copiers,Copiers Product PROD-76561,4862.99,10,0.00,2775.97,Medium
ORD-12750,2024-06-18,2024-06-18,Same Day,CUS-2174,Customer CUS-2174,Home Office,United States,City_69,Florida,East,PROD-71479,Office Supplies,Accessories,Accessories Product PROD-71479,1320.97,7,0.00,731.15,Critical
ORD-12751,2024-08-28,2024-08-28,First Class,CUS-7380,Customer CUS-7380,Corporate,United States,City_96,Pennsylvania,Central,PROD-26154,Office Supplies,Paper,Paper Product PROD-26154,188.42,2,0.00,114.70,Critical
ORD-12752,2024-02-19,2024-02-19,Second Class,CUS-4200,Customer CUS-4200,Home Office,United States,City_60,Virginia,East,PROD-65692,Office Supplies,Storage,Storage Product PROD-65692,1499.53,6,0.15,1328.41,Low
ORD-12753,2023-05-05,2023-05-05,Same Day,CUS-4043,Customer CUS-4043,Home Office,United States,City_79,Washington,East,PROD-40541,Furniture,Laptops,Laptops Product PROD-40541,336.23,1,0.10,197.18,Low
ORD-12754,2022-11-19,2022-11-19,Standard Class,CUS-3597,Customer CUS-3597,Consumer,United States,City_96,Georgia,Central,PROD-90023,Furniture,Storage,Storage Product PROD-90023,108.74,6,0.00,94.69,Critical
ORD-12755,2023-10-21,2023-10-21,Same Day,CUS-1589,Customer CUS-1589,Corporate,United States,City_8,New York,West,PROD-90779,Technology,Copiers,Copiers Product PROD-90779,21.66,1,0.00,13.74,Low
ORD-12756,2022-05-01,2022-05-01,Standard Class,CUS-9130,Customer CUS-9130,Home Office,United States,City_97,Florida,South,PROD-14404,Technology,Binders,Binders Product PROD-14404,52.70,5,0.00,36.68,Critical
ORD-12757,2023-12-02,2023-12-02,Standard Class,CUS-9503,Customer CUS-9503,Home Office,United States,City_59,New York,South,PROD-66854,Technology,Paper,Paper Product PROD-66854,2570.62,10,0.10,1507.86,High
ORD-12758,2024-11-18,2024-11-18,First Class,CUS-6972,Customer CUS-6972,Corporate,United States,City_39,California,West,PROD-86178,Furniture,Copiers,Copiers Product PROD-86178,825.43,4,0.00,770.96,High
ORD-12759,2023-09-07,2023-09-07,First Class,CUS-8671,Customer CUS-8671,Corporate,United States,City_35,Georgia,East,PROD-29408,Office Supplies,Paper,Paper Product PROD-29408,3857.48,10,0.00,2368.05,Medium
ORD-12760,2022-07-24,2022-07-24,Same Day,CUS-7066,Customer CUS-7066,Home Office,United States,City_37,New York,East,PROD-82028,Office Supplies,Binders,Binders Product PROD-82028,615.07,2,0.15,475.01,Low
ORD-12761,2024-02-17,2024-02-17,Second Class,CUS-8306,Customer CUS-8306,Corporate,United States,City_12,Ohio,West,PROD-59206,Office Supplies,Binders,Binders Product PROD-59206,1825.60,7,0.00,1610.74,High
ORD-12762,2022-07-25,2022-07-25,First Class,CUS-7113,Customer CUS-7113,Consumer,United States,City_33,Georgia,South,PROD-35211,Furniture,Accessories,Accessories Product PROD-35211,256.53,1,0.10,211.39,Critical
ORD-12763,2023-03-01,2023-03-01,Second Class,CUS-6094,Customer CUS-6094,Corporate,United States,City_19,California,South,PROD-76665,Technology,Copiers,Copiers Product PROD-76665,2742.36,10,0.00,1746.11,Low
ORD-12764,2024-06-14,2024-06-14,Second Class,CUS-7959,Customer CUS-7959,Consumer,United States,City_66,Georgia,South,PROD-53080,Furniture,Bookcases,Bookcases Product PROD-53080,735.36,2,0.00,555.25,Low
ORD-12765,2022-11-12,2022-11-12,First Class,CUS-2347,Customer CUS-2347,Corporate,United States,City_12,California,East,PROD-44981,Technology,Laptops,Laptops Product PROD-44981,1603.12,4,0.00,960.31,Medium
ORD-12766,2023-04-26,2023-04-26,Standard Class,CUS-4577,Customer CUS-4577,Home Office,United States,City_75,Florida,Central,PROD-48667,Technology,Binders,Binders Product PROD-48667,3093.93,7,0.00,1840.90,High
ORD-12767,2022-07-22,2022-07-22,First Class,CUS-2301,Customer CUS-2301,Home Office,United States,City_74,Florida,Central,PROD-46712,Furniture,Paper,Paper Product PROD-46712,3941.07,9,0.05,2357.45,Low
ORD-12768,2022-12-22,2022-12-22,Second Class,CUS-2756,Customer CUS-2756,Corporate,United States,City_24,Georgia,Central,PROD-47443,Office Supplies,Laptops,Laptops Product PROD-47443,1912.52,8,0.15,1177.65,Low
ORD-12769,2022-12-25,2022-12-25,Second Class,CUS-3704,Customer CUS-3704,Consumer,United States,City_27,California,East,PROD-10132,Technology,Phones,Phones Product PROD-10132,184.20,2,0.10,156.12,High
ORD-12770,2022-05-26,2022-05-26,Same Day,CUS-4091,Customer CUS-4091,Home Office,United States,City_3,New York,West,PROD-94321,Technology,Tables,Tables Product PROD-94321,853.26,10,0.00,639.95,High
ORD-12771,2024-08-26,2024-08-26,First Class,CUS-9220,Customer CUS-9220,Consumer,United States,City_70,New York,West,PROD-56379,Office Supplies,Phones,Phones Product PROD-56379,397.45,6,0.20,282.96,Low
ORD-12772,2022-04-03,2022-04-03,First Class,CUS-1212,Customer CUS-1212,Corporate,United States,City_24,New York,South,PROD-72991,Furniture,Chairs,Chairs Product PROD-72991,321.71,5,0.00,221.87,Critical
ORD-12773,2022-07-14,2022-07-14,Same Day,CUS-9872,Customer CUS-9872,Consumer,United States,City_88,Washington,East,PROD-86422,Office Supplies,Accessories,Accessories Product PROD-86422,189.95,2,0.00,145.25,Critical
ORD-12774,2023-02-04,2023-02-04,Same Day,CUS-8304,Customer CUS-8304,Home Office,United States,City_37,Texas,East,PROD-74176,Furniture,Binders,Binders Product PROD-74176,641.02,10,0.00,416.13,Critical
ORD-12775,2022-04-25,2022-04-25,First Class,CUS-7414,Customer CUS-7414,Home Office,United States,City_80,Georgia,South,PROD-25247,Furniture,Binders,Binders Product PROD-25247,1540.95,6,0.10,1427.55,High
ORD-12776,2023-11-26,2023-11-26,Same Day,CUS-6489,Customer CUS-6489,Corporate,United States,City_63,Washington,Central,PROD-89759,Office Supplies,Bookcases,Bookcases Product PROD-89759,142.65,2,0.00,128.55,High
ORD-12777,2022-07-14,2022-07-14,Second Class,CUS-6850,Customer CUS-6850,Corporate,United States,City_11,Texas,East,PROD-94419,Technology,Tables,Tables Product PROD-94419,2935.66,6,0.00,2180.39,Critical
ORD-12778,2022-01-13,2022-01-13,First Class,CUS-4101,Customer CUS-4101,Corporate,United States,City_25,Florida,Central,PROD-76143,Furniture,Accessories,Accessories Product PROD-76143,4253.15,10,0.05,4011.38,Medium
ORD-12779,2023-06-12,2023-06-12,Second Class,CUS-4045,Customer CUS-4045,Home Office,United States,City_1,Virginia,Central,PROD-51069,Furniture,Tables,Tables Product PROD-51069,972.37,6,0.20,586.75,Low
ORD-12780,2023-07-09,2023-07-09,Standard Class,CUS-1293,Customer CUS-1293,Consumer,United States,City_40,Virginia,East,PROD-22394,Office Supplies,Copiers,Copiers Product PROD-22394,1111.51,6,0.05,656.44,Critical
ORD-12781,2022-10-25,2022-10-25,First Class,CUS-3900,Customer CUS-3900,Corporate,United States,City_6,Georgia,South,PROD-14990,Office Supplies,Paper,Paper Product PROD-14990,1095.48,4,0.00,688.27,High
ORD-12782,2022-05-04,2022-05-04,Second Class,CUS-3210,Customer CUS-3210,Consumer,United States,City_73,Ohio,West,PROD-52780,Office Supplies,Accessories,Accessories Product PROD-52780,2090.29,6,0.00,1604.72,Low
ORD-12783,2023-12-09,2023-12-09,First Class,CUS-4133,Customer CUS-4133,Consumer,United States,City_55,Ohio,South,PROD-70981,Office Supplies,Tables,Tables Product PROD-70981,1310.15,9,0.00,1221.16,High
ORD-12784,2024-01-12,2024-01-12,Second Class,CUS-9052,Customer CUS-9052,Corporate,United States,City_75,Florida,East,PROD-92361,Office Supplies,Chairs,Chairs Product PROD-92361,1757.93,4,0.05,1468.79,High
ORD-12785,2022-12-06,2022-12-06,Same Day,CUS-8867,Customer CUS-8867,Home Office,United States,City_33,Ohio,East,PROD-97361,Furniture,Binders,Binders Product PROD-97361,3079.66,9,0.00,2295.21,Low
ORD-12786,2022-12-26,2022-12-26,Standard Class,CUS-8272,Customer CUS-8272,Corporate,United States,City_62,Texas,West,PROD-40661,Office Supplies,Phones,Phones Product PROD-40661,2287.62,5,0.00,1454.78,High
ORD-12787,2022-12-02,2022-12-02,Same Day,CUS-1363,Customer CUS-1363,Corporate,United States,City_68,Georgia,East,PROD-83104,Furniture,Accessories,Accessories Product PROD-83104,1694.88,9,0.00,1136.28,High
ORD-12788,2024-10-06,2024-10-06,Standard Class,CUS-5732,Customer CUS-5732,Consumer,United States,City_17,Virginia,East,PROD-45913,Technology,Binders,Binders Product PROD-45913,254.97,5,0.10,171.90,Low
ORD-12789,2024-10-22,2024-10-22,Same Day,CUS-6237,Customer CUS-6237,Consumer,United States,City_24,Florida,Central,PROD-49309,Office Supplies,Phones,Phones Product PROD-49309,1203.92,5,0.00,971.53,High
ORD-12790,2024-10-23,2024-10-23,Same Day,CUS-2728,Customer CUS-2728,Home Office,United States,City_58,Pennsylvania,South,PROD-48152,Technology,Phones,Phones Product PROD-48152,1425.76,4,0.10,827.20,High
ORD-12791,2023-03-28,2023-03-28,First Class,CUS-4776,Customer CUS-4776,Corporate,United States,City_81,Georgia,East,PROD-17529,Furniture,Bookcases,Bookcases Product PROD-17529,1237.45,9,0.00,978.10,Low
ORD-12792,2023-06-19,2023-06-19,Second Class,CUS-1765,Customer CUS-1765,Consumer,United States,City_51,Illinois,East,PROD-41682,Furniture,Paper,Paper Product PROD-41682,2486.42,8,0.10,1961.41,Medium
ORD-12793,2022-02-07,2022-02-07,Standard Class,CUS-3941,Customer CUS-3941,Corporate,United States,City_80,Texas,South,PROD-32007,Office Supplies,Storage,Storage Product PROD-32007,1289.18,9,0.00,807.61,High
ORD-12794,2024-07-08,2024-07-08,First Class,CUS-6456,Customer CUS-6456,Corporate,United States,City_47,Illinois,East,PROD-37066,Office Supplies,Bookcases,Bookcases Product PROD-37066,312.86,6,0.15,254.26,Medium
ORD-12795,2022-04-03,2022-04-03,Standard Class,CUS-4000,Customer CUS-4000,Consumer,United States,City_8,Texas,Central,PROD-72428,Furniture,Accessories,Accessories Product PROD-72428,1818.86,4,0.00,1347.43,High
ORD-12796,2022-01-01,2022-01-01,Second Class,CUS-3715,Customer CUS-3715,Corporate,United States,City_93,Georgia,Central,PROD-86156,Furniture,Paper,Paper Product PROD-86156,328.20,1,0.15,248.78,Critical
ORD-12797,2022-10-28,2022-10-28,Second Class,CUS-7103,Customer CUS-7103,Home Office,United States,City_53,New York,South,PROD-14144,Furniture,Copiers,Copiers Product PROD-14144,579.72,2,0.00,469.76,Critical
ORD-12798,2023-02-22,2023-02-22,First Class,CUS-6668,Customer CUS-6668,Home Office,United States,City_53,Ohio,South,PROD-53057,Technology,Bookcases,Bookcases Product PROD-53057,3972.35,8,0.00,2558.31,Medium
ORD-12799,2022-02-23,2022-02-23,Same Day,CUS-8710,Customer CUS-8710,Home Office,United States,City_21,New York,Central,PROD-58149,Office Supplies,Copiers,Copiers Product PROD-58149,781.61,2,0.00,626.03,Medium
ORD-12800,2024-08-28,2024-08-28,Second Class,CUS-5296,Customer CUS-5296,Home Office,United States,City_1,Texas,Central,PROD-68782,Furniture,Storage,Storage Product PROD-68782,2772.10,10,0.05,1917.64,Medium
ORD-12801,2023-04-20,2023-04-20,Same Day,CUS-3075,Customer CUS-3075,Consumer,United States,City_14,Illinois,East,PROD-34951,Technology,Tables,Tables Product PROD-34951,312.91,1,0.00,237.21,Critical
ORD-12802,2022-03-28,2022-03-28,Same Day,CUS-6857,Customer CUS-6857,Home Office,United States,City_90,Pennsylvania,West,PROD-72668,Office Supplies,Paper,Paper Product PROD-72668,533.24,4,0.00,293.98,Low
ORD-12803,2024-05-06,2024-05-06,Second Class,CUS-5209,Customer CUS-5209,Consumer,United States,City_2,Washington,South,PROD-63464,Technology,Binders,Binders Product PROD-63464,890.01,7,0.05,819.26,Low
ORD-12804,2023-09-03,2023-09-03,Standard Class,CUS-8178,Customer CUS-8178,Home Office,United States,City_80,California,East,PROD-37928,Technology,Accessories,Accessories Product PROD-37928,241.02,1,0.00,148.11,Critical
ORD-12805,2024-04-27,2024-04-27,Standard Class,CUS-5848,Customer CUS-5848,Corporate,United States,City_78,California,Central,PROD-56384,Technology,Storage,Storage Product PROD-56384,3537.07,9,0.00,3225.78,Critical
ORD-12806,2024-11-17,2024-11-17,Standard Class,CUS-9138,Customer CUS-9138,Consumer,United States,City_41,Virginia,Central,PROD-90162,Technology,Tables,Tables Product PROD-90162,1831.17,9,0.00,1222.24,Medium
ORD-12807,2022-10-07,2022-10-07,First Class,CUS-7691,Customer CUS-7691,Consumer,United States,City_46,Pennsylvania,East,PROD-55898,Furniture,Paper,Paper Product PROD-55898,878.02,4,0.00,597.48,High
ORD-12808,2023-06-28,2023-06-28,Standard Class,CUS-8742,Customer CUS-8742,Corporate,United States,City_55,Pennsylvania,South,PROD-12089,Office Supplies,Accessories,Accessories Product PROD-12089,387.10,1,0.00,245.65,Medium
ORD-12809,2022-07-22,2022-07-22,First Class,CUS-3511,Customer CUS-3511,Corporate,United States,City_45,Pennsylvania,South,PROD-91856,Office Supplies,Chairs,Chairs Product PROD-91856,607.68,3,0.00,475.98,Medium
ORD-12810,2022-01-28,2022-01-28,Same Day,CUS-1198,Customer CUS-1198,Home Office,United States,City_8,New York,Central,PROD-62499,Technology,Phones,Phones Product PROD-62499,3284.72,9,0.05,2730.11,Medium
ORD-12811,2022-02-23,2022-02-23,Same Day,CUS-7408,Customer CUS-7408,Corporate,United States,City_41,Virginia,East,PROD-82634,Furniture,Chairs,Chairs Product PROD-82634,287.24,1,0.00,158.63,Medium
ORD-12812,2023-12-14,2023-12-14,First Class,CUS-1580,Customer CUS-1580,Home Office,United States,City_66,Georgia,Central,PROD-50236,Furniture,Storage,Storage Product PROD-50236,2064.36,6,0.05,1295.64,High
ORD-12813,2023-11-04,2023-11-04,Same Day,CUS-9471,Customer CUS-9471,Home Office,United States,City_35,Virginia,Central,PROD-85259,Technology,Storage,Storage Product PROD-85259,1899.52,4,0.00,1718.09,High
ORD-12814,2023-09-08,2023-09-08,Second Class,CUS-7465,Customer CUS-7465,Home Office,United States,City_19,Texas,Central,PROD-93078,Furniture,Chairs,Chairs Product PROD-93078,524.59,4,0.00,454.10,Low
ORD-12815,2023-10-14,2023-10-14,Second Class,CUS-3924,Customer CUS-3924,Corporate,United States,City_30,Pennsylvania,West,PROD-76490,Furniture,Phones,Phones Product PROD-76490,375.68,3,0.00,300.96,High
ORD-12816,2022-08-20,2022-08-20,Second Class,CUS-6661,Customer CUS-6661,Home Office,United States,City_71,Virginia,South,PROD-34007,Office Supplies,Phones,Phones Product PROD-34007,2274.18,8,0.00,1476.05,Critical
ORD-12817,2024-09-06,2024-09-06,Standard Class,CUS-9554,Customer CUS-9554,Consumer,United States,City_23,California,West,PROD-59901,Office Supplies,Paper,Paper Product PROD-59901,1285.40,6,0.00,1146.98,High
ORD-12818,2022-07-13,2022-07-13,Second Class,CUS-7375,Customer CUS-7375,Home Office,United States,City_54,Florida,Central,PROD-19057,Office Supplies,Chairs,Chairs Product PROD-19057,2306.81,10,0.00,1755.52,High
ORD-12819,2023-08-25,2023-08-25,Same Day,CUS-4880,Customer CUS-4880,Corporate,United States,City_80,New York,East,PROD-42167,Office Supplies,Binders,Binders Product PROD-42167,1269.78,6,0.00,1061.45,Critical
ORD-12820,2024-09-13,2024-09-13,Standard Class,CUS-5825,Customer CUS-5825,Consumer,United States,City_62,Washington,Central,PROD-34004,Technology,Laptops,Laptops Product PROD-34004,3017.75,9,0.00,2437.50,High
ORD-12821,2023-03-12,2023-03-12,Second Class,CUS-8069,Customer CUS-8069,Corporate,United States,City_2,Illinois,South,PROD-29316,Technology,Bookcases,Bookcases Product PROD-29316,714.65,2,0.00,530.54,Critical
ORD-12822,2024-07-15,2024-07-15,Standard Class,CUS-8156,Customer CUS-8156,Consumer,United States,City_27,Pennsylvania,South,PROD-39607,Technology,Tables,Tables Product PROD-39607,1984.50,9,0.20,1348.81,Critical
ORD-12823,2024-09-24,2024-09-24,First Class,CUS-1513,Customer CUS-1513,Consumer,United States,City_21,California,South,PROD-41756,Furniture,Binders,Binders Product PROD-41756,110.71,1,0.00,70.31,Medium
ORD-12824,2022-06-17,2022-06-17,Second Class,CUS-9222,Customer CUS-9222,Consumer,United States,City_87,Ohio,Central,PROD-85136,Technology,Copiers,Copiers Product PROD-85136,2304.23,6,0.00,1858.89,Medium
ORD-12825,2022-09-15,2022-09-15,First Class,CUS-8713,Customer CUS-8713,Consumer,United States,City_28,Georgia,West,PROD-58530,Technology,Bookcases,Bookcases Product PROD-58530,1639.02,6,0.00,1089.30,Critical
ORD-12826,2022-04-22,2022-04-22,Same Day,CUS-6473,Customer CUS-6473,Home Office,United States,City_20,California,Central,PROD-47001,Office Supplies,Storage,Storage Product PROD-47001,2022.88,7,0.00,1206.26,Low
ORD-12827,2022-03-12,2022-03-12,First Class,CUS-9704,Customer CUS-9704,Consumer,United States,City_12,Washington,South,PROD-39264,Office Supplies,Binders,Binders Product PROD-39264,337.31,5,0.00,223.18,Critical
ORD-12828,2022-03-05,2022-03-05,Same Day,CUS-6164,Customer CUS-6164,Consumer,United States,City_77,Texas,Central,PROD-30318,Furniture,Paper,Paper Product PROD-30318,1734.31,6,0.00,1452.11,Low
ORD-12829,2022-12-06,2022-12-06,Same Day,CUS-5825,Customer CUS-5825,Corporate,United States,City_53,Virginia,Central,PROD-11978,Technology,Bookcases,Bookcases Product PROD-11978,388.42,2,0.10,275.63,Medium
ORD-12830,2023-07-01,2023-07-01,Standard Class,CUS-3341,Customer CUS-3341,Consumer,United States,City_0,Ohio,Central,PROD-32683,Furniture,Binders,Binders Product PROD-32683,1089.56,5,0.15,701.04,Medium
ORD-12831,2023-11-25,2023-11-25,First Class,CUS-8938,Customer CUS-8938,Home Office,United States,City_26,New York,East,PROD-20810,Furniture,Copiers,Copiers Product PROD-20810,2717.36,6,0.00,1745.00,Low
ORD-12832,2023-04-03,2023-04-03,Same Day,CUS-4119,Customer CUS-4119,Home Office,United States,City_60,Georgia,West,PROD-57237,Technology,Binders,Binders Product PROD-57237,4436.71,10,0.00,3162.25,Medium
ORD-12833,2023-02-21,2023-02-21,Standard Class,CUS-8580,Customer CUS-8580,Home Office,United States,City_56,Illinois,South,PROD-96347,Furniture,Storage,Storage Product PROD-96347,3155.66,7,0.00,1824.56,Critical
ORD-12834,2023-01-12,2023-01-12,First Class,CUS-9394,Customer CUS-9394,Consumer,United States,City_29,Virginia,East,PROD-95876,Technology,Tables,Tables Product PROD-95876,1031.13,5,0.00,580.04,High
ORD-12835,2022-12-05,2022-12-05,Same Day,CUS-2092,Customer CUS-2092,Consumer,United States,City_74,Ohio,East,PROD-79693,Office Supplies,Paper,Paper Product PROD-79693,844.57,2,0.00,578.27,Medium
ORD-12836,2022-07-19,2022-07-19,First Class,CUS-6373,Customer CUS-6373,Corporate,United States,City_27,New York,South,PROD-61404,Technology,Chairs,Chairs Product PROD-61404,399.19,8,0.00,259.27,Critical
ORD-12837,2024-05-19,2024-05-19,Second Class,CUS-4822,Customer CUS-4822,Consumer,United States,City_32,Washington,East,PROD-62893,Office Supplies,Chairs,Chairs Product PROD-62893,1947.50,8,0.00,1769.87,Low
ORD-12838,2024-04-13,2024-04-13,Standard Class,CUS-1139,Customer CUS-1139,Home Office,United States,City_59,Ohio,East,PROD-27732,Office Supplies,Storage,Storage Product PROD-27732,1949.95,10,0.00,1367.24,Critical
ORD-12839,2024-08-05,2024-08-05,Same Day,CUS-7806,Customer CUS-7806,Corporate,United States,City_22,Washington,South,PROD-39233,Furniture,Laptops,Laptops Product PROD-39233,383.93,1,0.00,335.98,Critical
ORD-12840,2023-09-15,2023-09-15,First Class,CUS-7493,Customer CUS-7493,Consumer,United States,City_62,Pennsylvania,Central,PROD-26334,Technology,Tables,Tables Product PROD-26334,669.37,2,0.00,559.23,Medium
ORD-12841,2023-03-19,2023-03-19,Standard Class,CUS-9793,Customer CUS-9793,Corporate,United States,City_24,New York,East,PROD-82340,Office Supplies,Laptops,Laptops Product PROD-82340,1081.80,4,0.00,893.84,Medium
ORD-12842,2023-12-25,2023-12-25,First Class,CUS-1607,Customer CUS-1607,Consumer,United States,City_16,Texas,Central,PROD-86520,Office Supplies,Laptops,Laptops Product PROD-86520,181.83,3,0.05,120.15,Low
ORD-12843,2024-09-14,2024-09-14,Same Day,CUS-3565,Customer CUS-3565,Corporate,United States,City_0,Pennsylvania,East,PROD-68434,Furniture,Copiers,Copiers Product PROD-68434,170.93,1,0.00,94.93,Critical
ORD-12844,2022-01-05,2022-01-05,First Class,CUS-9974,Customer CUS-9974,Corporate,United States,City_83,Texas,Central,PROD-63660,Furniture,Paper,Paper Product PROD-63660,550.40,4,0.00,321.14,Low
ORD-12845,2023-08-05,2023-08-05,First Class,CUS-8352,Customer CUS-8352,Corporate,United States,City_8,Georgia,South,PROD-39593,Office Supplies,Storage,Storage Product PROD-39593,3063.77,7,0.00,1894.24,High
ORD-12846,2022-08-12,2022-08-12,Standard Class,CUS-1149,Customer CUS-1149,Home Office,United States,City_7,Illinois,East,PROD-45760,Furniture,Copiers,Copiers Product PROD-45760,45.29,1,0.00,29.81,Critical
ORD-12847,2023-11-26,2023-11-26,Same Day,CUS-3122,Customer CUS-3122,Consumer,United States,City_80,Georgia,South,PROD-91188,Technology,Chairs,Chairs Product PROD-91188,2944.32,10,0.15,2057.59,Critical
ORD-12848,2024-04-01,2024-04-01,First Class,CUS-4689,Customer CUS-4689,Home Office,United States,City_90,Florida,South,PROD-50181,Office Supplies,Bookcases,Bookcases Product PROD-50181,2627.04,9,0.00,2486.60,Medium
ORD-12849,2024-01-08,2024-01-08,Same Day,CUS-2380,Customer CUS-2380,Home Office,United States,City_41,California,West,PROD-39819,Furniture,Copiers,Copiers Product PROD-39819,1256.41,3,0.00,966.66,Medium
ORD-12850,2024-04-08,2024-04-08,Standard Class,CUS-7478,Customer CUS-7478,Home Office,United States,City_70,Washington,West,PROD-31557,Furniture,Paper,Paper Product PROD-31557,270.41,1,0.00,218.68,Medium
ORD-12851,2022-04-25,2022-04-25,First Class,CUS-2878,Customer CUS-2878,Home Office,United States,City_0,Florida,Central,PROD-38786,Technology,Laptops,Laptops Product PROD-38786,150.40,1,0.00,93.73,Medium
ORD-12852,2022-01-03,2022-01-03,Second Class,CUS-3907,Customer CUS-3907,Consumer,United States,City_23,Illinois,Central,PROD-39385,Office Supplies,Laptops,Laptops Product PROD-39385,936.62,6,0.00,874.74,Low
ORD-12853,2022-11-01,2022-11-01,First Class,CUS-3947,Customer CUS-3947,Home Office,United States,City_72,Illinois,East,PROD-19598,Furniture,Copiers,Copiers Product PROD-19598,842.43,3,0.00,746.37,Critical
ORD-12854,2024-12-06,2024-12-06,First Class,CUS-5651,Customer CUS-5651,Consumer,United States,City_80,New York,West,PROD-84122,Technology,Chairs,Chairs Product PROD-84122,457.51,1,0.00,388.43,High
ORD-12855,2024-06-07,2024-06-07,Second Class,CUS-4180,Customer CUS-4180,Home Office,United States,City_86,Washington,East,PROD-39672,Furniture,Laptops,Laptops Product PROD-39672,394.96,2,0.00,256.00,Low
ORD-12856,2024-05-25,2024-05-25,Same Day,CUS-7147,Customer CUS-7147,Consumer,United States,City_16,Ohio,South,PROD-62073,Furniture,Chairs,Chairs Product PROD-62073,1796.04,4,0.05,1305.90,Medium
ORD-12857,2022-02-08,2022-02-08,Second Class,CUS-6476,Customer CUS-6476,Consumer,United States,City_53,Ohio,West,PROD-92530,Office Supplies,Chairs,Chairs Product PROD-92530,1478.62,9,0.00,1282.33,Low
ORD-12858,2022-10-07,2022-10-07,Same Day,CUS-8312,Customer CUS-8312,Consumer,United States,City_23,California,East,PROD-95142,Furniture,Tables,Tables Product PROD-95142,315.31,1,0.10,254.86,Low
ORD-12859,2023-09-17,2023-09-17,Standard Class,CUS-5553,Customer CUS-5553,Consumer,United States,City_58,Illinois,Central,PROD-93319,Technology,Tables,Tables Product PROD-93319,4197.95,10,0.10,3488.70,High
ORD-12860,2023-12-26,2023-12-26,Standard Class,CUS-8869,Customer CUS-8869,Corporate,United States,City_71,Georgia,East,PROD-63700,Furniture,Phones,Phones Product PROD-63700,111.95,1,0.00,75.03,Medium
ORD-12861,2022-06-26,2022-06-26,Standard Class,CUS-8529,Customer CUS-8529,Corporate,United States,City_59,Ohio,Central,PROD-47790,Furniture,Accessories,Accessories Product PROD-47790,215.55,1,0.00,189.71,High
ORD-12862,2022-03-08,2022-03-08,Standard Class,CUS-8738,Customer CUS-8738,Corporate,United States,City_31,Virginia,Central,PROD-10463,Technology,Phones,Phones Product PROD-10463,629.39,2,0.15,523.94,High
ORD-12863,2024-04-10,2024-04-10,Same Day,CUS-7885,Customer CUS-7885,Consumer,United States,City_12,Georgia,West,PROD-37282,Furniture,Phones,Phones Product PROD-37282,1643.16,4,0.00,1096.72,Low
ORD-12864,2022-10-11,2022-10-11,Second Class,CUS-4298,Customer CUS-4298,Consumer,United States,City_46,Washington,East,PROD-45292,Technology,Binders,Binders Product PROD-45292,599.51,2,0.00,496.86,Medium
ORD-12865,2024-09-17,2024-09-17,Standard Class,CUS-9124,Customer CUS-9124,Corporate,United States,City_18,Texas,East,PROD-50545,Furniture,Accessories,Accessories Product PROD-50545,972.26,6,0.00,784.36,Critical
ORD-12866,2024-12-07,2024-12-07,Standard Class,CUS-6700,Customer CUS-6700,Home Office,United States,City_79,Ohio,West,PROD-94487,Furniture,Paper,Paper Product PROD-94487,985.54,9,0.00,767.10,Medium
ORD-12867,2023-12-17,2023-12-17,Standard Class,CUS-1294,Customer CUS-1294,Consumer,United States,City_36,Pennsylvania,West,PROD-96263,Technology,Accessories,Accessories Product PROD-96263,1049.48,10,0.00,763.16,Low
ORD-12868,2022-03-01,2022-03-01,First Class,CUS-9456,Customer CUS-9456,Corporate,United States,City_48,Ohio,Central,PROD-95471,Furniture,Phones,Phones Product PROD-95471,608.23,4,0.00,562.22,Medium
ORD-12869,2023-02-23,2023-02-23,First Class,CUS-7768,Customer CUS-7768,Corporate,United States,City_86,Pennsylvania,Central,PROD-42757,Technology,Paper,Paper Product PROD-42757,964.05,6,0.10,693.81,Critical
ORD-12870,2024-10-13,2024-10-13,Second Class,CUS-4722,Customer CUS-4722,Home Office,United States,City_46,Ohio,West,PROD-14996,Furniture,Bookcases,Bookcases Product PROD-14996,2709.86,7,0.00,2486.34,Medium
ORD-12871,2022-05-07,2022-05-07,Standard Class,CUS-6345,Customer CUS-6345,Consumer,United States,City_97,New York,West,PROD-88308,Furniture,Copiers,Copiers Product PROD-88308,1281.35,8,0.10,866.25,Critical
ORD-12872,2022-04-08,2022-04-08,First Class,CUS-3811,Customer CUS-3811,Corporate,United States,City_24,Virginia,West,PROD-76564,Office Supplies,Binders,Binders Product PROD-76564,1298.93,10,0.20,1179.53,Medium
ORD-12873,2023-12-11,2023-12-11,Second Class,CUS-3314,Customer CUS-3314,Consumer,United States,City_65,Virginia,Central,PROD-52533,Technology,Copiers,Copiers Product PROD-52533,2250.06,8,0.00,1834.89,Low
ORD-12874,2024-04-11,2024-04-11,First Class,CUS-1900,Customer CUS-1900,Home Office,United States,City_44,New York,East,PROD-49790,Office Supplies,Tables,Tables Product PROD-49790,382.81,1,0.15,320.03,Low
ORD-12875,2022-12-24,2022-12-24,Second Class,CUS-3947,Customer CUS-3947,Corporate,United States,City_82,New York,South,PROD-48392,Office Supplies,Phones,Phones Product PROD-48392,1965.02,4,0.00,1284.65,High
ORD-12876,2023-02-04,2023-02-04,Standard Class,CUS-5983,Customer CUS-5983,Corporate,United States,City_78,Washington,Central,PROD-75812,Technology,Binders,Binders Product PROD-75812,1130.12,10,0.00,660.63,High
ORD-12877,2024-07-15,2024-07-15,First Class,CUS-9426,Customer CUS-9426,Corporate,United States,City_60,Texas,Central,PROD-15309,Furniture,Accessories,Accessories Product PROD-15309,2214.87,7,0.00,1446.91,Critical
ORD-12878,2024-11-19,2024-11-19,Second Class,CUS-4466,Customer CUS-4466,Home Office,United States,City_11,Illinois,East,PROD-71514,Furniture,Binders,Binders Product PROD-71514,2753.50,6,0.00,2081.78,Medium
ORD-12879,2022-02-01,2022-02-01,Same Day,CUS-1709,Customer CUS-1709,Home Office,United States,City_2,Pennsylvania,Central,PROD-46978,Office Supplies,Chairs,Chairs Product PROD-46978,1664.34,4,0.00,1497.42,Low
ORD-12880,2023-09-10,2023-09-10,First Class,CUS-1163,Customer CUS-1163,Consumer,United States,City_47,Pennsylvania,East,PROD-74174,Technology,Tables,Tables Product PROD-74174,1198.53,9,0.00,826.73,Low
ORD-12881,2024-05-02,2024-05-02,Same Day,CUS-5019,Customer CUS-5019,Corporate,United States,City_47,Ohio,East,PROD-65624,Office Supplies,Copiers,Copiers Product PROD-65624,356.85,2,0.05,338.67,Low
ORD-12882,2024-03-17,2024-03-17,Second Class,CUS-3651,Customer CUS-3651,Corporate,United States,City_99,California,Central,PROD-64327,Furniture,Binders,Binders Product PROD-64327,1261.08,3,0.05,1030.73,Critical
ORD-12883,2022-01-10,2022-01-10,Standard Class,CUS-9557,Customer CUS-9557,Home Office,United States,City_55,California,East,PROD-35443,Technology,Laptops,Laptops Product PROD-35443,167.23,1,0.05,116.66,Critical
ORD-12884,2022-10-22,2022-10-22,First Class,CUS-4243,Customer CUS-4243,Home Office,United States,City_27,Pennsylvania,Central,PROD-14089,Technology,Tables,Tables Product PROD-14089,441.19,3,0.10,289.83,Medium
ORD-12885,2024-12-02,2024-12-02,Same Day,CUS-3974,Customer CUS-3974,Home Office,United States,City_15,Illinois,West,PROD-90822,Office Supplies,Phones,Phones Product PROD-90822,2514.02,10,0.10,1538.08,Low
ORD-12886,2022-11-11,2022-11-11,First Class,CUS-4857,Customer CUS-4857,Consumer,United States,City_5,Pennsylvania,West,PROD-89572,Office Supplies,Storage,Storage Product PROD-89572,3159.34,7,0.00,2438.62,Critical
ORD-12887,2023-07-02,2023-07-02,Same Day,CUS-9587,Customer CUS-9587,Corporate,United States,City_95,Georgia,South,PROD-82275,Technology,Phones,Phones Product PROD-82275,476.42,1,0.00,426.35,High
ORD-12888,2024-01-16,2024-01-16,First Class,CUS-4924,Customer CUS-4924,Corporate,United States,City_50,California,West,PROD-57597,Furniture,Copiers,Copiers Product PROD-57597,931.05,9,0.00,735.34,Low
ORD-12889,2023-01-01,2023-01-01,Standard Class,CUS-8463,Customer CUS-8463,Consumer,United States,City_12,Georgia,East,PROD-64244,Office Supplies,Binders,Binders Product PROD-64244,2205.19,6,0.00,1304.42,Medium
ORD-12890,2024-08-22,2024-08-22,Standard Class,CUS-3569,Customer CUS-3569,Corporate,United States,City_44,California,Central,PROD-86913,Office Supplies,Binders,Binders Product PROD-86913,1154.70,3,0.05,847.86,Critical
ORD-12891,2023-10-27,2023-10-27,Same Day,CUS-6075,Customer CUS-6075,Consumer,United States,City_73,New York,South,PROD-12736,Technology,Laptops,Laptops Product PROD-12736,2825.50,8,0.15,2229.78,Critical
ORD-12892,2022-02-11,2022-02-11,Same Day,CUS-3112,Customer CUS-3112,Consumer,United States,City_55,Florida,South,PROD-40651,Office Supplies,Binders,Binders Product PROD-40651,3147.01,10,0.05,2253.45,High
ORD-12893,2022-07-11,2022-07-11,Second Class,CUS-4748,Customer CUS-4748,Corporate,United States,City_60,California,West,PROD-55325,Office Supplies,Copiers,Copiers Product PROD-55325,3048.89,7,0.00,1733.85,High
ORD-12894,2024-03-06,2024-03-06,Standard Class,CUS-5952,Customer CUS-5952,Consumer,United States,City_88,Washington,South,PROD-66070,Office Supplies,Tables,Tables Product PROD-66070,2003.15,10,0.20,1339.09,Critical
ORD-12895,2023-11-16,2023-11-16,Standard Class,CUS-1565,Customer CUS-1565,Corporate,United States,City_53,Ohio,East,PROD-30728,Office Supplies,Paper,Paper Product PROD-30728,974.65,2,0.00,742.84,Low
ORD-12896,2023-10-28,2023-10-28,Same Day,CUS-6378,Customer CUS-6378,Consumer,United States,City_34,Washington,Central,PROD-39598,Office Supplies,Tables,Tables Product PROD-39598,2669.67,8,0.00,1787.39,Critical
ORD-12897,2022-08-13,2022-08-13,Same Day,CUS-6955,Customer CUS-6955,Home Office,United States,City_74,Georgia,Central,PROD-85136,Furniture,Binders,Binders Product PROD-85136,404.60,5,0.05,322.90,Critical
ORD-12898,2022-09-08,2022-09-08,Second Class,CUS-6368,Customer CUS-6368,Home Office,United States,City_78,Illinois,West,PROD-87811,Furniture,Accessories,Accessories Product PROD-87811,138.12,1,0.00,126.08,Low
ORD-12899,2022-08-25,2022-08-25,Second Class,CUS-7476,Customer CUS-7476,Corporate,United States,City_3,California,Central,PROD-78779,Office Supplies,Tables,Tables Product PROD-78779,229.24,1,0.10,212.70,Critical
ORD-12900,2023-08-16,2023-08-16,Same Day,CUS-4692,Customer CUS-4692,Corporate,United States,City_16,Florida,Central,PROD-83818,Technology,Binders,Binders Product PROD-83818,931.41,2,0.00,613.14,Low
ORD-12901,2023-10-07,2023-10-07,Second Class,CUS-1005,Customer CUS-1005,Corporate,United States,City_96,New York,South,PROD-81134,Technology,Bookcases,Bookcases Product PROD-81134,981.84,3,0.00,918.93,High
ORD-12902,2023-04-22,2023-04-22,Same Day,CUS-6214,Customer CUS-6214,Corporate,United States,City_74,Ohio,West,PROD-46288,Office Supplies,Chairs,Chairs Product PROD-46288,2821.16,8,0.05,1950.80,Low
ORD-12903,2024-09-03,2024-09-03,First Class,CUS-8992,Customer CUS-8992,Home Office,United States,City_27,California,Central,PROD-52929,Technology,Laptops,Laptops Product PROD-52929,183.83,1,0.10,109.47,Medium
ORD-12904,2023-06-04,2023-06-04,Same Day,CUS-5671,Customer CUS-5671,Consumer,United States,City_24,Illinois,South,PROD-97746,Furniture,Phones,Phones Product PROD-97746,1595.82,8,0.00,1213.60,Low
ORD-12905,2022-05-09,2022-05-09,Same Day,CUS-7979,Customer CUS-7979,Consumer,United States,City_0,Georgia,Central,PROD-88851,Office Supplies,Storage,Storage Product PROD-88851,899.71,4,0.00,668.83,Low
ORD-12906,2023-08-13,2023-08-13,First Class,CUS-4805,Customer CUS-4805,Corporate,United States,City_54,California,South,PROD-70152,Furniture,Storage,Storage Product PROD-70152,177.17,7,0.00,153.85,Critical
ORD-12907,2022-12-27,2022-12-27,First Class,CUS-8465,Customer CUS-8465,Home Office,United States,City_53,California,West,PROD-64744,Furniture,Tables,Tables Product PROD-64744,328.52,3,0.20,193.89,Critical
ORD-12908,2023-08-10,2023-08-10,First Class,CUS-9996,Customer CUS-9996,Consumer,United States,City_56,Pennsylvania,East,PROD-84084,Furniture,Laptops,Laptops Product PROD-84084,2083.67,9,0.00,1779.77,Low
ORD-12909,2024-08-16,2024-08-16,Same Day,CUS-2518,Customer CUS-2518,Home Office,United States,City_47,Illinois,South,PROD-49322,Furniture,Binders,Binders Product PROD-49322,601.91,9,0.00,413.22,High
ORD-12910,2022-07-08,2022-07-08,First Class,CUS-1946,Customer CUS-1946,Consumer,United States,City_86,Virginia,Central,PROD-97675,Office Supplies,Binders,Binders Product PROD-97675,1836.91,10,0.00,1741.33,Medium
ORD-12911,2023-09-22,2023-09-22,First Class,CUS-2984,Customer CUS-2984,Consumer,United States,City_47,New York,West,PROD-62279,Furniture,Laptops,Laptops Product PROD-62279,3141.40,7,0.00,2316.72,High
ORD-12912,2023-09-14,2023-09-14,Second Class,CUS-5109,Customer CUS-5109,Consumer,United States,City_18,Illinois,Central,PROD-54546,Furniture,Storage,Storage Product PROD-54546,405.19,10,0.05,355.17,Critical
ORD-12913,2024-02-08,2024-02-08,First Class,CUS-8525,Customer CUS-8525,Corporate,United States,City_74,Washington,West,PROD-27668,Office Supplies,Paper,Paper Product PROD-27668,2881.58,8,0.00,1896.47,Low
ORD-12914,2024-07-10,2024-07-10,Standard Class,CUS-8612,Customer CUS-8612,Corporate,United States,City_4,Georgia,Central,PROD-77666,Furniture,Copiers,Copiers Product PROD-77666,2696.21,7,0.00,2183.26,Medium
ORD-12915,2023-01-03,2023-01-03,Second Class,CUS-3641,Customer CUS-3641,Home Office,United States,City_13,New York,Central,PROD-53942,Technology,Paper,Paper Product PROD-53942,1249.61,3,0.00,922.99,Critical
ORD-12916,2022-01-01,2022-01-01,First Class,CUS-7803,Customer CUS-7803,Corporate,United States,City_0,Florida,West,PROD-68676,Technology,Bookcases,Bookcases Product PROD-68676,95.99,2,0.05,58.00,Medium
ORD-12917,2022-02-14,2022-02-14,Same Day,CUS-9837,Customer CUS-9837,Corporate,United States,City_70,Texas,East,PROD-93926,Office Supplies,Laptops,Laptops Product PROD-93926,379.73,1,0.00,343.25,Medium
ORD-12918,2024-05-11,2024-05-11,First Class,CUS-1296,Customer CUS-1296,Corporate,United States,City_31,California,Central,PROD-14188,Technology,Paper,Paper Product PROD-14188,217.82,1,0.00,131.74,Medium
ORD-12919,2023-07-28,2023-07-28,First Class,CUS-9195,Customer CUS-9195,Corporate,United States,City_89,Virginia,East,PROD-16540,Office Supplies,Tables,Tables Product PROD-16540,86.99,1,0.15,60.52,Critical
ORD-12920,2024-10-06,2024-10-06,Second Class,CUS-3191,Customer CUS-3191,Corporate,United States,City_24,Illinois,South,PROD-66704,Furniture,Laptops,Laptops Product PROD-66704,484.26,1,0.00,392.33,High
ORD-12921,2022-01-17,2022-01-17,Standard Class,CUS-7031,Customer CUS-7031,Home Office,United States,City_74,Pennsylvania,South,PROD-68750,Technology,Binders,Binders Product PROD-68750,2034.33,6,0.20,1696.88,Low
ORD-12922,2022-02-13,2022-02-13,Same Day,CUS-1577,Customer CUS-1577,Home Office,United States,City_7,New York,South,PROD-25214,Office Supplies,Bookcases,Bookcases Product PROD-25214,768.44,2,0.00,447.62,Critical
ORD-12923,2024-10-21,2024-10-21,First Class,CUS-4306,Customer CUS-4306,Corporate,United States,City_47,Virginia,West,PROD-51583,Office Supplies,Bookcases,Bookcases Product PROD-51583,2807.40,7,0.00,1798.93,Critical
ORD-12924,2022-03-24,2022-03-24,Standard Class,CUS-1143,Customer CUS-1143,Home Office,United States,City_83,California,Central,PROD-17552,Technology,Bookcases,Bookcases Product PROD-17552,32.82,1,0.00,25.97,Critical
ORD-12925,2024-03-07,2024-03-07,First Class,CUS-7232,Customer CUS-7232,Corporate,United States,City_38,Illinois,East,PROD-54174,Furniture,Storage,Storage Product PROD-54174,2600.50,7,0.10,2360.64,Critical
ORD-12926,2024-11-24,2024-11-24,First Class,CUS-9212,Customer CUS-9212,Consumer,United States,City_24,Virginia,West,PROD-68852,Furniture,Laptops,Laptops Product PROD-68852,1904.63,5,0.00,1172.35,Medium
ORD-12927,2022-07-25,2022-07-25,Same Day,CUS-4152,Customer CUS-4152,Consumer,United States,City_77,New York,South,PROD-64232,Office Supplies,Paper,Paper Product PROD-64232,1877.97,5,0.00,1391.51,Medium
ORD-12928,2023-10-16,2023-10-16,Standard Class,CUS-2900,Customer CUS-2900,Consumer,United States,City_23,Pennsylvania,South,PROD-60825,Office Supplies,Accessories,Accessories Product PROD-60825,1154.98,6,0.00,1096.39,Low
ORD-12929,2023-01-27,2023-01-27,Same Day,CUS-5924,Customer CUS-5924,Corporate,United States,City_68,Virginia,East,PROD-41578,Furniture,Chairs,Chairs Product PROD-41578,1014.46,10,0.20,730.51,Medium
ORD-12930,2022-06-17,2022-06-17,Standard Class,CUS-2516,Customer CUS-2516,Corporate,United States,City_48,Ohio,East,PROD-63456,Office Supplies,Laptops,Laptops Product PROD-63456,386.30,1,0.00,294.67,High
ORD-12931,2024-11-09,2024-11-09,Standard Class,CUS-6918,Customer CUS-6918,Consumer,United States,City_47,Washington,West,PROD-52083,Technology,Binders,Binders Product PROD-52083,1618.12,7,0.00,1222.03,High
ORD-12932,2023-02-05,2023-02-05,Standard Class,CUS-7818,Customer CUS-7818,Consumer,United States,City_36,Georgia,South,PROD-55397,Furniture,Chairs,Chairs Product PROD-55397,252.48,2,0.05,226.34,Medium
ORD-12933,2023-01-22,2023-01-22,Second Class,CUS-3154,Customer CUS-3154,Consumer,United States,City_18,Virginia,West,PROD-59934,Furniture,Laptops,Laptops Product PROD-59934,291.83,1,0.00,206.94,Critical
ORD-12934,2022-06-04,2022-06-04,Second Class,CUS-6652,Customer CUS-6652,Consumer,United States,City_73,Georgia,West,PROD-54474,Office Supplies,Binders,Binders Product PROD-54474,3508.05,10,0.00,3204.68,Low
ORD-12935,2024-12-09,2024-12-09,Second Class,CUS-8628,Customer CUS-8628,Consumer,United States,City_53,Virginia,Central,PROD-86797,Furniture,Chairs,Chairs Product PROD-86797,4005.64,10,0.00,3506.08,Low
ORD-12936,2022-01-24,2022-01-24,First Class,CUS-3857,Customer CUS-3857,Home Office,United States,City_33,Texas,West,PROD-90466,Technology,Tables,Tables Product PROD-90466,202.16,7,0.10,144.23,Medium
ORD-12937,2024-07-28,2024-07-28,Second Class,CUS-8508,Customer CUS-8508,Home Office,United States,City_73,Ohio,South,PROD-39717,Furniture,Paper,Paper Product PROD-39717,1874.80,6,0.00,1476.82,Low
ORD-12938,2024-04-14,2024-04-14,First Class,CUS-4495,Customer CUS-4495,Corporate,United States,City_26,New York,West,PROD-18526,Furniture,Paper,Paper Product PROD-18526,172.65,8,0.10,121.46,Medium
ORD-12939,2023-05-01,2023-05-01,Standard Class,CUS-4284,Customer CUS-4284,Home Office,United States,City_94,Virginia,Central,PROD-64955,Furniture,Binders,Binders Product PROD-64955,2495.72,6,0.00,2177.11,High
ORD-12940,2023-02-24,2023-02-24,First Class,CUS-9393,Customer CUS-9393,Consumer,United States,City_39,Pennsylvania,West,PROD-29646,Technology,Tables,Tables Product PROD-29646,1942.94,9,0.00,1297.01,High
ORD-12941,2024-04-14,2024-04-14,Same Day,CUS-1721,Customer CUS-1721,Corporate,United States,City_67,Pennsylvania,East,PROD-94565,Furniture,Paper,Paper Product PROD-94565,1908.95,6,0.00,1307.94,Low
ORD-12942,2023-07-17,2023-07-17,Same Day,CUS-8177,Customer CUS-8177,Corporate,United States,City_41,Pennsylvania,South,PROD-12189,Office Supplies,Copiers,Copiers Product PROD-12189,1233.60,10,0.05,1116.91,Low
ORD-12943,2024-04-23,2024-04-23,First Class,CUS-7833,Customer CUS-7833,Consumer,United States,City_33,Illinois,Central,PROD-97620,Office Supplies,Paper,Paper Product PROD-97620,819.13,6,0.00,719.47,Low
ORD-12944,2022-03-15,2022-03-15,Same Day,CUS-5958,Customer CUS-5958,Home Office,United States,City_27,Washington,East,PROD-14437,Furniture,Accessories,Accessories Product PROD-14437,3663.21,10,0.00,2662.85,Medium
ORD-12945,2024-06-17,2024-06-17,Standard Class,CUS-6084,Customer CUS-6084,Home Office,United States,City_93,California,East,PROD-41467,Office Supplies,Accessories,Accessories Product PROD-41467,342.15,6,0.05,248.66,Low
ORD-12946,2022-04-10,2022-04-10,Second Class,CUS-4531,Customer CUS-4531,Consumer,United States,City_64,Illinois,East,PROD-74618,Office Supplies,Copiers,Copiers Product PROD-74618,562.72,6,0.10,474.93,Medium
ORD-12947,2023-08-07,2023-08-07,Same Day,CUS-6340,Customer CUS-6340,Corporate,United States,City_1,California,Central,PROD-81976,Furniture,Bookcases,Bookcases Product PROD-81976,887.72,2,0.00,493.27,Medium
ORD-12948,2023-04-26,2023-04-26,Second Class,CUS-6818,Customer CUS-6818,Corporate,United States,City_68,California,Central,PROD-62439,Office Supplies,Storage,Storage Product PROD-62439,274.98,1,0.00,219.45,Medium
ORD-12949,2024-02-10,2024-02-10,First Class,CUS-2115,Customer CUS-2115,Corporate,United States,City_43,Texas,West,PROD-52618,Technology,Binders,Binders Product PROD-52618,3032.88,10,0.00,2430.50,Critical
ORD-12950,2022-02-19,2022-02-19,Same Day,CUS-3241,Customer CUS-3241,Corporate,United States,City_74,Texas,South,PROD-97092,Office Supplies,Accessories,Accessories Product PROD-97092,208.24,8,0.00,176.84,Critical
ORD-12951,2024-04-07,2024-04-07,Same Day,CUS-7317,Customer CUS-7317,Consumer,United States,City_48,Pennsylvania,South,PROD-22790,Technology,Paper,Paper Product PROD-22790,842.27,5,0.00,781.71,Low
ORD-12952,2024-05-24,2024-05-24,Second Class,CUS-8335,Customer CUS-8335,Home Office,United States,City_63,Washington,East,PROD-31229,Furniture,Binders,Binders Product PROD-31229,3285.11,10,0.00,3057.63,Medium
ORD-12953,2024-03-26,2024-03-26,Standard Class,CUS-1324,Customer CUS-1324,Corporate,United States,City_91,Florida,South,PROD-47730,Furniture,Storage,Storage Product PROD-47730,723.40,2,0.10,463.65,Low
ORD-12954,2023-03-22,2023-03-22,Standard Class,CUS-1151,Customer CUS-1151,Corporate,United States,City_99,Virginia,West,PROD-12245,Office Supplies,Bookcases,Bookcases Product PROD-12245,608.93,8,0.00,355.34,Low
ORD-12955,2023-08-04,2023-08-04,First Class,CUS-5895,Customer CUS-5895,Corporate,United States,City_53,Ohio,West,PROD-43321,Office Supplies,Chairs,Chairs Product PROD-43321,74.49,1,0.00,49.22,Medium
ORD-12956,2022-11-10,2022-11-10,Standard Class,CUS-4286,Customer CUS-4286,Consumer,United States,City_78,California,West,PROD-40287,Technology,Tables,Tables Product PROD-40287,4247.26,10,0.00,4030.94,Medium
ORD-12957,2022-06-26,2022-06-26,Same Day,CUS-3578,Customer CUS-3578,Home Office,United States,City_24,Illinois,South,PROD-53369,Furniture,Copiers,Copiers Product PROD-53369,1869.12,8,0.00,1748.07,High
ORD-12958,2022-02-11,2022-02-11,Second Class,CUS-7346,Customer CUS-7346,Corporate,United States,City_96,Pennsylvania,East,PROD-64830,Furniture,Bookcases,Bookcases Product PROD-64830,604.69,9,0.00,504.96,Critical
ORD-12959,2024-07-05,2024-07-05,First Class,CUS-6890,Customer CUS-6890,Home Office,United States,City_91,Illinois,East,PROD-63446,Furniture,Binders,Binders Product PROD-63446,1691.07,7,0.00,1474.63,Critical
ORD-12960,2024-03-25,2024-03-25,Second Class,CUS-5385,Customer CUS-5385,Consumer,United States,City_98,Texas,East,PROD-55377,Technology,Laptops,Laptops Product PROD-55377,1154.03,4,0.00,829.79,Low
ORD-12961,2024-02-02,2024-02-02,Second Class,CUS-6856,Customer CUS-6856,Home Office,United States,City_4,Texas,East,PROD-24570,Technology,Phones,Phones Product PROD-24570,1100.86,10,0.20,800.33,High
ORD-12962,2023-07-18,2023-07-18,First Class,CUS-2314,Customer CUS-2314,Home Office,United States,City_87,Florida,West,PROD-25986,Office Supplies,Chairs,Chairs Product PROD-25986,12.27,2,0.00,9.13,Medium
ORD-12963,2022-03-10,2022-03-10,Second Class,CUS-5481,Customer CUS-5481,Corporate,United States,City_44,Florida,South,PROD-47139,Office Supplies,Chairs,Chairs Product PROD-47139,2069.00,9,0.00,1643.97,Low
ORD-12964,2022-05-02,2022-05-02,First Class,CUS-3167,Customer CUS-3167,Corporate,United States,City_13,Illinois,Central,PROD-68693,Office Supplies,Paper,Paper Product PROD-68693,246.93,9,0.00,163.54,Medium
ORD-12965,2024-11-24,2024-11-24,First Class,CUS-3313,Customer CUS-3313,Consumer,United States,City_13,California,Central,PROD-33296,Office Supplies,Binders,Binders Product PROD-33296,273.25,6,0.10,177.04,Critical
ORD-12966,2022-11-26,2022-11-26,Second Class,CUS-5959,Customer CUS-5959,Consumer,United States,City_33,Illinois,West,PROD-60330,Furniture,Binders,Binders Product PROD-60330,741.89,3,0.00,555.22,Low
ORD-12967,2024-08-09,2024-08-09,Standard Class,CUS-5927,Customer CUS-5927,Home Office,United States,City_0,New York,South,PROD-87127,Technology,Tables,Tables Product PROD-87127,832.33,10,0.00,595.08,High
ORD-12968,2022-09-26,2022-09-26,Standard Class,CUS-5387,Customer CUS-5387,Consumer,United States,City_89,Ohio,Central,PROD-56773,Technology,Binders,Binders Product PROD-56773,1445.46,4,0.20,1027.04,Low
ORD-12969,2023-02-04,2023-02-04,Same Day,CUS-9954,Customer CUS-9954,Home Office,United States,City_56,Virginia,East,PROD-15861,Furniture,Bookcases,Bookcases Product PROD-15861,105.67,2,0.00,80.53,Low
ORD-12970,2022-08-04,2022-08-04,Standard Class,CUS-6725,Customer CUS-6725,Consumer,United States,City_87,New York,East,PROD-88569,Furniture,Laptops,Laptops Product PROD-88569,1451.84,5,0.00,821.36,High
ORD-12971,2022-12-04,2022-12-04,Standard Class,CUS-2656,Customer CUS-2656,Corporate,United States,City_76,Texas,Central,PROD-44441,Office Supplies,Storage,Storage Product PROD-44441,1083.98,5,0.00,756.85,High
ORD-12972,2024-07-13,2024-07-13,First Class,CUS-4034,Customer CUS-4034,Consumer,United States,City_75,Ohio,Central,PROD-16150,Office Supplies,Accessories,Accessories Product PROD-16150,1549.38,4,0.00,1244.78,Critical
ORD-12973,2023-03-17,2023-03-17,Same Day,CUS-9895,Customer CUS-9895,Home Office,United States,City_85,Florida,East,PROD-90622,Office Supplies,Binders,Binders Product PROD-90622,1125.11,6,0.00,742.34,Critical
ORD-12974,2023-05-20,2023-05-20,Standard Class,CUS-7828,Customer CUS-7828,Consumer,United States,City_40,California,South,PROD-81026,Office Supplies,Bookcases,Bookcases Product PROD-81026,43.13,4,0.00,27.63,Critical
ORD-12975,2022-12-23,2022-12-23,Standard Class,CUS-7365,Customer CUS-7365,Corporate,United States,City_75,Texas,South,PROD-93282,Furniture,Storage,Storage Product PROD-93282,2416.27,5,0.00,2012.11,Low
ORD-12976,2023-10-15,2023-10-15,First Class,CUS-3633,Customer CUS-3633,Consumer,United States,City_29,Pennsylvania,West,PROD-62090,Office Supplies,Accessories,Accessories Product PROD-62090,3598.66,9,0.00,2854.86,Critical
ORD-12977,2024-03-17,2024-03-17,Standard Class,CUS-5613,Customer CUS-5613,Corporate,United States,City_9,Virginia,Central,PROD-72763,Furniture,Bookcases,Bookcases Product PROD-72763,217.60,1,0.00,168.32,Low
ORD-12978,2023-10-10,2023-10-10,Standard Class,CUS-9195,Customer CUS-9195,Home Office,United States,City_35,Ohio,South,PROD-46378,Furniture,Bookcases,Bookcases Product PROD-46378,588.79,2,0.00,368.93,Critical
ORD-12979,2024-10-25,2024-10-25,Second Class,CUS-6046,Customer CUS-6046,Consumer,United States,City_96,Pennsylvania,Central,PROD-20766,Technology,Binders,Binders Product PROD-20766,61.66,6,0.00,50.21,Low
ORD-12980,2022-08-14,2022-08-14,Second Class,CUS-8997,Customer CUS-8997,Consumer,United States,City_1,New York,South,PROD-29553,Technology,Tables,Tables Product PROD-29553,113.35,10,0.00,88.98,Medium
ORD-12981,2024-11-09,2024-11-09,First Class,CUS-4781,Customer CUS-4781,Home Office,United States,City_43,Virginia,South,PROD-60084,Furniture,Paper,Paper Product PROD-60084,864.81,6,0.00,606.96,High
ORD-12982,2022-07-20,2022-07-20,Second Class,CUS-9349,Customer CUS-9349,Corporate,United States,City_81,Georgia,Central,PROD-28134,Furniture,Paper,Paper Product PROD-28134,353.62,2,0.00,294.71,Critical
ORD-12983,2023-06-13,2023-06-13,Standard Class,CUS-9935,Customer CUS-9935,Consumer,United States,City_8,Washington,Central,PROD-50189,Office Supplies,Accessories,Accessories Product PROD-50189,1733.00,8,0.15,954.85,Critical
ORD-12984,2024-07-18,2024-07-18,Standard Class,CUS-8406,Customer CUS-8406,Consumer,United States,City_98,Virginia,West,PROD-25931,Office Supplies,Chairs,Chairs Product PROD-25931,459.42,8,0.15,322.26,Medium
ORD-12985,2024-08-12,2024-08-12,Standard Class,CUS-8700,Customer CUS-8700,Corporate,United States,City_34,Washington,South,PROD-33783,Furniture,Binders,Binders Product PROD-33783,112.23,2,0.00,98.29,Low
ORD-12986,2022-12-06,2022-12-06,Second Class,CUS-4322,Customer CUS-4322,Home Office,United States,City_94,California,South,PROD-88227,Furniture,Copiers,Copiers Product PROD-88227,601.90,8,0.05,400.14,Medium
ORD-12987,2023-09-18,2023-09-18,First Class,CUS-9041,Customer CUS-9041,Home Office,United States,City_46,New York,South,PROD-86828,Office Supplies,Storage,Storage Product PROD-86828,390.86,1,0.00,252.31,Low
ORD-12988,2023-02-05,2023-02-05,Standard Class,CUS-1385,Customer CUS-1385,Consumer,United States,City_38,Georgia,West,PROD-18712,Technology,Bookcases,Bookcases Product PROD-18712,3021.31,7,0.00,2625.12,High
ORD-12989,2022-06-01,2022-06-01,Second Class,CUS-8989,Customer CUS-8989,Consumer,United States,City_26,Virginia,South,PROD-50647,Technology,Phones,Phones Product PROD-50647,144.16,1,0.00,120.56,Medium
ORD-12990,2022-12-21,2022-12-21,Second Class,CUS-8475,Customer CUS-8475,Consumer,United States,City_3,Florida,East,PROD-40372,Technology,Bookcases,Bookcases Product PROD-40372,2347.70,6,0.00,1990.47,Low
ORD-12991,2023-10-09,2023-10-09,First Class,CUS-7940,Customer CUS-7940,Home Office,United States,City_61,Ohio,South,PROD-84182,Furniture,Copiers,Copiers Product PROD-84182,228.92,1,0.00,140.84,Critical
ORD-12992,2024-05-24,2024-05-24,Second Class,CUS-2549,Customer CUS-2549,Home Office,United States,City_6,Ohio,West,PROD-75749,Furniture,Tables,Tables Product PROD-75749,315.40,3,0.10,272.84,Critical
ORD-12993,2023-06-12,2023-06-12,Second Class,CUS-3161,Customer CUS-3161,Home Office,United States,City_77,Illinois,West,PROD-85650,Furniture,Laptops,Laptops Product PROD-85650,2719.03,8,0.20,1629.40,Medium
ORD-12994,2022-10-10,2022-10-10,Second Class,CUS-1686,Customer CUS-1686,Consumer,United States,City_80,Illinois,Central,PROD-67861,Technology,Copiers,Copiers Product PROD-67861,900.00,3,0.05,727.36,Low
ORD-12995,2024-07-25,2024-07-25,Same Day,CUS-7310,Customer CUS-7310,Home Office,United States,City_0,Florida,Central,PROD-98153,Furniture,Storage,Storage Product PROD-98153,373.81,2,0.00,352.75,High
ORD-12996,2023-04-13,2023-04-13,Same Day,CUS-1825,Customer CUS-1825,Home Office,United States,City_17,Illinois,West,PROD-93981,Office Supplies,Tables,Tables Product PROD-93981,2630.65,10,0.00,1704.96,Medium
ORD-12997,2022-01-11,2022-01-11,First Class,CUS-4328,Customer CUS-4328,Consumer,United States,City_61,Florida,West,PROD-89420,Furniture,Laptops,Laptops Product PROD-89420,1169.19,3,0.00,1081.72,High
ORD-12998,2024-10-23,2024-10-23,Second Class,CUS-7497,Customer CUS-7497,Consumer,United States,City_84,Pennsylvania,Central,PROD-34140,Office Supplies,Storage,Storage Product PROD-34140,1878.95,4,0.00,1750.58,High
ORD-12999,2024-01-07,2024-01-07,First Class,CUS-2065,Customer CUS-2065,Corporate,United States,City_68,Illinois,West,PROD-33666,Technology,Phones,Phones Product PROD-33666,403.27,10,0.10,375.36,Medium
